Rk,Player,Nation,Pos,Squad,Age,Born,90s,CrdY,CrdR,2CrdY,Fls,Fld,Off,Crs,Int,TklW,PKwon,PKcon,OG,Recov,Won,Lost,Won%,Matches
1,Sabit Abdulai\Sabit-Abdulai,gh GHA,MF,Getafe,22-008,1999,0.6,0,0,0,0,1,0,1,1,0,0,0,0,4,0,1,0.0,Matches
2,Marcos Acuña\Marcos-Acuna,ar ARG,DF,Sevilla,29-203,1991,25.9,5,0,0,45,33,2,81,25,47,0,2,0,215,19,31,38.0,Matches
3,Bobby Adekanye\Bobby-Adekanye,nl NED,FWMF,Cádiz,22-094,1999,0.4,0,0,0,1,0,0,2,0,0,0,0,0,4,0,0,,Matches
4,Martin Agirregabiria\Martin-Agirregabiria,es ESP,DFMF,Alavés,25-009,1996,17.3,1,0,0,24,24,1,22,34,16,0,0,0,126,25,24,51.0,Matches
5,Joseph Aidoo\Joseph-Aidoo,gh GHA,DF,Celta Vigo,25-232,1995,14.3,3,0,0,13,14,1,1,16,17,0,0,0,153,49,42,53.8,Matches
6,Carlos Akapo\Carlos-Akapo,gq EQG,DF,Cádiz,28-068,1993,8.6,3,1,1,9,3,0,15,11,9,0,0,0,77,17,6,73.9,Matches
7,Paul Akouokou\Paul-Akouokou,ci CIV,MF,Betis,23-150,1997,4.2,5,1,1,11,2,0,2,6,8,0,0,0,37,8,8,50.0,Matches
8,Jony Álamo\Jony-Alamo,es ESP,MF,Elche,19-236,2001,0.8,0,0,0,0,2,0,0,0,1,0,0,0,7,0,1,0.0,Matches
9,Jordi Alba\Jordi-Alba,es ESP,DF,Barcelona,32-059,1989,33.1,9,0,0,21,15,10,112,43,24,0,0,1,289,7,14,33.3,Matches
10,Raúl Albiol\Raul-Albiol,es ESP,DF,Villarreal,35-257,1985,33.6,7,0,0,13,17,1,3,23,20,0,1,0,300,64,47,57.7,Matches
11,Paco Alcácer\Paco-Alcacer,es ESP,FW,Villarreal,27-262,1993,17.0,0,0,0,7,8,18,5,7,4,0,0,0,42,9,46,16.4,Matches
12,Pedro Alcalá\Pedro-Alcala,es ESP,DF,Cádiz,32-061,1989,9.4,2,0,0,12,5,1,0,19,7,0,0,1,53,19,17,52.8,Matches
13,Rubén Alcaraz\Ruben-Alcaraz,es ESP,MF,Valladolid,30-018,1991,24.1,10,0,0,47,44,0,6,29,37,0,0,0,287,55,55,50.0,Matches
14,Iván Alejo\Ivan-Alejo,es ESP,MFFW,Cádiz,26-098,1995,9.2,5,0,0,29,22,5,46,2,15,0,0,0,59,16,9,64.0,Matches
15,Carles Aleñá\Carles-Alena,es ESP,MF,Barcelona,23-134,1998,0.5,1,0,0,4,0,0,0,0,0,0,0,0,3,2,0,100.0,Matches
16,Carles Aleñá\Carles-Alena,es ESP,MFFW,Getafe,23-134,1998,14.2,1,0,0,19,25,0,21,7,8,0,0,0,108,12,37,24.5,Matches
17,Alfon\Alfon,es ESP,MF,Celta Vigo,22-015,1999,0.4,0,0,0,0,4,0,0,0,0,0,0,0,2,0,0,,Matches
18,Sergio Álvarez\Sergio-Alvarez,es ESP,MFDF,Eibar,29-116,1992,17.1,3,0,0,37,16,0,6,12,23,0,0,0,221,42,46,47.7,Matches
19,Yeray Álvarez\Yeray-Alvarez,es ESP,DF,Athletic Club,26-115,1995,20.6,6,0,0,20,15,0,2,38,18,0,0,0,206,71,43,62.3,Matches
20,Emmanuel Amankwaa Akurugu\Emmanuel-Amankwaa-Akurugu,gh GHA,DF,Getafe,19-180,2001,0.5,0,0,0,0,0,0,0,0,0,0,0,0,2,1,0,100.0,Matches
21,Jon Ander Garrido\Jon-Ander-Garrido,es ESP,MF,Cádiz,31-222,1989,8.5,1,0,0,13,6,0,2,9,15,1,0,0,84,21,31,40.4,Matches
22,Ángel\Angel,es ESP,GK,Granada,18-331,2002,1.0,0,0,0,0,0,0,0,0,0,0,0,0,2,0,0,,Matches
23,Miguel Ángel Rubio\Miguel-Angel-Rubio,es ESP,DF,Valladolid,23-069,1998,1.5,0,0,0,2,1,1,0,0,1,0,0,0,18,10,7,58.8,Matches
24,José Ángel\Jose-Angel,es ESP,DF,Eibar,31-256,1989,10.0,3,0,0,8,4,0,37,12,10,0,0,0,132,17,18,48.6,Matches
25,José Antonio Miranda\Jose-Antonio-Miranda,gq EQG,MFDF,Getafe,22-301,1998,0.3,1,0,0,2,1,0,0,1,0,0,0,0,4,2,0,100.0,Matches
26,Aritz Arambarri\Aritz-Arambarri,es ESP,DF,Real Sociedad,23-108,1998,0.3,0,0,0,0,0,0,0,0,0,0,0,0,4,1,1,50.0,Matches
27,Mauro Arambarri\Mauro-Arambarri,uy URU,MF,Getafe,25-231,1995,33.1,11,0,0,58,74,1,50,54,57,0,0,0,340,55,60,47.8,Matches
28,Néstor Araujo\Nestor-Araujo,mx MEX,DF,Celta Vigo,29-263,1991,26.0,5,0,0,30,4,0,2,34,16,0,0,0,254,61,34,64.2,Matches
29,Ronald Araújo\Ronald-Araujo,uy URU,DF,Barcelona,22-073,1999,15.8,2,0,0,11,18,2,0,12,22,1,1,0,138,50,12,80.6,Matches
30,Anaitz Arbilla\Anaitz-Arbilla,es ESP,DF,Eibar,34-004,1987,30.2,8,0,0,38,12,0,30,53,30,0,2,0,433,82,56,59.4,Matches
31,Unai Arietaleanizbeaskoa\Unai-Arietaleanizbeaskoa,es ESP,FWMF,Eibar,22-138,1999,0.5,1,0,0,3,1,2,0,0,0,0,0,0,1,0,2,0.0,Matches
32,Sergio Arribas\Sergio-Arribas,es ESP,FWDF,Real Madrid,19-231,2001,1.5,1,0,0,1,2,2,1,3,1,0,0,0,13,1,2,33.3,Matches
33,Sergio Asenjo\Sergio-Asenjo,es ESP,GK,Villarreal,31-325,1989,36.0,2,0,0,1,2,0,0,0,0,0,1,0,146,0,0,,Matches
34,Marco Asensio\Marco-Asensio,es ESP,FWMF,Real Madrid,25-118,1996,20.2,1,0,0,5,28,6,74,15,10,0,0,0,117,9,6,60.0,Matches
35,Iago Aspas\Iago-Aspas,es ESP,FW,Celta Vigo,33-291,1987,30.8,8,0,0,23,53,14,39,17,5,0,1,0,148,19,55,25.7,Matches
36,Miguel Atienza\Miguel-Atienza,es ESP,MF,Eibar,21-357,1999,8.3,1,0,0,7,2,0,3,12,18,0,0,0,84,24,17,58.5,Matches
37,Ezequiel Ávila\Ezequiel-Avila,ar ARG,MFFW,Osasuna,27-102,1994,2.2,0,0,0,4,5,2,2,1,2,0,0,0,13,3,8,27.3,Matches
38,Ramon Azeez\Ramon-Azeez,ng NGA,MFDF,Granada,28-158,1992,1.1,0,0,0,1,1,0,1,0,3,0,0,0,12,4,1,80.0,Matches
39,Carlos Bacca\Carlos-Bacca,co COL,FW,Villarreal,34-253,1986,8.0,1,0,0,10,6,6,6,3,7,0,0,0,25,13,21,38.2,Matches
40,Édgar Badía\Edgar-Badia,es ESP,GK,Elche,29-096,1992,30.0,0,0,0,0,4,0,0,0,0,0,0,0,147,0,0,,Matches
41,Alex Baena\Alex-Baena,es ESP,MF,Villarreal,19-303,2001,1.5,0,0,0,2,4,0,3,3,0,0,0,0,5,0,2,0.0,Matches
42,Miguel Baeza\Miguel-Baeza,es ESP,MFFW,Celta Vigo,21-053,2000,5.9,0,0,0,5,8,4,6,6,5,0,0,0,33,10,10,50.0,Matches
43,Mikel Balenziaga\Mikel-Balenziaga,es ESP,DF,Athletic Club,33-079,1988,17.8,0,0,0,17,15,1,24,13,15,0,0,0,142,18,17,51.4,Matches
44,Barcia\Barcia,es ESP,DF,Granada,20-139,2000,1.0,1,0,0,2,1,0,1,1,0,1,0,0,14,4,0,100.0,Matches
45,Enis Bardhi\Enis-Bardhi,mk MKD,MF,Levante,25-321,1995,18.0,4,0,0,25,23,4,33,31,21,0,0,0,145,5,26,16.1,Matches
46,Kike Barja\Kike-Barja,es ESP,MFFW,Osasuna,24-048,1997,15.0,2,0,0,15,23,1,52,21,8,1,0,0,106,24,20,54.5,Matches
47,Marc Baró\Marc-Baro,es ESP,DF,Cádiz,21-269,1999,1.0,0,0,0,1,3,0,2,3,1,0,0,0,5,0,0,,Matches
48,Antonio Barragán\Antonio-Barragan,es ESP,DF,Elche,33-341,1987,23.8,8,0,0,34,26,2,35,30,14,1,1,0,147,29,21,58.0,Matches
49,Ander Barrenetxea\Ander-Barrenetxea,es ESP,MFFW,Real Sociedad,19-143,2001,14.4,7,0,0,41,20,4,28,11,20,0,0,0,100,6,28,17.6,Matches
50,Marc Bartra\Marc-Bartra,es ESP,DF,Betis,30-124,1991,17.8,3,0,0,27,14,2,4,24,10,0,3,0,172,49,30,62.0,Matches
51,Rodrigo Battaglia\Rodrigo-Battaglia,ar ARG,MF,Alavés,29-311,1991,27.5,10,1,0,35,30,1,6,18,32,0,0,0,257,45,24,65.2,Matches
52,Jon Bautista\Jon-Bautista,es ESP,FWMF,Real Sociedad,25-320,1995,4.1,3,0,0,11,6,2,3,2,5,0,0,0,18,22,26,45.8,Matches
53,Fran Beltrán\Fran-Beltran,es ESP,MF,Celta Vigo,22-105,1999,14.6,3,0,0,16,9,0,4,17,19,0,0,0,147,8,23,25.8,Matches
54,Sergio Benito\Sergio-Benito,es ESP,FW,Valladolid,22-057,1999,0.0,0,0,0,0,0,0,0,0,0,0,0,0,0,0,0,,Matches
55,Karim Benzema\Karim-Benzema,fr FRA,FW,Real Madrid,33-151,1987,31.2,2,0,0,18,25,23,25,13,6,0,0,0,106,25,31,44.6,Matches
56,Yuri Berchiche\Yuri-Berchiche,es ESP,DF,Athletic Club,31-098,1990,18.7,3,0,0,18,30,1,64,16,23,1,0,0,176,23,14,62.2,Matches
57,Álex Berenguer\Alex-Berenguer,es ESP,MFFW,Athletic Club,25-319,1995,24.3,4,0,0,48,43,17,62,23,31,1,0,0,146,25,33,43.1,Matches
58,Pedro Bigas\Pedro-Bigas,es ESP,DF,Eibar,30-246,1990,16.8,1,0,0,21,6,0,6,16,12,0,2,0,219,60,25,70.6,Matches
59,Blanco\Blanco,es ESP,MFDF,Real Madrid,20-300,2000,2.4,0,0,0,6,2,0,3,2,3,0,0,0,30,1,5,16.7,Matches
60,Alejandro Blanco\Alejandro-Blanco,es ESP,MF,Valencia,22-154,1998,6.4,1,0,0,4,8,2,6,6,3,0,0,0,41,2,8,20.0,Matches
61,Rubén Blanco\Ruben-Blanco,es ESP,GK,Celta Vigo,25-298,1995,18.2,0,1,0,1,2,0,0,0,0,0,0,0,88,0,0,,Matches
62,Yann Bodiger\Yann-Bodiger,fr FRA,MF,Cádiz,26-099,1995,2.8,0,0,0,9,3,0,1,6,2,0,0,0,29,10,15,40.0,Matches
63,Yassine Bounou\Yassine-Bounou,ma MAR,GK,Sevilla,30-044,1991,33.0,3,0,0,0,4,0,0,0,0,0,0,1,140,0,0,,Matches
64,Lucas Boyé\Lucas-Boye,ar ARG,FW,Elche,25-080,1996,28.9,9,1,1,92,34,9,11,19,26,0,0,0,138,35,136,20.5,Matches
65,Martin Braithwaite\Martin-Braithwaite,dk DEN,FW,Barcelona,29-348,1991,12.6,3,0,0,11,20,14,7,7,6,0,0,0,39,15,14,51.7,Matches
66,Darko Brašanac\Darko-Brasanac,rs SRB,MF,Osasuna,29-096,1992,10.1,4,0,0,26,7,1,11,4,12,0,0,0,84,30,22,57.7,Matches
67,Álvaro Bravo\Alvaro-Bravo,es ESP,MF,Granada,23-104,1998,0.2,0,0,0,0,0,0,0,0,1,0,0,0,2,2,1,66.7,Matches
68,Claudio Bravo\Claudio-Bravo,cl CHI,GK,Betis,38-036,1983,19.0,2,0,0,0,0,0,0,0,0,0,0,0,86,0,0,,Matches
69,Yan Brice Eteki\Yan-Brice-Eteki,cm CMR,MF,Granada,23-266,1997,13.7,3,1,0,44,17,0,1,13,20,0,1,0,115,23,22,51.1,Matches
70,Juan Brunet\Juan-Brunet,ar ARG,MF,Granada,23-115,1998,0.3,0,0,0,1,0,0,0,0,0,0,0,0,2,1,0,100.0,Matches
71,Bryan\Bryan,es ESP,FW,Sevilla,20-097,2001,0.1,0,0,0,1,0,0,0,0,1,0,0,0,1,1,1,50.0,Matches
72,Bryan\Bryan,es ESP,MFFW,Eibar,20-097,2001,24.7,6,0,0,25,43,12,106,15,17,0,0,0,178,13,48,21.3,Matches
73,Ante Budimir\Ante-Budimir,hr CRO,FW,Osasuna,29-301,1991,17.8,3,0,0,29,31,20,5,1,15,0,0,0,76,120,95,55.8,Matches
74,Esteban Burgos\Esteban-Burgos,ar ARG,DF,Eibar,29-130,1992,12.3,5,0,0,14,3,1,0,12,8,0,0,0,176,38,34,52.8,Matches
75,Burgui\Burgui,es ESP,MF,Alavés,27-202,1993,0.2,0,0,0,0,1,0,0,0,1,0,0,0,2,1,0,100.0,Matches
76,Sergio Busquets\Sergio-Busquets,es ESP,MF,Barcelona,32-307,1988,27.3,8,0,0,42,57,0,3,36,38,0,0,0,288,41,37,52.6,Matches
77,Erick Cabaco\Erick-Cabaco,uy URU,DF,Getafe,26-030,1995,14.7,9,0,0,24,20,1,3,12,17,0,0,0,140,52,19,73.2,Matches
78,Cala\Cala,es ESP,DF,Cádiz,31-174,1989,25.2,8,0,0,32,31,1,0,23,23,1,1,0,213,59,38,60.8,Matches
79,Jonathan Calleri\Jonathan-Calleri,ar ARG,FW,Osasuna,27-238,1993,17.2,4,0,0,42,39,16,14,5,6,0,0,0,73,86,91,48.6,Matches
80,Dani Calvo\Dani-Calvo,es ESP,DF,Elche,27-048,1994,18.8,3,0,0,19,14,2,1,17,13,0,1,0,108,46,38,54.8,Matches
81,José Campaña\Jose-Campana,es ESP,MF,Levante,27-353,1993,8.3,0,0,0,7,13,1,16,8,8,0,0,0,76,6,8,42.9,Matches
82,Sergio Canales\Sergio-Canales,es ESP,MFFW,Betis,30-092,1991,27.8,4,0,0,15,22,2,46,14,11,0,0,0,185,12,28,30.0,Matches
83,Álex Cantero\Alex-Cantero,es ESP,FW,Levante,20-345,2000,2.4,1,0,0,3,1,1,1,0,0,,,0,,,,,Matches
84,Ander Capa\Ander-Capa,es ESP,DF,Athletic Club,29-100,1992,23.7,5,0,0,26,9,1,54,30,23,0,1,0,214,23,22,51.1,Matches
85,Étienne Capoue\Etienne-Capoue,fr FRA,MF,Villarreal,32-312,1988,12.4,5,1,0,25,21,0,0,21,14,0,2,0,104,29,9,76.3,Matches
86,Isaac Carcelen\Isaac-Carcelen,es ESP,DF,Cádiz,28-026,1993,27.7,3,0,0,17,48,0,33,49,40,0,3,0,266,33,31,51.6,Matches
87,Cárdenas\Cardenas,es ESP,GK,Levante,24-052,1997,7.0,1,0,0,0,0,0,0,0,0,0,0,0,35,0,0,,Matches
88,Marc Cardona\Marc-Cardona,es ESP,FWMF,Osasuna,25-315,1995,0.6,0,0,0,3,1,1,1,0,0,0,0,0,7,0,2,0.0,Matches
89,Diego Carlos\Diego-Carlos,br BRA,DF,Sevilla,28-065,1993,31.0,11,1,1,49,19,0,3,26,20,0,2,1,241,62,45,57.9,Matches
90,Juan Carlos\Juan-Carlos,es ESP,MFFW,Huesca,30-065,1991,3.2,0,0,0,13,7,0,2,3,3,0,0,0,24,5,5,50.0,Matches
91,Yannick Carrasco\Yannick-Carrasco,be BEL,DFMF,Atlético Madrid,27-257,1993,23.2,6,0,0,32,33,4,66,28,23,0,1,0,163,4,15,21.1,Matches
92,Sergio Carreira\Sergio-Carreira,es ESP,DF,Celta Vigo,20-218,2000,2.9,0,0,0,2,2,0,4,1,2,0,0,0,16,1,1,50.0,Matches
93,Guido Carrillo\Guido-Carrillo,ar ARG,FW,Elche,29-359,1991,11.1,3,0,0,28,14,2,2,7,9,0,0,0,51,78,58,57.4,Matches
94,Dani Carvajal\Dani-Carvajal,es ESP,DF,Real Madrid,29-128,1992,10.6,5,0,0,16,11,0,22,16,21,0,1,0,100,11,8,57.9,Matches
95,William Carvalho\William-Carvalho,pt POR,MF,Betis,29-042,1992,13.3,6,1,1,18,11,0,2,8,19,0,0,0,118,32,22,59.3,Matches
96,Casemiro\Casemiro,br BRA,MF,Real Madrid,29-085,1992,31.5,11,1,1,55,54,4,13,59,55,0,0,0,349,103,81,56.0,Matches
97,Sofian Chakla\Sofian-Chakla,ma MAR,DF,Getafe,27-259,1993,10.0,5,0,0,14,15,0,0,13,7,0,3,1,104,39,18,68.4,Matches
98,Sofian Chakla\Sofian-Chakla,ma MAR,DF,Villarreal,27-259,1993,0.1,0,0,0,0,0,0,0,0,0,0,0,0,2,2,0,100.0,Matches
99,Chema\Chema,es ESP,DFMF,Getafe,29-077,1992,5.2,3,1,0,12,3,0,0,7,4,0,0,0,50,10,14,41.7,Matches
100,Denis Cheryshev\Denis-Cheryshev,ru RUS,MF,Valencia,30-144,1990,12.1,3,0,0,25,14,1,31,7,17,0,0,0,71,15,20,42.9,Matches
101,Samuel Chukwueze\Samuel-Chukwueze,ng NGA,MFFW,Villarreal,21-362,1999,15.2,0,0,0,13,30,16,37,7,9,1,0,0,89,13,15,46.4,Matches
102,Víctor Chust\Victor-Chust,es ESP,DF,Real Madrid,21-075,2000,1.1,0,0,0,1,0,0,0,1,1,0,0,0,9,3,3,50.0,Matches
103,Cifu\Cifu,es ESP,DF,Elche,30-226,1990,5.0,1,0,0,6,6,0,9,3,6,0,0,0,52,8,7,53.3,Matches
104,Alberto Cifuentes\Alberto-Cifuentes,es ESP,GK,Cádiz,41-355,1979,2.0,0,0,0,0,1,0,0,0,0,0,0,0,12,0,0,,Matches
105,Jasper Cillessen\Jasper-Cillessen,nl NED,GK,Valencia,32-027,1989,9.0,0,0,0,0,2,0,0,0,0,0,0,0,42,0,0,,Matches
106,Carlos Clerc\Carlos-Clerc,es ESP,DF,Levante,29-087,1992,30.6,5,0,0,38,33,4,85,35,47,1,0,0,270,48,27,64.0,Matches
107,Coke\Coke,es ESP,DF,Levante,34-023,1987,9.2,1,0,0,11,8,0,8,15,11,0,1,0,67,13,21,38.2,Matches
108,Francis Coquelin\Francis-Coquelin,fr FRA,MF,Villarreal,30-006,1991,7.9,4,0,0,16,16,0,3,16,9,0,0,0,89,15,9,62.5,Matches
109,Iñigo Córdoba\Inigo-Cordoba,es ESP,FWMF,Athletic Club,24-067,1997,1.1,0,0,0,3,3,1,1,1,0,0,0,0,11,2,0,100.0,Matches
110,Iñigo Córdoba\Inigo-Cordoba,es ESP,MF,Alavés,24-067,1997,2.4,0,0,0,7,4,2,6,4,5,0,0,0,20,5,6,45.5,Matches
111,Ángel Correa\Angel-Correa,ar ARG,FWMF,Atlético Madrid,26-071,1995,25.7,3,0,0,37,30,12,39,21,30,0,0,0,165,14,41,25.5,Matches
112,Rober Correa\Rober-Correa,es ESP,DF,Eibar,28-241,1992,11.8,3,0,0,7,17,1,28,21,14,1,0,0,148,44,24,64.7,Matches
113,Thierry Correia\Thierry-Correia,pt POR,DF,Valencia,22-071,1999,22.7,6,1,1,30,37,2,46,33,33,0,0,0,180,32,29,52.5,Matches
114,Diego Costa\Diego-Costa,es ESP,FW,Atlético Madrid,32-224,1988,2.3,1,0,0,7,3,5,2,0,0,1,0,0,3,9,15,37.5,Matches
115,Jaume Costa\Jaume-Costa,es ESP,DFMF,Villarreal,33-062,1988,3.9,1,0,0,8,9,0,7,8,3,0,0,0,30,6,5,54.5,Matches
116,Thibaut Courtois\Thibaut-Courtois,be BEL,GK,Real Madrid,29-008,1992,37.0,0,0,0,1,3,0,0,0,0,0,1,0,171,0,0,,Matches
117,Philippe Coutinho\Philippe-Coutinho,br BRA,MFFW,Barcelona,28-341,1992,7.3,0,0,0,9,13,1,10,4,6,0,0,0,39,3,9,25.0,Matches
118,Juan Cruz Armada\Juan-Cruz-Armada,es ESP,DF,Osasuna,28-295,1992,21.8,4,0,0,13,4,2,41,10,17,0,1,0,186,30,29,50.8,Matches
119,Sergio Cubero Ezcurra\Sergio-Cubero-Ezcurra,es ESP,MF,Eibar,21-256,1999,0.0,0,0,0,0,0,0,0,0,0,0,0,0,0,0,0,,Matches
120,Cucho\Cucho,co COL,FWMF,Getafe,22-029,1999,16.0,5,0,0,34,31,10,31,5,10,0,0,0,98,40,72,35.7,Matches
121,Marc Cucurella\Marc-Cucurella,es ESP,MF,Getafe,22-301,1998,35.1,8,0,0,68,59,8,93,51,48,0,0,0,285,69,101,40.6,Matches
122,Patrick Cutrone\Patrick-Cutrone,it ITA,FW,Valencia,23-136,1998,1.2,0,0,0,2,1,1,1,1,0,0,0,0,4,0,9,0.0,Matches
123,Moussa Dembélé\Moussa-Dembele,fr FRA,FWMF,Atlético Madrid,24-311,1996,1.1,0,0,0,3,0,3,1,0,0,0,0,0,8,6,6,50.0,Matches
124,Ousmane Dembélé\Ousmane-Dembele,fr FRA,FWDF,Barcelona,24-004,1997,18.7,2,0,0,14,28,10,55,14,9,0,0,0,72,8,12,40.0,Matches
125,Sergiño Dest\Sergino-Dest,us USA,DF,Barcelona,20-197,2000,20.0,1,0,0,16,10,3,39,14,18,0,0,0,138,5,9,35.7,Matches
126,Deyverson\Deyverson,br BRA,FW,Alavés,30-011,1991,9.7,4,0,0,16,25,11,13,10,6,0,0,0,73,65,49,57.0,Matches
127,Abdoulay Diaby\Abdoulay-Diaby,ml MLI,MF,Getafe,29-363,1991,0.2,0,0,0,1,0,0,2,0,1,0,0,0,1,0,1,0.0,Matches
128,Mouctar Diakhaby\Mouctar-Diakhaby,fr FRA,DF,Valencia,24-151,1996,22.1,4,1,0,21,8,4,2,8,15,0,1,0,177,48,13,78.7,Matches
129,Víctor Díaz\Victor-Diaz,es ESP,DF,Granada,32-341,1988,8.7,2,0,0,9,1,0,22,15,15,0,1,0,87,16,13,55.2,Matches
130,Papakouli Diop\Papakouli-Diop,sn SEN,MF,Eibar,35-061,1986,25.1,9,2,1,39,19,2,7,39,35,0,0,0,342,85,69,55.2,Matches
131,Djené\Djene,tg TOG,DF,Getafe,29-139,1991,31.7,8,2,1,35,35,1,7,52,37,1,2,0,345,70,43,61.9,Matches
132,Marko Dmitrović\Marko-Dmitrovic,rs SRB,GK,Eibar,29-115,1992,34.7,0,0,0,1,4,0,0,0,1,0,0,0,198,0,0,,Matches
133,Jaume Doménech\Jaume-Domenech,es ESP,GK,Valencia,30-195,1990,28.0,1,0,0,0,1,0,0,0,0,0,0,0,141,0,0,,Matches
134,Carlos Dominguez\Carlos-Dominguez,es ESP,DF,Celta Vigo,20-138,2001,3.0,1,0,0,5,2,0,0,5,4,0,0,0,13,7,11,38.9,Matches
135,John Donald\John-Donald,es ESP,DF,Elche,20-262,2000,0.6,0,0,0,1,0,0,0,0,0,0,0,0,1,0,1,0.0,Matches
136,Cheick Doukouré\Cheick-Doukoure,ci CIV,MF,Levante,28-250,1992,1.1,1,0,0,7,3,1,0,2,4,0,0,0,10,1,1,50.0,Matches
137,Idrissa Doumbia\Idrissa-Doumbia,ci CIV,MF,Huesca,23-035,1998,8.4,4,0,0,12,5,0,0,9,9,0,0,0,77,2,5,28.6,Matches
138,Domingos Duarte\Domingos-Duarte,pt POR,DF,Granada,26-070,1995,26.3,5,1,0,22,20,0,2,31,19,0,1,0,264,55,34,61.8,Matches
139,Óscar Duarte\Oscar-Duarte,cr CRC,DF,Levante,31-350,1989,21.9,2,0,0,33,6,2,2,25,14,0,1,0,181,81,48,62.8,Matches
140,Rubén Duarte\Ruben-Duarte,es ESP,DF,Alavés,25-213,1995,27.3,5,1,1,42,38,0,54,39,32,0,1,0,249,58,28,67.4,Matches
141,Unai Dufur\Unai-Dufur,es ESP,DF,Eibar,22-138,1999,0.7,0,0,0,1,0,0,0,0,2,0,0,0,6,1,1,50.0,Matches
142,Hugo Duro\Hugo-Duro,es ESP,FW,Real Madrid,21-190,1999,0.6,0,0,0,1,1,0,1,0,0,0,0,0,1,1,5,16.7,Matches
143,Aritz Elustondo\Aritz-Elustondo,es ESP,DF,Real Sociedad,27-052,1994,19.9,5,0,0,22,24,1,7,7,17,0,1,1,202,56,38,59.6,Matches
144,Rodrigo Ely\Rodrigo-Ely,br BRA,DF,Alavés,27-197,1993,5.2,1,0,0,8,2,0,0,2,3,0,0,0,50,16,2,88.9,Matches
145,Emerson\Emerson,br BRA,DF,Betis,22-125,1999,32.2,9,1,0,54,68,3,72,67,57,0,1,1,247,56,37,60.2,Matches
146,Youssef En-Nesyri\Youssef-En-Nesyri,ma MAR,FW,Sevilla,23-352,1997,24.7,2,0,0,27,35,25,17,8,16,1,0,0,96,98,78,55.7,Matches
147,Sergi Enrich\Sergi-Enrich,es ESP,FW,Eibar,31-082,1990,14.8,1,0,0,30,18,8,7,10,13,1,0,0,83,88,98,47.3,Matches
148,Aarón Escandell\Aaron-Escandell,es ESP,GK,Granada,25-234,1995,4.0,1,0,0,0,0,0,0,0,0,0,0,0,23,0,0,,Matches
149,Dani Escriche\Dani-Escriche,es ESP,FWMF,Huesca,23-056,1998,9.5,5,1,0,20,16,6,4,8,13,1,0,0,62,17,33,34.0,Matches
150,Sergio Escudero\Sergio-Escudero,es ESP,DF,Sevilla,31-259,1989,5.5,3,0,0,8,7,0,12,5,8,0,0,0,38,9,5,64.3,Matches
151,Alfonso Espino\Alfonso-Espino,uy URU,DF,Cádiz,29-134,1992,28.9,6,0,0,32,21,3,61,46,58,0,0,0,249,38,43,46.9,Matches
152,Vicente Esquerdo\Vicente-Esquerdo,es ESP,MF,Valencia,22-137,1999,2.6,1,0,0,3,0,0,2,5,6,0,0,0,18,2,3,40.0,Matches
153,Pervis Estupiñán\Pervis-Estupinan,ec ECU,DF,Villarreal,23-118,1998,13.0,1,0,0,24,20,6,61,29,24,1,1,0,132,11,15,42.3,Matches
154,Xabier Etxeita\Xabier-Etxeita,es ESP,DF,Getafe,33-200,1987,9.8,3,0,0,14,2,0,0,10,6,0,0,1,112,18,24,42.9,Matches
155,Edu Expósito\Edu-Exposito,es ESP,MF,Eibar,24-291,1996,27.3,4,0,0,29,28,0,36,32,27,0,0,0,333,36,42,46.2,Matches
156,Fali\Fali,es ESP,DFMF,Cádiz,27-280,1993,28.3,11,0,0,20,25,0,13,24,21,0,1,0,175,44,32,57.9,Matches
157,Ansu Fati\Ansu-Fati,es ESP,FW,Barcelona,18-200,2002,4.8,1,0,0,6,11,2,5,1,3,2,0,0,20,2,4,33.3,Matches
158,Nabil Fekir\Nabil-Fekir,fr FRA,MFFW,Betis,27-305,1993,28.1,5,1,0,78,90,13,53,11,35,3,0,0,151,17,73,18.9,Matches
159,Felipe\Felipe,br BRA,DF,Atlético Madrid,32-003,1989,21.9,7,0,0,29,13,0,2,41,21,0,0,1,209,85,19,81.7,Matches
160,João Félix\Joao-Felix,pt POR,FWMF,Atlético Madrid,21-190,1999,17.2,5,0,0,14,46,6,13,8,6,1,0,0,92,23,29,44.2,Matches
161,Aitor Fernández\Aitor-Fernandez,es ESP,GK,Levante,30-016,1991,29.0,0,0,0,0,2,0,0,0,0,0,0,0,148,0,1,0.0,Matches
162,Álex Fernández\Alex-Fernandez,es ESP,MF,Cádiz,28-216,1992,21.6,1,0,0,11,31,1,41,21,15,0,0,0,186,22,28,44.0,Matches
163,Álvaro Fernández\Alvaro-Fernandez,es ESP,GK,Huesca,23-036,1998,21.0,0,0,0,0,2,0,0,0,0,0,0,0,102,0,0,,Matches
164,Andrés Fernández\Andres-Fernandez,es ESP,GK,Huesca,34-153,1986,16.0,0,0,0,0,3,0,0,0,0,0,0,0,86,0,0,,Matches
165,Augusto Fernández\Augusto-Fernandez,ar ARG,MF,Cádiz,35-039,1986,3.5,1,0,0,5,1,0,0,9,4,0,0,0,38,2,5,28.6,Matches
166,Carlos Fernández\Carlos-Fernandez,es ESP,FW,Sevilla,24-362,1996,1.6,0,0,0,4,7,0,2,1,0,0,0,0,9,5,6,45.5,Matches
167,Carlos Fernández\Carlos-Fernandez,es ESP,FWMF,Real Sociedad,24-362,1996,4.1,5,0,0,18,9,0,1,3,1,0,1,0,22,14,19,42.4,Matches
168,Joaquín Fernández\Joaquin-Fernandez,es ESP,DF,Valladolid,24-353,1996,23.0,8,0,0,28,13,3,1,33,18,1,1,0,197,65,46,58.6,Matches
169,Fernando\Fernando,br BRA,MF,Sevilla,33-298,1987,28.3,6,0,0,40,16,1,2,40,52,0,0,0,289,58,39,59.8,Matches
170,David Ferreiro\David-Ferreiro,es ESP,MFFW,Huesca,33-048,1988,27.1,4,0,0,50,37,15,107,18,13,0,0,0,196,12,24,33.3,Matches
171,Facundo Ferreyra\Facundo-Ferreyra,ar ARG,FW,Celta Vigo,30-066,1991,3.3,5,1,1,22,6,1,1,0,2,0,0,0,12,12,14,46.2,Matches
172,Fidel\Fidel,es ESP,MFDF,Elche,31-204,1989,25.6,8,0,0,28,42,5,73,13,30,0,0,0,156,12,24,33.3,Matches
173,Junior Firpo\Junior-Firpo,es ESP,DF,Barcelona,24-270,1996,2.7,1,0,0,6,6,2,4,3,2,0,0,0,15,1,2,33.3,Matches
174,Kingsley Fobi\Kingsley-Fobi,gh GHA,DF,Granada,22-241,1998,0.5,0,0,0,0,1,0,0,0,0,0,0,0,3,0,0,,Matches
175,Ramón Folch\Ramon-Folch,es ESP,MF,Elche,31-227,1989,0.0,0,0,0,0,0,0,0,0,0,0,0,0,0,0,0,,Matches
176,José Fontán\Jose-Fontan,es ESP,DF,Celta Vigo,21-097,2000,7.2,3,1,1,17,3,1,7,9,7,0,0,0,56,12,9,57.1,Matches
177,Dimitri Foulquier\Dimitri-Foulquier,fr FRA,DF,Granada,28-057,1993,28.6,7,0,0,28,22,3,33,32,27,0,1,1,208,23,40,36.5,Matches
178,Juan Foyth\Juan-Foyth,ar ARG,DFMF,Villarreal,23-127,1998,13.0,6,0,0,20,14,0,2,19,26,0,1,0,129,35,22,61.4,Matches
179,Jorge de Frutos\Jorge-de-Frutos,es ESP,MFFW,Levante,24-088,1997,23.3,3,0,0,35,28,3,68,24,31,2,0,0,115,15,31,32.6,Matches
180,Ramiro Funes Mori\Ramiro-Funes-Mori,ar ARG,DF,Villarreal,30-075,1991,8.1,1,0,0,7,3,0,2,14,3,0,0,0,70,24,12,66.7,Matches
181,Javi Galán\Javi-Galan,es ESP,DF,Huesca,26-181,1994,34.1,5,0,0,62,97,5,104,28,74,0,0,0,283,19,35,35.2,Matches
182,Enric Gallego\Enric-Gallego,es ESP,FW,Osasuna,34-249,1986,8.2,1,0,0,27,12,3,8,1,6,0,0,0,45,77,60,56.2,Matches
183,Kévin Gameiro\Kevin-Gameiro,fr FRA,FW,Valencia,34-010,1987,12.0,0,0,0,9,8,9,2,0,6,0,0,0,36,9,28,24.3,Matches
184,Aleix García\Aleix-Garcia,es ESP,MF,Eibar,23-325,1997,4.9,1,0,0,4,1,0,3,4,4,0,0,0,41,6,2,75.0,Matches
185,Borja García\Borja-Garcia,es ESP,MFFW,Huesca,30-198,1990,12.3,0,0,0,3,33,1,8,9,10,0,0,0,93,9,11,45.0,Matches
186,Dani García\Dani-Garcia,es ESP,MF,Athletic Club,30-360,1990,21.3,8,0,0,29,22,0,5,29,23,0,1,0,261,47,38,55.3,Matches
187,David García\David-Garcia,es ESP,DF,Osasuna,27-094,1994,34.0,8,0,0,45,24,1,4,51,27,0,1,1,423,169,52,76.5,Matches
188,Manu García\Manu-Garcia,es ESP,MF,Alavés,35-023,1986,11.5,9,1,1,18,26,1,6,13,17,0,0,0,96,43,32,57.3,Matches
189,Raúl García\Raul-Garcia,es ESP,FWMF,Athletic Club,34-312,1986,19.4,8,2,1,52,50,11,17,10,21,0,0,0,123,110,72,60.4,Matches
190,Raúl García\Raul-Garcia,es ESP,DFMF,Valladolid,32-019,1989,5.6,2,0,0,5,8,1,20,5,3,0,0,0,57,18,13,58.1,Matches
191,Rubén García\Ruben-Garcia,es ESP,MFFW,Osasuna,27-309,1993,30.2,2,0,0,42,41,6,91,27,39,1,0,0,200,59,69,46.1,Matches
192,Sergi García\Sergi-Garcia,es ESP,MF,Alavés,22-035,1999,0.2,0,0,0,0,0,0,0,0,1,0,0,0,1,0,0,,Matches
193,Unai García\Unai-Garcia,es ESP,DF,Osasuna,29-105,1992,13.2,3,0,0,13,4,0,3,15,11,0,0,1,131,18,23,43.9,Matches
194,Mario Gaspar\Mario-Gaspar,es ESP,DF,Villarreal,30-176,1990,19.6,3,1,0,18,9,0,30,25,19,1,1,0,111,33,34,49.3,Matches
195,Paulo Gazzaniga\Paulo-Gazzaniga,ar ARG,GK,Elche,29-137,1992,7.0,3,0,0,0,1,0,0,0,0,0,0,0,40,0,0,,Matches
196,David Gil\David-Gil,es ESP,GK,Cádiz,27-128,1994,3.0,0,0,0,0,1,0,0,0,0,0,0,0,16,0,0,,Matches
197,Álvaro Giménez\Alvaro-Gimenez,es ESP,FWMF,Cádiz,30-000,1991,4.5,0,0,0,8,6,4,1,3,2,0,0,0,18,20,29,40.8,Matches
198,Dani Gómez\Dani-Gomez,es ESP,FW,Levante,22-293,1998,17.8,3,0,0,29,38,12,10,3,5,1,0,0,74,13,54,19.4,Matches
199,Ibai Gómez\Ibai-Gomez,es ESP,MF,Athletic Club,31-189,1989,3.9,0,0,0,2,1,1,14,2,3,0,0,0,21,6,6,50.0,Matches
200,Maxi Gómez\Maxi-Gomez,uy URU,FW,Valencia,24-278,1996,29.0,7,1,1,52,69,32,15,2,9,4,0,0,96,111,102,52.1,Matches
201,Moi Gómez\Moi-Gomez,es ESP,MFFW,Villarreal,26-330,1994,28.4,1,0,0,20,32,9,45,21,15,0,1,0,192,11,38,22.4,Matches
202,Papu Gómez\Papu-Gomez,ar ARG,MFFW,Sevilla,33-093,1988,10.0,0,0,0,15,22,2,23,19,7,1,0,0,55,6,9,40.0,Matches
203,Sergi Gómez\Sergi-Gomez,es ESP,DF,Sevilla,29-052,1992,8.0,2,0,0,1,1,0,0,3,3,0,0,0,51,23,22,51.1,Matches
204,Sergio Gómez\Sergio-Gomez,es ESP,MFFW,Huesca,20-257,2000,7.8,1,0,0,6,7,1,29,18,15,0,0,0,46,0,9,0.0,Matches
205,Maxime Gonalons\Maxime-Gonalons,fr FRA,MF,Granada,32-070,1989,16.4,7,1,0,30,27,2,4,24,50,0,1,0,199,35,21,62.5,Matches
206,Bruno González\Bruno-Gonzalez,es ESP,DF,Valladolid,30-360,1990,25.1,8,0,0,31,17,0,0,29,15,0,0,0,208,58,43,57.4,Matches
207,Diego González\Diego-Gonzalez,es ESP,DF,Elche,26-111,1995,14.2,5,0,0,19,4,0,1,15,12,0,0,1,107,37,20,64.9,Matches
208,Sergio González\Sergio-Gonzalez,es ESP,MF,Cádiz,24-005,1997,1.0,0,0,0,1,1,0,0,2,0,0,0,0,13,2,3,40.0,Matches
209,Urko González\Urko-Gonzalez,es ESP,MF,Real Sociedad,20-060,2001,0.5,1,0,0,4,1,0,0,0,0,0,0,0,6,1,1,50.0,Matches
210,Andoni Gorosabel\Andoni-Gorosabel,es ESP,DF,Real Sociedad,24-288,1996,25.5,3,0,0,37,27,0,59,25,34,0,1,0,198,16,33,32.7,Matches
211,Antoine Griezmann\Antoine-Griezmann,fr FRA,FWMF,Barcelona,30-059,1991,27.9,4,0,0,13,33,13,29,12,26,2,0,0,128,17,17,50.0,Matches
212,Andrés Guardado\Andres-Guardado,mx MEX,MF,Betis,34-233,1986,13.9,3,0,0,19,10,0,6,21,16,0,0,0,156,21,23,47.7,Matches
213,Sergi Guardiola\Sergi-Guardiola,es ESP,FW,Valladolid,29-355,1991,19.6,5,0,0,39,39,12,17,9,6,1,0,0,94,59,102,36.6,Matches
214,Nemanja Gudelj\Nemanja-Gudelj,rs SRB,MF,Sevilla,29-184,1991,10.6,8,0,0,19,7,0,3,12,16,0,0,0,73,21,15,58.3,Matches
215,Gonçalo Guedes\Goncalo-Guedes,pt POR,MFFW,Valencia,24-171,1996,24.6,3,1,0,27,64,4,54,18,17,0,0,0,131,13,19,40.6,Matches
216,Ander Guevara\Ander-Guevara,es ESP,MF,Real Sociedad,23-316,1997,22.1,5,0,0,28,16,1,4,23,29,0,0,0,264,30,28,51.7,Matches
217,John Guidetti\John-Guidetti,se SWE,FWMF,Alavés,29-034,1992,1.5,1,0,0,6,0,1,1,0,0,0,0,0,7,6,3,66.7,Matches
218,Hugo Guillamón\Hugo-Guillamon,es ESP,DF,Valencia,21-108,2000,21.1,7,0,0,32,26,1,0,21,14,0,1,1,180,59,42,58.4,Matches
219,Jon Guridi\Jon-Guridi,es ESP,MF,Real Sociedad,26-080,1995,9.2,2,0,0,12,14,0,3,9,12,1,0,0,69,14,18,43.8,Matches
220,Raúl Guti\Raul-Guti,es ESP,MF,Elche,24-140,1996,30.8,3,1,0,35,52,1,12,41,25,0,0,0,266,15,23,39.5,Matches
221,Marcos Mauro López Gutiérrez\Marcos-Mauro-Lopez-Gutierrez,ar ARG,DF,Cádiz,30-130,1991,20.3,2,1,0,11,5,0,0,19,15,0,1,0,147,38,26,59.4,Matches
222,Miguel Gutiérrez\Miguel-Gutierrez,es ESP,DF,Real Madrid,19-296,2001,2.8,0,0,0,6,4,1,11,5,1,0,0,0,20,5,5,50.0,Matches
223,Munir El Haddadi\Munir-El-Haddadi,ma MAR,FW,Sevilla,25-260,1995,9.4,2,0,0,22,28,8,19,3,9,0,0,0,73,10,14,41.7,Matches
224,Eden Hazard\Eden-Hazard,be BEL,FWMF,Real Madrid,30-132,1991,5.9,0,0,0,2,19,3,6,4,0,0,0,0,27,3,5,37.5,Matches
225,Mario Hermoso\Mario-Hermoso,es ESP,DF,Atlético Madrid,25-335,1995,28.0,5,0,0,27,30,3,6,33,37,0,0,1,229,37,33,52.9,Matches
226,Aridane Hernández\Aridane-Hernandez,gq EQG,DF,Osasuna,32-057,1989,22.5,3,1,0,21,20,0,2,44,21,0,0,0,231,80,32,71.4,Matches
227,Héctor Herrera\Hector-Herrera,mx MEX,MF,Atlético Madrid,31-030,1990,7.5,2,0,0,9,7,1,3,9,13,0,0,0,89,20,15,57.1,Matches
228,Sergio Herrera\Sergio-Herrera,es ESP,GK,Osasuna,27-348,1993,32.9,2,0,0,1,10,0,0,0,0,0,1,1,225,0,0,,Matches
229,Yangel Herrera\Yangel-Herrera,ve VEN,MF,Granada,23-132,1998,25.7,7,0,0,70,59,5,14,26,41,1,1,0,269,126,116,52.1,Matches
230,Pablo Hervías\Pablo-Hervias,es ESP,DFMF,Valladolid,28-072,1993,13.3,1,0,0,8,16,0,79,16,17,0,0,0,119,10,12,45.5,Matches
231,Jordan Holsgrove\Jordan-Holsgrove,sco SCO,MF,Celta Vigo,21-251,1999,1.6,0,0,0,3,3,0,2,0,1,0,0,0,9,0,0,,Matches
232,Vicente Iborra\Vicente-Iborra,es ESP,MF,Villarreal,33-123,1988,10.3,4,0,0,15,9,0,1,5,13,0,0,0,94,20,19,51.3,Matches
233,Oussama Idrissi\Oussama-Idrissi,ma MAR,FWMF,Sevilla,25-082,1996,0.3,0,0,0,1,0,0,3,1,1,0,0,0,3,0,1,0.0,Matches
234,Iglesias\Iglesias,es ESP,DFMF,Getafe,22-320,1998,5.7,2,0,0,13,16,0,13,11,15,0,0,0,44,9,10,47.4,Matches
235,Borja Iglesias\Borja-Iglesias,es ESP,FW,Betis,28-122,1993,14.8,2,0,0,19,18,6,6,5,0,4,0,0,55,27,49,35.5,Matches
236,Ilaix\Ilaix,es ESP,MF,Barcelona,18-120,2003,5.4,1,0,0,13,19,0,2,8,8,0,0,0,38,11,7,61.1,Matches
237,Asier Illarramendi\Asier-Illarramendi,es ESP,MF,Real Sociedad,31-072,1990,3.7,2,0,0,6,11,0,2,5,3,0,0,0,24,10,14,41.7,Matches
238,Pablo Insua\Pablo-Insua,es ESP,DF,Huesca,27-252,1993,17.6,9,0,0,27,5,1,2,15,18,0,0,0,129,47,32,59.5,Matches
239,Takashi Inui\Takashi-Inui,jp JPN,MFFW,Eibar,32-351,1988,19.2,0,0,0,25,17,8,68,13,10,1,0,0,107,11,35,23.9,Matches
240,Alexander Isak\Alexander-Isak,se SWE,FW,Real Sociedad,21-240,1999,25.0,4,0,0,23,33,22,21,4,10,3,0,0,71,36,64,36.0,Matches
241,Isco\Isco,es ESP,MFFW,Real Madrid,29-028,1992,9.7,1,0,0,17,17,0,18,5,8,0,0,0,51,5,13,27.8,Matches
242,Jairo Izquierdo\Jairo-Izquierdo,es ESP,MFDF,Cádiz,27-209,1993,13.9,4,0,0,12,14,3,26,16,6,0,0,0,126,8,13,38.1,Matches
243,Saidy Janko\Saidy-Janko,ch SUI,DF,Valladolid,25-209,1995,12.7,4,0,0,14,2,3,34,22,12,0,0,0,87,29,14,67.4,Matches
244,Adnan Januzaj\Adnan-Januzaj,be BEL,FWMF,Real Sociedad,26-103,1995,11.2,2,0,0,6,34,2,41,5,5,1,0,0,67,9,11,45.0,Matches
245,Jason\Jason,es ESP,MFDF,Valencia,26-317,1994,4.9,4,1,1,6,15,0,12,9,6,0,0,0,34,4,10,28.6,Matches
246,Luis Javier Suárez\Luis-Javier-Suarez,co COL,FWMF,Granada,23-168,1997,17.7,6,0,0,27,28,5,18,10,15,1,0,0,74,25,66,27.5,Matches
247,Joaquín\Joaquin,es ESP,FWMF,Betis,39-302,1981,14.3,2,0,0,10,12,2,36,14,5,0,0,0,80,14,21,40.0,Matches
248,John Joe\John-Joe,ie IRL,MFDF,Getafe,17-237,2003,0.7,0,0,0,2,0,0,0,1,1,0,0,0,7,1,3,25.0,Matches
249,Frenkie de Jong\Frenkie-de-Jong,nl NED,MFDF,Barcelona,24-007,1997,34.2,5,0,0,25,43,5,20,34,25,0,1,0,297,45,27,62.5,Matches
250,Luuk de Jong\Luuk-de-Jong,nl NED,FW,Sevilla,30-265,1990,13.9,3,0,0,20,32,10,1,3,5,0,0,0,58,68,67,50.4,Matches
251,Jony\Jony,es ESP,MFFW,Osasuna,29-314,1991,9.6,0,0,0,10,7,1,51,11,6,0,0,0,68,8,8,50.0,Matches
252,Joan Jordán\Joan-Jordan,es ESP,MF,Sevilla,26-317,1994,26.1,8,1,1,53,42,0,28,19,27,0,0,0,236,18,21,46.2,Matches
253,Josan\Josan,es ESP,MFDF,Elche,31-167,1989,20.6,3,0,0,23,27,1,64,20,26,0,0,0,136,13,8,61.9,Matches
254,Willian José\Willian-Jose,br BRA,FW,Real Sociedad,29-177,1991,7.7,0,0,0,3,10,3,3,1,4,0,0,0,27,12,18,40.0,Matches
255,Joselu\Joselu,es ESP,FW,Alavés,31-053,1990,33.4,1,0,0,43,74,14,23,17,21,1,0,0,160,260,136,65.7,Matches
256,Josema\Josema,es ESP,DF,Elche,24-347,1996,21.6,3,0,0,22,18,1,22,34,28,0,0,0,148,37,31,54.4,Matches
257,Jota\Jota,es ESP,MF,Alavés,29-337,1991,15.5,5,1,1,18,4,2,22,16,14,0,0,0,107,9,18,33.3,Matches
258,Jota\Jota,pt POR,FW,Valladolid,22-050,1999,7.1,1,0,0,6,9,1,16,5,3,,,0,,,,,Matches
259,Luka Jović\Luka-Jovic,rs SRB,FWMF,Real Madrid,23-147,1997,1.7,0,0,0,2,1,2,1,0,0,0,0,0,7,3,4,42.9,Matches
260,Juanmi\Juanmi,es ESP,FWMF,Betis,27-364,1993,6.7,1,0,0,13,3,7,0,3,8,0,0,0,29,11,16,40.7,Matches
261,Vinicius Júnior\Vinicius-Junior,br BRA,FW,Real Madrid,20-311,2000,21.3,3,0,0,27,54,8,47,8,24,1,1,0,110,6,15,28.6,Matches
262,Jens Jønsson\Jens-Jonsson,dk DEN,MF,Cádiz,28-129,1993,28.4,6,0,0,34,24,0,3,47,40,0,1,0,259,51,33,60.7,Matches
263,Damian Kądzior\Damian-Kadzior,pl POL,FWMF,Eibar,28-337,1992,2.2,0,0,0,4,4,2,13,0,1,0,0,0,16,0,3,0.0,Matches
264,Lee Kangin\Lee-Kangin,kr KOR,FWMF,Valencia,20-089,2001,13.1,1,0,0,14,39,2,14,2,13,0,0,0,72,8,27,22.9,Matches
265,Stephane Keller\Stephane-Keller,cm CMR,DF,Alavés,19-272,2001,0.2,0,0,0,0,0,0,0,0,1,0,0,0,2,0,2,0.0,Matches
266,Kenedy\Kenedy,br BRA,FWMF,Granada,25-100,1996,16.3,3,0,0,32,22,1,33,21,18,0,1,0,109,13,24,35.1,Matches
267,Kike\Kike,es ESP,FW,Eibar,31-175,1989,33.3,4,1,1,68,89,14,30,8,22,1,0,0,141,167,228,42.3,Matches
268,Giorgi Kochorashvili\Giorgi-Kochorashvili,ge GEO,MF,Levante,21-324,1999,0.3,0,0,0,1,2,0,0,0,0,0,0,0,1,0,1,0.0,Matches
269,Kenan Kodro\Kenan-Kodro,ba BIH,FWMF,Athletic Club,27-273,1993,0.5,1,0,0,1,1,2,0,0,0,1,0,0,0,0,2,0.0,Matches
270,Kenan Kodro\Kenan-Kodro,ba BIH,FW,Valladolid,27-273,1993,5.1,1,0,0,8,6,2,0,4,0,1,0,0,16,22,29,43.1,Matches
271,Koba Koindredi\Koba-Koindredi,fr FRA,MF,Valencia,19-204,2001,0.2,0,0,0,0,0,0,0,0,2,0,0,0,0,1,1,50.0,Matches
272,Koke\Koke,es ESP,MF,Atlético Madrid,29-131,1992,32.6,9,0,0,45,45,0,18,37,51,0,0,0,324,20,26,43.5,Matches
273,Geoffrey Kondogbia\Geoffrey-Kondogbia,cf CTA,MF,Valencia,28-093,1993,4.9,1,0,0,8,10,0,1,4,10,0,0,0,41,5,6,45.5,Matches
274,Geoffrey Kondogbia\Geoffrey-Kondogbia,cf CTA,MFFW,Atlético Madrid,28-093,1993,6.7,4,0,0,18,13,0,0,9,20,0,0,0,82,7,8,46.7,Matches
275,Youssouf Koné\Youssouf-Kone,ml MLI,DFFW,Elche,25-318,1995,0.8,0,0,0,1,2,1,1,1,0,0,0,0,5,0,1,0.0,Matches
276,Jules Koundé\Jules-Kounde,fr FRA,DF,Sevilla,22-188,1998,32.1,4,0,0,20,22,3,13,39,22,0,2,0,302,112,66,62.9,Matches
277,Toni Kroos\Toni-Kroos,de GER,MF,Real Madrid,31-135,1990,23.5,6,0,0,27,31,1,40,22,25,0,0,0,154,17,9,65.4,Matches
278,Takefusa Kubo\Takefusa-Kubo,jp JPN,MFFW,Villarreal,19-349,2001,3.3,2,1,1,3,12,0,10,2,3,0,0,0,25,1,3,25.0,Matches
279,Takefusa Kubo\Takefusa-Kubo,jp JPN,MFFW,Getafe,19-349,2001,7.9,2,0,0,16,18,3,14,11,5,0,0,0,52,5,21,19.2,Matches
280,Kuki\Kuki,es ESP,MF,Valladolid,23-014,1998,0.3,0,0,0,1,0,0,1,0,1,0,0,0,3,1,1,50.0,Matches
281,Víctor Laguardia\Victor-Laguardia,es ESP,DF,Alavés,31-195,1989,29.2,5,1,0,26,12,1,3,27,16,0,0,0,233,66,36,64.7,Matches
282,Diego Lainez\Diego-Lainez,mx MEX,FWMF,Betis,20-344,2000,9.2,4,0,0,12,25,2,19,15,8,0,0,0,59,10,8,55.6,Matches
283,Toni Lato\Toni-Lato,es ESP,DF,Valencia,23-179,1997,7.1,3,0,0,12,5,1,7,10,5,0,1,1,58,14,8,63.6,Matches
284,Lauti\Lauti,uy URU,MFFW,Celta Vigo,20-099,2001,0.2,0,0,0,1,0,1,0,0,0,0,0,0,0,0,1,0.0,Matches
285,Robin Le Normand\Robin-Le-Normand,fr FRA,DF,Real Sociedad,24-189,1996,29.5,5,1,0,41,19,2,3,33,20,1,1,0,317,136,57,70.5,Matches
286,Jeremías Ledesma\Jeremias-Ledesma,ar ARG,GK,Cádiz,28-095,1993,32.0,0,0,0,1,4,0,0,0,0,0,1,0,172,0,0,,Matches
287,Florian Lejeune\Florian-Lejeune,fr FRA,DF,Alavés,29-364,1991,32.5,10,0,0,33,16,2,5,55,26,0,1,0,299,105,49,68.2,Matches
288,Iñigo Lekue\Inigo-Lekue,es ESP,DF,Athletic Club,28-015,1993,6.2,1,0,0,16,2,2,19,6,8,0,0,0,54,3,8,27.3,Matches
289,Thomas Lemar\Thomas-Lemar,fr FRA,MF,Atlético Madrid,25-188,1995,15.2,4,0,0,15,23,0,28,12,19,1,0,0,111,7,10,41.2,Matches
290,Clément Lenglet\Clement-Lenglet,fr FRA,DF,Barcelona,25-336,1995,27.5,11,2,2,50,33,6,6,35,25,0,2,1,254,65,42,60.7,Matches
291,Pedro León\Pedro-Leon,es ESP,MFFW,Eibar,34-176,1986,9.9,2,0,0,10,10,4,40,4,7,0,0,0,65,18,16,52.9,Matches
292,Sergio León\Sergio-Leon,es ESP,FW,Levante,32-133,1989,8.3,0,0,0,14,6,5,4,4,3,0,0,0,41,11,33,25.0,Matches
293,Diego Llorente\Diego-Llorente,es ESP,DF,Real Sociedad,27-276,1993,1.0,0,0,0,2,0,0,0,0,0,0,0,0,6,2,1,66.7,Matches
294,Marcos Llorente\Marcos-Llorente,es ESP,MFDF,Atlético Madrid,26-109,1995,32.0,6,0,0,57,38,6,72,31,44,0,1,0,226,25,37,40.3,Matches
295,Renan Lodi\Renan-Lodi,br BRA,DF,Atlético Madrid,23-041,1998,12.2,2,0,0,18,27,2,48,23,15,0,0,0,102,9,12,42.9,Matches
296,Pedro López Muñoz\Pedro-Lopez-Munoz,es ESP,DF,Huesca,37-199,1983,11.7,2,0,0,14,15,3,37,10,22,0,0,0,94,16,12,57.1,Matches
297,Adrián López\Adrian-Lopez,es ESP,FWMF,Osasuna,33-131,1988,5.3,0,0,0,4,4,4,7,1,4,0,0,0,34,16,30,34.8,Matches
298,Javi López\Javi-Lopez,es ESP,DFMF,Alavés,19-138,2002,2.8,1,1,0,3,3,0,11,6,5,0,0,0,31,3,3,50.0,Matches
299,Roberto López\Roberto-Lopez,es ESP,MFFW,Real Sociedad,21-025,2000,5.6,0,0,0,2,5,1,14,3,2,0,0,0,47,7,11,38.9,Matches
300,Unai López\Unai-Lopez,es ESP,MF,Athletic Club,25-201,1995,14.8,7,0,0,21,21,1,15,9,20,0,0,1,154,8,21,27.6,Matches
301,Anthony Lozano\Anthony-Lozano,hn HON,FWMF,Cádiz,28-024,1993,16.9,5,0,0,49,32,11,18,3,10,0,0,0,65,57,83,40.7,Matches
302,Jeison Lucumí\Jeison-Lucumi,co COL,FW,Elche,26-041,1995,0.5,0,0,0,1,0,0,0,0,1,0,0,0,3,1,1,50.0,Matches
303,José Luis Gayà\Jose-Luis-Gaya,es ESP,DF,Valencia,25-359,1995,31.6,6,0,0,31,30,12,96,35,35,0,2,0,259,28,41,40.6,Matches
304,José Luis Morales\Jose-Luis-Morales,es ESP,FWMF,Levante,33-300,1987,26.8,3,0,0,17,18,18,74,11,12,0,0,0,123,12,22,35.3,Matches
305,Luisinho\Luisinho,pt POR,DF,Huesca,36-014,1985,2.0,1,0,0,0,4,0,1,1,0,0,0,0,16,2,1,66.7,Matches
306,Luismi\Luismi,es ESP,MFDF,Elche,29-014,1992,1.9,0,0,0,6,1,0,1,3,4,0,1,0,17,1,0,100.0,Matches
307,Darwin Machís\Darwin-Machis,ve VEN,FWMF,Granada,28-101,1993,22.0,1,0,0,30,45,11,67,37,17,0,0,0,143,12,50,19.4,Matches
308,Pablo Maffeo\Pablo-Maffeo,es ESP,DF,Huesca,23-311,1997,21.0,4,0,0,12,41,2,60,30,22,0,2,0,202,35,28,55.6,Matches
309,Abdallahi Mahmoud\Abdallahi-Mahmoud,mr MTN,MF,Alavés,21-015,2000,0.7,0,0,0,1,1,0,0,1,2,0,0,0,5,1,2,33.3,Matches
310,Nemanja Maksimović\Nemanja-Maksimovic,rs SRB,MF,Getafe,26-113,1995,29.4,4,0,0,27,9,0,18,46,33,0,1,0,260,54,56,49.1,Matches
311,Filip Malbašić\Filip-Malbasic,rs SRB,FWMF,Cádiz,28-182,1992,9.4,2,0,0,17,14,7,14,4,8,0,0,0,39,8,46,14.8,Matches
312,Hugo Mallo\Hugo-Mallo,es ESP,DF,Celta Vigo,29-331,1991,28.9,8,0,0,56,29,6,68,29,37,1,2,0,273,62,57,52.1,Matches
313,Mickael Malsa\Mickael-Malsa,mq MTQ,MF,Levante,25-219,1995,25.1,5,0,0,33,36,0,5,48,36,0,0,0,239,22,31,41.5,Matches
314,Aïssa Mandi\Aissa-Mandi,dz ALG,DF,Betis,29-209,1991,26.6,6,2,1,20,14,3,1,33,20,0,1,0,216,56,28,66.7,Matches
315,Eliaquim Mangala\Eliaquim-Mangala,fr FRA,DF,Valencia,30-095,1991,3.5,1,0,0,5,2,2,0,4,1,0,0,0,42,17,9,65.4,Matches
316,Maranhão\Maranhao,br BRA,FW,Valladolid,24-211,1996,12.4,2,0,0,24,25,7,6,0,4,1,0,0,50,39,86,31.2,Matches
317,Marcelo\Marcelo,br BRA,DF,Real Madrid,33-007,1988,11.4,3,0,0,10,14,3,39,9,17,0,1,0,73,5,13,27.8,Matches
318,Iván Marcone\Ivan-Marcone,ar ARG,MF,Elche,30-350,1990,29.1,10,1,1,29,19,0,4,35,48,0,2,0,270,26,15,63.4,Matches
319,Óscar de Marcos\Oscar-de-Marcos,es ESP,DFMF,Athletic Club,32-035,1989,16.8,2,0,0,13,5,2,43,19,17,0,0,0,126,10,16,38.5,Matches
320,José Mari\Jose-Mari,es ESP,MF,Cádiz,33-164,1987,15.1,5,0,0,27,16,0,4,15,21,0,0,0,175,29,27,51.8,Matches
321,José María Giménez\Jose-Maria-Gimenez,uy URU,DF,Atlético Madrid,26-119,1995,18.6,5,0,0,19,18,1,1,20,15,0,1,0,134,54,25,68.4,Matches
322,Mariano\Mariano,do DOM,FW,Real Madrid,27-291,1993,5.4,0,0,0,7,4,12,0,0,2,0,0,0,13,20,13,60.6,Matches
323,Adrián Marín\Adrian-Marin,es ESP,DFMF,Alavés,24-130,1997,1.0,0,0,0,3,0,0,0,1,1,0,0,0,12,3,1,75.0,Matches
324,Adrián Marín\Adrian-Marin,es ESP,DFFW,Granada,24-130,1997,2.8,1,0,0,3,2,0,3,6,2,0,0,0,22,5,4,55.6,Matches
325,Roger Martí\Roger-Marti,es ESP,FW,Levante,30-136,1991,23.4,4,0,0,42,24,14,16,5,11,0,0,0,78,18,56,24.3,Matches
326,Aarón Martín\Aaron-Martin,es ESP,DF,Celta Vigo,24-027,1997,16.1,1,0,0,20,13,3,40,17,10,0,0,0,96,16,27,37.2,Matches
327,Álex Martín\Alex-Martin,es ESP,DF,Cádiz,23-114,1998,1.1,0,0,0,1,0,0,1,2,0,0,0,0,3,2,2,50.0,Matches
328,Iñigo Martínez\Inigo-Martinez,es ESP,DF,Athletic Club,30-002,1991,28.0,9,1,0,30,34,4,9,37,14,0,0,0,274,79,46,63.2,Matches
329,Javi Martínez\Javi-Martinez,es ESP,MFFW,Osasuna,21-148,1999,5.0,1,0,0,5,7,0,3,4,9,0,0,0,46,6,5,54.5,Matches
330,Marvin\Marvin,es ESP,DFFW,Real Madrid,20-320,2000,1.5,0,0,0,1,5,0,4,1,1,0,0,0,18,5,0,100.0,Matches
331,Jordi Masip\Jordi-Masip,es ESP,GK,Valladolid,32-136,1989,24.0,3,0,0,1,2,0,0,0,0,0,0,0,114,0,0,,Matches
332,Jaime Mata\Jaime-Mata,es ESP,FW,Getafe,32-207,1988,22.5,9,1,0,69,36,27,36,11,10,0,0,0,110,90,127,41.5,Matches
333,Borja Mayoral\Borja-Mayoral,es ESP,FW,Real Madrid,24-044,1997,0.3,0,0,0,2,0,2,0,0,0,0,0,0,1,0,1,0.0,Matches
334,Gonzalo Melero\Gonzalo-Melero,es ESP,MFFW,Levante,27-137,1994,19.6,4,0,0,24,33,1,4,21,18,0,0,0,147,41,53,43.6,Matches
335,Brais Méndez\Brais-Mendez,es ESP,MFFW,Celta Vigo,24-132,1997,28.7,7,0,0,75,56,5,25,35,44,2,0,0,205,27,64,29.7,Matches
336,Édgar Méndez\Edgar-Mendez,es ESP,MFFW,Alavés,31-137,1990,22.4,12,1,1,52,49,8,46,15,20,0,0,0,139,56,51,52.3,Matches
337,Eñaut Mendía\Enaut-Mendia,es ESP,FW,Eibar,21-328,1999,0.7,1,0,0,3,0,1,0,0,1,0,1,0,5,0,1,0.0,Matches
338,Ferland Mendy\Ferland-Mendy,fr FRA,DF,Real Madrid,25-345,1995,24.5,3,0,0,22,39,5,40,25,17,0,0,0,170,10,20,33.3,Matches
339,Mikel Merino\Mikel-Merino,es ESP,MF,Real Sociedad,24-331,1996,23.9,5,0,0,79,54,4,14,32,36,0,0,0,216,71,72,49.7,Matches
340,Martín Merquelanz\Martin-Merquelanz,es ESP,FWMF,Real Sociedad,25-341,1995,6.1,0,0,0,4,13,2,14,8,2,0,0,0,46,4,8,33.3,Matches
341,Roque Mesa\Roque-Mesa,es ESP,MF,Valladolid,31-346,1989,18.9,4,1,0,28,35,5,21,12,32,0,0,0,201,14,29,32.6,Matches
342,Lionel Messi\Lionel-Messi,ar ARG,FWMF,Barcelona,33-329,1987,33.6,4,0,0,22,99,7,66,7,16,0,0,0,121,12,11,52.2,Matches
343,Omenuke Mfulu\Omenuke-Mfulu,cd COD,MF,Elche,27-060,1994,7.9,3,0,0,12,5,0,1,8,14,0,0,0,60,5,6,45.5,Matches
344,Míchel\Michel,es ESP,MF,Valladolid,32-294,1988,10.2,2,0,0,15,9,0,21,13,13,0,0,0,114,9,11,45.0,Matches
345,Éder Militão\Eder-Militao,br BRA,DF,Real Madrid,23-121,1998,11.6,3,1,0,15,12,0,2,21,13,0,1,0,89,36,10,78.3,Matches
346,Luis Milla\Luis-Milla,es ESP,MF,Granada,26-224,1994,13.9,1,0,0,16,20,0,10,21,16,0,0,0,134,16,13,55.2,Matches
347,Pere Milla\Pere-Milla,es ESP,FWMF,Elche,28-238,1992,21.0,6,0,0,30,54,6,5,15,20,0,0,0,108,37,50,42.5,Matches
348,Alejandro Millán\Alejandro-Millan,es ESP,FW,Villarreal,21-193,1999,0.0,0,0,0,1,0,0,0,0,0,0,0,0,0,0,0,,Matches
349,Santi Mina\Santi-Mina,es ESP,FW,Celta Vigo,25-163,1995,25.8,4,0,0,61,60,11,8,9,18,2,0,0,103,98,119,45.2,Matches
350,Óscar Mingueza\Oscar-Mingueza,es ESP,DF,Barcelona,22-006,1999,20.6,4,0,0,19,16,1,14,25,42,0,0,0,150,15,24,38.5,Matches
351,Rafa Mir\Rafa-Mir,es ESP,FW,Huesca,23-335,1997,31.0,2,0,0,59,20,34,17,9,9,1,0,0,104,117,125,48.3,Matches
352,Jorge Miramón\Jorge-Miramon,es ESP,DF,Levante,31-351,1989,19.2,1,0,0,16,11,1,53,34,24,1,0,0,159,24,26,48.0,Matches
353,Juan Miranda\Juan-Miranda,es ESP,DF,Betis,21-120,2000,17.9,4,0,0,21,20,1,52,27,14,0,0,0,123,33,41,44.6,Matches
354,Luka Modrić\Luka-Modric,hr CRO,MF,Real Madrid,35-252,1985,29.4,4,0,0,29,31,1,48,51,26,0,0,0,220,23,22,51.1,Matches
355,Johan Mojica\Johan-Mojica,co COL,DF,Elche,28-271,1992,13.2,3,0,0,17,12,1,44,27,15,0,1,0,115,11,17,39.3,Matches
356,Guillem Molina\Guillem-Molina,es ESP,DF,Valencia,21-016,2000,1.7,1,0,0,4,2,0,0,2,0,0,1,0,18,4,5,44.4,Matches
357,Jorge Molina\Jorge-Molina,es ESP,FWMF,Granada,39-027,1982,17.2,3,0,0,27,27,10,6,1,6,1,0,0,73,83,92,47.4,Matches
358,Victor Mollejo\Victor-Mollejo,es ESP,MFDF,Getafe,20-118,2001,0.8,0,0,0,0,2,0,2,0,1,0,0,0,3,1,2,33.3,Matches
359,Jon Moncayola\Jon-Moncayola,es ESP,MF,Osasuna,23-006,1998,29.1,7,1,1,39,10,0,24,20,25,0,1,0,303,38,33,53.5,Matches
360,Nacho Monreal\Nacho-Monreal,es ESP,DF,Real Sociedad,35-082,1986,22.1,1,0,0,25,15,2,39,30,19,0,0,0,167,36,26,58.1,Matches
361,Ángel Montoro\Angel-Montoro,es ESP,MF,Granada,32-328,1988,15.1,6,0,0,23,20,1,31,15,13,0,0,0,130,12,21,36.4,Matches
362,Martín Montoya\Martin-Montoya,es ESP,DF,Betis,30-035,1991,2.7,0,1,0,4,1,0,5,1,2,0,0,0,27,7,3,70.0,Matches
363,Emre Mor\Emre-Mor,tr TUR,FWMF,Celta Vigo,23-299,1997,5.6,2,0,0,7,13,6,4,2,7,0,0,0,23,4,11,26.7,Matches
364,Jon Morcillo\Jon-Morcillo,es ESP,MFFW,Athletic Club,22-246,1998,15.1,3,0,0,21,16,3,76,22,7,0,0,0,70,16,20,44.4,Matches
365,Alberto Moreno\Alberto-Moreno,es ESP,DF,Villarreal,28-318,1992,2.1,0,0,0,3,3,0,4,1,3,0,0,0,12,0,0,,Matches
366,Álex Moreno\Alex-Moreno,es ESP,DF,Betis,27-345,1993,19.3,3,0,0,20,22,0,47,26,25,0,1,0,245,21,25,45.7,Matches
367,Gerard Moreno\Gerard-Moreno,es ESP,FWMF,Villarreal,29-042,1992,28.8,3,0,0,43,58,19,42,15,12,0,0,0,122,65,71,47.8,Matches
368,Tete Morente\Tete-Morente,es ESP,MFFW,Elche,24-166,1996,22.4,5,0,0,28,34,5,53,17,27,0,0,0,142,19,25,43.2,Matches
369,Loren Morón\Loren-Moron,es ESP,FWMF,Betis,27-140,1993,10.9,2,0,0,14,25,9,2,6,7,1,0,0,41,33,54,37.9,Matches
370,Pedro Mosquera\Pedro-Mosquera,es ESP,MF,Huesca,33-028,1988,22.8,1,0,0,28,22,0,2,15,24,0,0,0,251,28,43,39.4,Matches
371,Javi Moyano\Javi-Moyano,es ESP,DF,Valladolid,35-085,1986,1.1,0,0,0,0,1,0,1,0,0,0,0,0,9,3,1,75.0,Matches
372,Iker Muniain\Iker-Muniain,es ESP,MFFW,Athletic Club,28-151,1992,21.6,1,0,0,18,69,2,34,14,19,1,0,0,122,10,16,38.5,Matches
373,Aihen Muñoz\Aihen-Munoz,es ESP,DF,Real Sociedad,23-276,1997,13.4,6,0,0,20,9,0,50,8,14,0,0,0,129,20,19,51.3,Matches
374,Joaquín Muñoz\Joaquin-Munoz,es ESP,FW,Huesca,22-070,1999,0.5,0,0,0,2,2,0,0,0,0,0,0,0,4,1,3,25.0,Matches
375,Jeison Murillo\Jeison-Murillo,co COL,DF,Celta Vigo,28-357,1992,30.0,11,1,1,45,30,0,0,33,31,0,1,0,269,74,62,54.4,Matches
376,Yunus Musah\Yunus-Musah,us USA,MF,Valencia,18-171,2002,16.9,2,0,0,20,29,3,18,8,11,0,0,0,95,18,23,43.9,Matches
377,Yoshinori Mutō\Yoshinori-Muto,jp JPN,FWMF,Eibar,28-308,1992,12.5,1,0,0,28,16,7,7,5,10,1,0,0,72,35,50,41.2,Matches
378,Nacho\Nacho,es ESP,DF,Real Madrid,31-121,1990,22.0,8,0,0,38,24,2,12,35,21,0,1,0,148,33,32,50.8,Matches
379,Nacho\Nacho,es ESP,DF,Valladolid,32-073,1989,20.1,3,1,0,15,22,0,43,26,21,0,0,0,193,16,27,37.2,Matches
380,Nano\Nano,es ESP,FWMF,Cádiz,26-103,1995,0.1,0,0,0,0,0,0,0,0,0,0,0,0,2,0,2,0.0,Matches
381,Roberto Navarro\Roberto-Navarro,es ESP,MF,Real Sociedad,19-037,2002,0.4,0,0,0,1,1,0,0,0,2,0,0,0,5,0,0,,Matches
382,Ximo Navarro\Ximo-Navarro,es ESP,DF,Alavés,31-116,1990,25.4,6,0,0,32,35,0,24,53,34,1,0,0,200,25,36,41.0,Matches
383,Jesús Navas\Jesus-Navas,es ESP,DF,Sevilla,35-179,1985,31.4,4,0,0,10,19,2,130,28,18,0,0,0,254,29,19,60.4,Matches
384,Raúl Navas\Raul-Navas,es ESP,DF,Osasuna,33-008,1988,1.9,0,0,0,2,0,0,0,3,5,0,1,0,17,1,0,100.0,Matches
385,Álvaro Negredo\Alvaro-Negredo,es ESP,FW,Cádiz,35-272,1985,23.6,4,1,1,19,36,7,12,2,7,0,1,0,75,129,153,45.7,Matches
386,Neto\Neto,br BRA,GK,Barcelona,31-304,1989,6.0,0,0,0,0,0,0,0,0,0,0,0,0,22,0,0,,Matches
387,Carlos Neva\Carlos-Neva,es ESP,DF,Granada,24-341,1996,20.0,1,0,0,7,25,1,32,32,7,0,0,0,120,11,38,22.4,Matches
388,Mamor Niang\Mamor-Niang,sn SEN,FWMF,Getafe,19-104,2002,0.2,0,0,0,0,1,0,0,1,1,0,0,0,2,1,4,20.0,Matches
389,Nieto\Nieto,es ESP,FWMF,Cádiz,23-051,1998,0.2,0,0,0,0,0,0,0,0,1,0,0,0,2,0,0,,Matches
390,Saúl Ñíguez\Saul-Niguez,es ESP,MFDF,Atlético Madrid,26-179,1994,21.9,9,0,0,42,13,7,26,21,49,0,0,0,185,62,64,49.2,Matches
391,Nino\Nino,es ESP,FWMF,Elche,40-343,1980,3.1,1,0,0,4,6,1,3,0,0,0,0,0,12,1,6,14.3,Matches
392,Fernando Niño\Fernando-Nino,es ESP,FW,Villarreal,20-207,2000,6.6,1,0,0,7,14,6,1,0,1,0,0,0,21,12,16,42.9,Matches
393,Nolito\Nolito,es ESP,MFFW,Celta Vigo,34-216,1986,28.2,6,0,0,44,42,10,24,24,42,0,1,0,179,14,39,26.4,Matches
394,Unai Núñez\Unai-Nunez,es ESP,DF,Athletic Club,24-109,1997,22.4,6,0,0,23,11,0,1,23,19,0,3,0,199,73,38,65.8,Matches
395,Kelechi Nwakali\Kelechi-Nwakali,ng NGA,MFFW,Huesca,22-348,1998,1.6,1,0,0,3,2,0,0,0,6,0,0,0,13,2,1,66.7,Matches
396,Allan Nyom\Allan-Nyom,cm CMR,MFDF,Getafe,33-009,1988,24.8,10,1,0,42,18,1,78,25,24,0,0,0,167,63,39,61.8,Matches
397,Jan Oblak\Jan-Oblak,si SVN,GK,Atlético Madrid,28-132,1993,37.0,0,0,0,0,5,0,0,0,0,0,0,1,138,0,0,,Matches
398,Lucas Ocampos\Lucas-Ocampos,ar ARG,FW,Sevilla,26-312,1994,28.6,3,0,0,33,76,5,45,26,29,1,0,0,142,38,36,51.4,Matches
399,Álvaro Odriozola\Alvaro-Odriozola,es ESP,DF,Real Madrid,25-156,1995,8.5,0,0,0,5,4,1,28,5,5,0,0,0,48,2,13,13.3,Matches
400,Shinji Okazaki\Shinji-Okazaki,jp JPN,FW,Huesca,35-033,1986,12.5,1,0,0,14,16,11,3,4,6,0,0,0,29,25,48,34.2,Matches
401,Lucas Olaza\Lucas-Olaza,uy URU,DF,Celta Vigo,26-302,1994,17.9,4,0,0,18,18,2,43,17,22,1,0,1,166,24,27,47.1,Matches
402,Lucas Olaza\Lucas-Olaza,uy URU,DF,Valladolid,26-302,1994,13.0,4,0,0,8,13,1,37,18,8,0,1,0,105,20,14,58.8,Matches
403,Christian Oliva\Christian-Oliva,uy URU,MF,Valencia,24-352,1996,2.2,0,0,0,3,3,0,0,5,2,0,0,0,17,1,1,50.0,Matches
404,Kiko Olivas\Kiko-Olivas,es ESP,DFMF,Valladolid,32-271,1988,1.0,1,0,0,1,1,0,0,1,1,0,0,0,13,1,0,100.0,Matches
405,Paulo Oliveira\Paulo-Oliveira,pt POR,DF,Eibar,29-131,1992,28.5,4,0,0,27,7,1,1,35,26,0,0,0,362,111,64,63.4,Matches
406,Mathías Olivera\Mathias-Olivera,uy URU,DF,Getafe,23-200,1997,29.0,6,0,0,27,25,2,51,35,41,0,1,0,303,74,68,52.1,Matches
407,Javier Ontiveros\Javier-Ontiveros,es ESP,FWMF,Huesca,23-252,1997,10.2,5,0,0,27,33,0,20,12,19,0,0,0,83,5,14,26.3,Matches
408,Fabián Orellana\Fabian-Orellana,cl CHI,MFFW,Valladolid,35-112,1986,23.8,5,0,0,26,57,5,55,15,20,0,0,0,166,12,53,18.5,Matches
409,Mikel Oyarzabal\Mikel-Oyarzabal,es ESP,FWMF,Real Sociedad,24-028,1997,25.9,1,0,0,26,39,16,53,18,17,1,0,0,166,19,43,30.6,Matches
410,Fernando Pacheco\Fernando-Pacheco,es ESP,GK,Alavés,29-001,1992,37.0,1,0,0,0,3,0,0,0,0,0,0,0,156,0,0,,Matches
411,Jon Pacheco\Jon-Pacheco,es ESP,DF,Real Sociedad,20-131,2001,0.4,0,0,0,0,0,0,0,1,0,0,0,0,4,0,1,0.0,Matches
412,Helibelton Palacios\Helibelton-Palacios,co COL,DF,Elche,27-344,1993,8.1,0,0,0,4,7,0,10,9,19,0,0,0,44,10,8,55.6,Matches
413,Ante Palaversa\Ante-Palaversa,hr CRO,MFFW,Getafe,21-043,2000,0.1,0,0,0,1,0,0,0,0,1,0,0,0,2,0,0,,Matches
414,Daniel Parejo\Daniel-Parejo,es ESP,MF,Villarreal,32-033,1989,33.6,4,0,0,32,59,0,42,30,55,0,0,0,316,25,23,52.1,Matches
415,Thomas Partey\Thomas-Partey,gh GHA,MF,Atlético Madrid,27-340,1993,2.2,1,0,0,5,1,0,0,2,7,0,0,0,26,3,1,75.0,Matches
416,Gabriel Paulista\Gabriel-Paulista,br BRA,DF,Valencia,30-174,1990,29.2,6,0,0,19,26,0,0,52,11,1,1,0,246,63,39,61.8,Matches
417,Alfonso Pedraza\Alfonso-Pedraza,es ESP,DF,Villarreal,25-040,1996,22.3,8,0,0,40,24,1,84,26,21,2,0,1,178,42,24,63.6,Matches
418,Pedri\Pedri,es ESP,MF,Barcelona,18-175,2002,26.8,2,0,0,18,42,0,11,35,34,1,0,0,176,7,10,41.2,Matches
419,Facundo Pellistri\Facundo-Pellistri,uy URU,MF,Alavés,19-150,2001,5.3,0,0,0,5,9,1,9,4,4,0,0,0,40,7,14,33.3,Matches
420,Rubén Peña\Ruben-Pena,es ESP,DF,Villarreal,29-305,1991,12.1,1,0,0,20,17,0,35,13,16,0,0,0,97,17,14,54.8,Matches
421,Pepe\Pepe,es ESP,DF,Granada,21-078,2000,1.8,0,0,0,2,1,0,0,1,4,0,1,0,20,1,3,25.0,Matches
422,Alberto Perea\Alberto-Perea,es ESP,MF,Cádiz,30-151,1990,16.4,0,0,0,5,33,1,34,30,15,0,0,0,97,6,16,27.3,Matches
423,Iñigo Pérez\Inigo-Perez,es ESP,MFDF,Osasuna,33-121,1988,14.1,4,1,1,13,11,0,25,9,13,0,0,0,112,12,25,32.4,Matches
424,Juan Pérez\Juan-Perez,es ESP,GK,Osasuna,24-308,1996,2.0,0,0,0,0,0,0,0,0,0,0,0,0,12,0,0,,Matches
425,Kike Pérez\Kike-Perez,es ESP,MF,Valladolid,24-094,1997,12.8,3,0,0,31,25,1,11,10,17,1,0,0,117,28,42,40.0,Matches
426,Lucas Pérez\Lucas-Perez,es ESP,FW,Alavés,32-251,1988,19.4,1,0,0,12,29,14,56,6,9,1,0,0,95,7,16,30.4,Matches
427,Luis Pérez\Luis-Perez,es ESP,DF,Valladolid,26-104,1995,14.4,1,0,0,15,17,1,36,13,23,0,1,0,129,28,17,62.2,Matches
428,Nehuén Pérez\Nehuen-Perez,ar ARG,DF,Granada,20-329,2000,8.2,4,0,0,10,1,0,0,9,6,0,0,0,44,20,19,51.3,Matches
429,Pablo Piatti\Pablo-Piatti,ar ARG,MFFW,Elche,32-049,1989,3.3,0,0,0,9,8,4,10,1,3,0,0,0,16,1,12,7.7,Matches
430,Cristiano Piccini\Cristiano-Piccini,it ITA,DF,Valencia,28-235,1992,0.7,0,0,0,0,0,0,2,1,0,0,0,0,5,2,0,100.0,Matches
431,Tomás Pina Isla\Tomas-Pina-Isla,es ESP,MF,Alavés,33-217,1987,27.6,12,0,0,68,29,2,5,40,32,0,0,0,255,46,44,51.1,Matches
432,Yeremi Pino\Yeremi-Pino,es ESP,FWMF,Villarreal,18-211,2002,8.0,4,0,0,19,15,2,11,8,9,1,1,0,33,9,17,34.6,Matches
433,Gerard Piqué\Gerard-Pique,es ESP,DF,Barcelona,34-106,1987,16.5,4,0,0,13,6,2,1,15,13,0,0,0,182,66,21,75.9,Matches
434,Miralem Pjanić\Miralem-Pjanic,ba BIH,MF,Barcelona,31-047,1990,6.8,1,0,0,4,10,0,1,8,5,0,0,0,72,5,4,55.6,Matches
435,Óscar Plano\Oscar-Plano,es ESP,MFFW,Valladolid,30-097,1991,27.0,1,1,0,43,60,3,28,36,37,0,1,0,206,60,67,47.2,Matches
436,Dani Plomer\Dani-Plomer,es ESP,FW,Granada,22-170,1998,0.5,0,0,0,0,0,0,0,0,0,0,0,0,0,0,2,0.0,Matches
437,Jorge Pombo\Jorge-Pombo,es ESP,FWMF,Cádiz,27-086,1994,5.6,1,0,0,8,13,0,8,2,4,0,0,0,40,3,3,50.0,Matches
438,Pere Pons\Pere-Pons,es ESP,MF,Alavés,28-088,1993,12.4,1,0,0,17,17,1,8,11,19,0,0,0,116,13,24,35.1,Matches
439,Francisco Portillo\Francisco-Portillo,es ESP,MFFW,Getafe,30-340,1990,4.6,1,0,0,4,4,0,12,5,3,0,0,0,42,1,15,6.3,Matches
440,Portu\Portu,es ESP,FWMF,Real Sociedad,28-363,1992,23.4,3,0,0,34,25,22,55,12,14,0,0,0,111,20,36,35.7,Matches
441,Sergio Postigo\Sergio-Postigo,es ESP,DF,Levante,32-196,1988,18.0,4,0,0,16,12,0,1,39,13,0,0,1,110,28,19,59.6,Matches
442,Darío Poveda\Dario-Poveda,es ESP,FW,Getafe,24-067,1997,0.1,0,0,0,1,0,0,0,0,0,0,0,0,1,2,1,66.7,Matches
443,Alejandro Pozo Pozo\Alejandro-Pozo-Pozo,es ESP,DFMF,Eibar,22-086,1999,24.2,4,0,0,22,18,2,59,28,26,0,0,0,201,11,39,22.0,Matches
444,Antonio Puertas\Antonio-Puertas,es ESP,FWMF,Granada,29-087,1992,23.1,6,0,0,32,22,13,39,12,17,0,0,0,136,56,87,39.2,Matches
445,Riqui Puig\Riqui-Puig,es ESP,MF,Barcelona,21-279,1999,2.8,1,0,0,2,8,0,0,2,5,0,0,0,20,1,3,25.0,Matches
446,Jorge Pulido\Jorge-Pulido,es ESP,DF,Huesca,30-041,1991,31.1,6,1,1,35,25,4,7,32,26,0,0,0,290,62,54,53.4,Matches
447,Domingos Quina\Domingos-Quina,pt POR,MF,Granada,21-182,1999,3.8,1,0,0,5,10,1,2,4,6,0,0,0,28,5,6,45.5,Matches
448,Quini\Quini,es ESP,DF,Granada,31-237,1989,13.2,5,0,0,18,9,0,17,21,23,0,0,0,120,24,11,68.6,Matches
449,Quique\Quique,es ESP,FWMF,Eibar,31-003,1990,1.7,0,0,0,3,4,1,0,0,0,0,0,0,9,6,12,33.3,Matches
450,Dani Raba\Dani-Raba,es ESP,MF,Villarreal,25-202,1995,1.6,0,0,0,3,7,1,4,2,2,0,0,0,15,1,1,50.0,Matches
451,Uroš Račić\Uros-Racic,rs SRB,MF,Valencia,23-063,1998,23.3,6,0,0,42,24,1,1,20,24,0,1,0,258,75,43,63.6,Matches
452,Nemanja Radoja\Nemanja-Radoja,rs SRB,MF,Levante,28-102,1993,12.5,1,0,0,15,9,0,3,13,11,0,0,0,130,25,14,64.1,Matches
453,Ivan Rakitić\Ivan-Rakitic,hr CRO,MF,Sevilla,33-070,1988,24.4,5,0,0,33,25,2,14,19,30,1,0,0,196,32,35,47.8,Matches
454,Jonás Ramalho\Jonas-Ramalho,es ESP,DF,Osasuna,27-343,1993,3.0,0,0,0,1,1,0,2,2,1,0,0,0,23,6,1,85.7,Matches
455,Sandro Ramírez\Sandro-Ramirez,es ESP,FWMF,Huesca,25-314,1995,13.3,2,0,0,17,47,10,18,13,11,0,0,0,66,10,26,27.8,Matches
456,Sergio Ramos\Sergio-Ramos,es ESP,DF,Real Madrid,35-050,1986,14.2,3,0,0,17,6,2,5,16,12,1,1,0,153,29,22,56.9,Matches
457,Recio\Recio,es ESP,MF,Eibar,30-128,1991,8.2,5,0,0,18,19,0,20,4,9,0,0,0,72,8,14,36.4,Matches
458,Francisco Reis Ferreira\Francisco-Reis-Ferreira,pt POR,DF,Valencia,24-054,1997,2.0,0,0,0,0,0,0,0,1,0,0,0,0,11,0,3,0.0,Matches
459,Karim Rekik\Karim-Rekik,nl NED,DF,Sevilla,26-168,1994,6.3,2,0,0,17,4,1,8,5,7,0,0,0,29,13,4,76.5,Matches
460,Álex Remiro\Alex-Remiro,es ESP,GK,Real Sociedad,26-056,1995,37.0,0,0,0,0,7,0,0,0,0,0,0,0,175,0,0,,Matches
461,Oriol Rey\Oriol-Rey,es ESP,MF,Valladolid,23-083,1998,0.2,0,0,0,0,0,0,0,0,0,0,0,0,2,0,1,0.0,Matches
462,Ricard\Ricard,es ESP,DF,Atlético Madrid,21-086,2000,0.3,0,0,0,0,0,0,2,0,1,0,0,0,2,0,1,0.0,Matches
463,Mikel Rico\Mikel-Rico,es ESP,MF,Huesca,36-196,1984,23.5,2,0,0,19,21,2,26,20,15,0,0,0,198,14,27,34.1,Matches
464,Emiliano Rigoni\Emiliano-Rigoni,ar ARG,MFFW,Elche,28-104,1993,12.7,5,0,0,21,8,7,26,5,10,0,0,0,55,6,12,33.3,Matches
465,Luis Rioja\Luis-Rioja,es ESP,MFDF,Alavés,27-215,1993,23.0,4,0,0,19,27,7,62,31,15,1,0,0,149,20,35,36.4,Matches
466,Rober\Rober,es ESP,DFMF,Levante,26-092,1995,14.8,3,1,0,19,5,1,1,32,14,0,0,0,126,21,31,40.4,Matches
467,Roberto\Roberto,es ESP,GK,Valladolid,35-098,1986,13.0,0,1,0,0,0,0,0,0,0,0,0,0,55,0,0,,Matches
468,Sergi Roberto\Sergi-Roberto,es ESP,DF,Barcelona,29-101,1992,10.5,1,0,0,7,10,2,7,8,7,0,0,0,89,8,10,44.4,Matches
469,Joel Robles\Joel-Robles,es ESP,GK,Betis,30-336,1990,18.0,2,0,0,1,1,0,0,0,0,0,1,0,89,0,0,,Matches
470,Rubén Rochina\Ruben-Rochina,es ESP,MF,Levante,30-057,1991,15.6,5,0,0,39,31,0,28,22,31,0,0,0,152,22,13,62.9,Matches
471,Rodrigo\Rodrigo,es ESP,FWMF,Betis,21-003,2000,5.3,0,0,0,1,14,2,10,2,2,0,0,0,40,1,8,11.1,Matches
472,Kévin Rodrigues\Kevin-Rodrigues,pt POR,DFMF,Eibar,27-075,1994,12.2,1,0,0,9,16,1,41,14,11,0,0,0,121,13,36,26.5,Matches
473,Óscar Rodríguez Arnaiz\Oscar-Rodriguez-Arnaiz,es ESP,MFFW,Sevilla,22-325,1998,5.3,1,0,0,13,10,0,18,8,14,0,0,0,41,7,8,46.7,Matches
474,Ángel Rodríguez\Angel-Rodriguez,es ESP,FWMF,Getafe,34-023,1987,15.3,4,0,0,27,21,13,14,2,2,1,0,0,68,26,77,25.2,Matches
475,Guido Rodríguez\Guido-Rodriguez,ar ARG,MF,Betis,27-037,1994,30.8,10,0,0,60,46,0,4,55,69,0,1,0,337,54,40,57.4,Matches
476,Miguel Rodríguez\Miguel-Rodriguez,es ESP,FWMF,Celta Vigo,18-020,2003,0.3,2,0,0,2,1,0,1,0,2,0,0,0,1,0,1,0.0,Matches
477,Víctor Rodríguez\Victor-Rodriguez,es ESP,MF,Elche,31-300,1989,4.7,1,0,0,9,8,0,2,9,4,0,0,0,37,5,4,55.6,Matches
478,Rodrygo\Rodrygo,br BRA,FW,Real Madrid,20-130,2001,10.5,0,0,0,15,21,1,15,7,7,0,0,0,47,9,14,39.1,Matches
479,Facundo Roncaglia\Facundo-Roncaglia,ar ARG,DF,Osasuna,34-098,1987,13.7,3,1,1,15,6,0,15,12,15,0,1,0,171,35,22,61.4,Matches
480,Rubén\Ruben,es ESP,GKMF,Osasuna,36-331,1984,2.1,0,1,0,1,0,0,0,0,0,0,0,0,9,0,0,,Matches
481,Waldo Rubio\Waldo-Rubio,es ESP,FW,Valladolid,25-275,1995,4.2,1,0,0,8,2,1,3,1,5,0,0,0,32,0,10,0.0,Matches
482,Aitor Ruibal\Aitor-Ruibal,es ESP,FWMF,Betis,25-058,1996,17.2,2,0,0,34,16,4,23,21,24,0,0,0,103,15,19,44.1,Matches
483,Isma Ruiz\Isma-Ruiz,es ESP,MF,Granada,20-094,2001,0.7,0,0,0,0,0,0,0,0,2,0,0,0,8,1,4,20.0,Matches
484,Víctor Ruiz\Victor-Ruiz,es ESP,DF,Betis,32-114,1989,23.0,8,0,0,23,5,3,0,46,11,0,0,2,211,65,36,64.4,Matches
485,Gerónimo Rulli\Geronimo-Rulli,ar ARG,GK,Villarreal,28-364,1992,1.0,0,1,0,0,0,0,0,0,0,0,0,0,8,0,0,,Matches
486,Modibo Sagnan\Modibo-Sagnan,ml MLI,DF,Real Sociedad,22-035,1999,6.9,3,0,0,13,4,0,1,7,5,0,0,0,59,16,14,53.3,Matches
487,Borja Sainz\Borja-Sainz,es ESP,MFFW,Alavés,20-107,2001,5.0,1,0,0,14,7,4,11,6,6,0,0,0,35,3,12,20.0,Matches
488,Salvi\Salvi,es ESP,MFFW,Cádiz,30-050,1991,21.5,5,0,0,16,29,7,84,18,12,0,1,0,125,18,36,33.3,Matches
489,Fede San Emeterio\Fede-San-Emeterio,es ESP,MF,Valladolid,24-064,1997,15.3,6,0,0,38,17,0,2,14,17,0,1,0,152,26,46,36.1,Matches
490,Antonio Sanabria\Antonio-Sanabria,py PAR,FW,Betis,25-076,1996,10.4,2,0,0,17,11,3,1,2,6,0,0,0,39,36,37,49.3,Matches
491,Oihan Sancet\Oihan-Sancet,es ESP,FWMF,Athletic Club,21-024,2000,10.9,2,0,0,18,17,4,4,3,8,0,0,0,57,15,25,37.5,Matches
492,Juan Sánchez Miño\Juan-Sanchez-Mino,ar ARG,DFMF,Elche,31-138,1990,5.5,2,0,0,11,6,0,8,4,5,0,0,0,40,4,5,44.4,Matches
493,Germán Sánchez\German-Sanchez,es ESP,DF,Granada,34-200,1986,28.3,10,1,0,29,31,4,0,24,11,0,0,0,212,85,75,53.1,Matches
494,Javi Sánchez\Javi-Sanchez,es ESP,DF,Valladolid,24-066,1997,10.2,3,0,0,6,2,0,1,13,12,0,0,0,62,18,18,50.0,Matches
495,Manuel Sánchez\Manuel-Sanchez,es ESP,DF,Atlético Madrid,20-268,2000,0.5,0,0,0,0,0,0,0,0,0,0,0,0,4,0,0,,Matches
496,Manuel Sánchez\Manuel-Sanchez,es ESP,DF,Osasuna,20-268,2000,9.8,4,0,0,15,7,0,26,10,9,0,0,0,77,7,14,33.3,Matches
497,Oier Sanjurjo\Oier-Sanjurjo,es ESP,MF,Osasuna,34-359,1986,22.2,10,0,0,56,40,2,5,26,30,0,2,0,304,67,63,51.5,Matches
498,Ivan Šaponjić\Ivan-Saponjic,rs SRB,FW,Cádiz,23-290,1997,4.3,2,0,0,14,16,4,0,3,0,0,0,0,19,20,30,40.0,Matches
499,Stefan Savić\Stefan-Savic,me MNE,DF,Atlético Madrid,30-131,1991,32.8,14,0,0,29,17,3,2,35,26,0,1,0,312,100,47,68.0,Matches
500,Jaime Seoane\Jaime-Seoane,es ESP,MF,Huesca,24-117,1997,22.0,5,0,0,40,31,1,14,19,36,0,1,0,194,29,22,56.9,Matches
501,Edgar Sevikyan\Edgar-Sevikyan,ru RUS,MF,Levante,19-284,2001,0.1,0,0,0,0,1,0,1,0,0,0,0,0,2,0,0,,Matches
502,Sidnei\Sidnei,br BRA,DF,Betis,31-269,1989,7.7,1,0,0,7,8,0,0,10,4,0,0,0,78,19,20,48.7,Matches
503,David Silva\David-Silva,es ESP,MF,Real Sociedad,35-131,1986,14.7,4,0,0,24,18,1,11,17,13,0,1,0,119,12,22,35.3,Matches
504,Gastón Silva\Gaston-Silva,uy URU,DF,Huesca,27-075,1994,6.4,2,0,0,10,2,0,1,8,12,0,1,1,45,9,10,47.4,Matches
505,Rui Silva\Rui-Silva,pt POR,GK,Granada,27-101,1994,32.0,1,0,0,2,4,0,0,0,0,0,2,0,171,0,0,,Matches
506,Unai Simón\Unai-Simon,es ESP,GK,Athletic Club,23-342,1997,37.0,1,0,0,2,6,1,0,0,0,0,1,0,178,0,1,0.0,Matches
507,Dimitris Siovas\Dimitris-Siovas,gr GRE,DF,Huesca,32-245,1988,33.1,4,0,0,36,9,1,12,41,30,0,0,0,337,132,60,68.8,Matches
508,Rafa Soares\Rafa-Soares,pt POR,DF,Eibar,26-010,1995,11.6,2,0,0,8,3,1,40,17,16,0,0,0,124,16,16,50.0,Matches
509,Rubén Sobrino\Ruben-Sobrino,es ESP,MFFW,Valencia,28-352,1992,0.5,0,0,0,4,0,0,1,1,3,0,0,0,6,0,3,0.0,Matches
510,Rubén Sobrino\Ruben-Sobrino,es ESP,FWMF,Cádiz,28-352,1992,11.4,2,0,0,17,26,4,7,9,15,1,0,0,58,23,34,40.4,Matches
511,Augusto Solari\Augusto-Solari,ar ARG,MF,Celta Vigo,29-136,1992,5.0,1,0,0,16,3,0,15,4,13,0,0,0,44,11,13,45.8,Matches
512,Roberto Soldado\Roberto-Soldado,es ESP,FW,Granada,35-357,1985,15.7,8,1,1,24,14,20,15,6,8,0,0,0,68,27,74,26.7,Matches
513,Carlos Soler\Carlos-Soler,es ESP,MF,Valencia,24-137,1997,29.4,7,0,0,27,36,0,26,21,21,0,0,0,235,19,26,42.2,Matches
514,Son\Son,es ESP,DFMF,Levante,27-050,1994,11.4,3,0,0,14,12,0,38,15,11,0,0,0,97,13,12,52.0,Matches
515,David Soria\David-Soria,es ESP,GK,Getafe,28-045,1993,28.0,2,0,0,0,4,0,0,0,0,0,0,0,177,0,0,,Matches
516,Alberto Soro\Alberto-Soro,es ESP,FWMF,Granada,22-071,1999,3.9,0,0,0,10,8,3,5,2,5,0,0,0,33,5,9,35.7,Matches
517,Hugo Sotelo\Hugo-Sotelo,es ESP,MF,Celta Vigo,17-151,2003,0.0,0,0,0,0,0,0,0,0,0,0,0,0,0,0,0,,Matches
518,Damián Suárez\Damian-Suarez,uy URU,DF,Getafe,33-022,1988,26.3,13,1,1,54,38,0,62,34,32,0,1,0,253,37,29,56.1,Matches
519,Denis Suárez\Denis-Suarez,es ESP,MF,Celta Vigo,27-133,1994,30.7,9,0,0,45,37,1,37,26,33,0,0,0,235,13,16,44.8,Matches
520,Luis Suárez\Luis-Suarez,uy URU,FW,Atlético Madrid,34-115,1987,26.9,6,0,0,21,39,32,15,5,5,2,0,0,82,24,33,42.1,Matches
521,Suso\Suso,es ESP,FW,Sevilla,27-181,1993,23.7,2,0,0,24,37,6,80,9,12,0,0,0,117,5,13,27.8,Matches
522,Tachi\Tachi,es ESP,DF,Alavés,23-251,1997,8.4,5,1,1,10,16,0,1,8,6,1,0,0,63,21,19,52.5,Matches
523,Renato Tapia\Renato-Tapia,pe PER,MF,Celta Vigo,25-295,1995,30.0,11,0,0,65,47,1,5,46,49,0,0,0,351,70,55,56.0,Matches
524,Tomás Tavares\Tomas-Tavares,pt POR,MFDF,Alavés,20-073,2001,0.7,0,0,0,1,0,0,2,1,1,0,0,0,4,1,2,33.3,Matches
525,Álvaro Tejero\Alvaro-Tejero,es ESP,DF,Eibar,24-303,1996,1.2,1,0,0,1,0,0,11,0,3,0,0,0,13,1,3,25.0,Matches
526,Cristian Tello\Cristian-Tello,es ESP,FWMF,Betis,29-281,1991,13.9,0,0,0,7,8,2,27,8,9,0,0,0,89,12,12,50.0,Matches
527,Marc-André ter Stegen\Marc-Andre-ter-Stegen,de GER,GK,Barcelona,29-019,1992,31.0,1,0,0,1,1,0,0,0,0,0,1,0,131,0,0,,Matches
528,David Timor\David-Timor,es ESP,MFDF,Getafe,31-214,1989,15.5,5,1,0,17,15,0,10,13,8,0,0,1,186,42,36,53.8,Matches
529,Toño\Tono,es ESP,DF,Levante,31-193,1989,7.4,2,0,0,10,10,1,16,6,4,0,0,0,48,5,8,38.5,Matches
530,Lucas Torreira\Lucas-Torreira,uy URU,MFFW,Atlético Madrid,25-097,1996,5.8,2,0,0,10,12,1,0,7,6,0,0,0,68,5,8,38.5,Matches
531,Óliver Torres\Oliver-Torres,es ESP,MFFW,Sevilla,26-190,1994,15.2,2,0,0,20,17,0,25,16,26,0,0,0,103,3,18,14.3,Matches
532,Pau Torres\Pau-Torres,es ESP,DF,Villarreal,24-123,1997,32.0,2,0,0,13,15,2,4,30,10,0,0,1,289,56,37,60.2,Matches
533,Roberto Torres\Roberto-Torres,es ESP,MFFW,Osasuna,32-073,1989,20.0,0,0,0,13,31,0,60,19,7,1,0,0,145,8,22,26.7,Matches
534,Lucas Torró\Lucas-Torro,es ESP,MF,Osasuna,26-304,1994,16.7,4,0,0,25,25,2,4,27,21,0,0,0,213,87,62,58.4,Matches
535,Manu Trigueros\Manu-Trigueros,es ESP,MF,Villarreal,29-214,1991,27.1,6,1,0,54,38,1,18,15,34,1,0,0,223,20,28,41.7,Matches
536,Francisco Trincão\Francisco-Trincao,pt POR,FWMF,Barcelona,21-141,1999,7.3,1,0,0,6,11,8,11,4,4,0,0,0,41,4,9,30.8,Matches
537,Kieran Trippier\Kieran-Trippier,eng ENG,DF,Atlético Madrid,30-242,1990,26.5,0,0,0,30,15,6,63,37,37,0,0,0,232,50,25,66.7,Matches
538,Samuel Umtiti\Samuel-Umtiti,fr FRA,DF,Barcelona,27-186,1993,6.7,1,0,0,13,8,0,0,12,5,0,0,0,64,20,6,76.9,Matches
539,Enes Ünal\Enes-Unal,tr TUR,FW,Getafe,24-009,1997,13.7,4,0,0,38,32,5,6,3,7,1,0,0,65,90,106,45.9,Matches
540,Tomáš Vaclík\Tomas-Vaclik,cz CZE,GK,Sevilla,32-051,1989,4.0,0,0,0,0,1,0,0,0,0,0,0,0,17,0,0,,Matches
541,Eugeni Valderrama\Eugeni-Valderrama,es ESP,FWMF,Huesca,26-304,1994,1.3,0,0,0,0,3,0,0,3,1,0,0,0,9,1,0,100.0,Matches
542,Jesús Vallejo\Jesus-Vallejo,es ESP,DF,Granada,24-134,1997,14.5,2,1,0,12,5,2,1,8,8,0,1,0,101,25,23,52.1,Matches
543,Manu Vallejo\Manu-Vallejo,es ESP,FW,Valencia,24-094,1997,10.4,2,0,0,14,20,4,8,6,9,1,0,0,49,7,23,23.3,Matches
544,Federico Valverde\Federico-Valverde,uy URU,MF,Real Madrid,22-301,1998,13.8,0,0,0,10,9,2,19,21,18,0,0,0,100,8,9,47.1,Matches
545,Raphaël Varane\Raphael-Varane,fr FRA,DF,Real Madrid,28-024,1993,29.2,2,0,0,15,10,0,1,35,11,0,0,1,248,70,24,74.5,Matches
546,Denis Vavro\Denis-Vavro,sk SVK,DF,Huesca,25-039,1996,6.0,1,0,0,6,4,0,2,12,1,0,0,1,50,12,10,54.5,Matches
547,Franco Vázquez\Franco-Vazquez,ar ARG,FWMF,Sevilla,32-086,1989,1.2,1,0,0,5,5,1,3,0,2,0,0,0,15,8,5,61.5,Matches
548,Kevin Vázquez\Kevin-Vazquez,es ESP,DF,Celta Vigo,28-057,1993,5.3,3,0,0,4,8,0,7,10,12,0,1,0,46,3,8,27.3,Matches
549,Lucas Vázquez\Lucas-Vazquez,es ESP,DFFW,Real Madrid,29-322,1991,20.5,3,0,0,31,31,3,81,15,43,0,0,0,134,10,16,38.5,Matches
550,Koke Vegas\Koke-Vegas,es ESP,GK,Levante,25-234,1995,1.0,1,0,0,0,0,0,0,0,0,0,0,0,8,0,0,,Matches
551,Gabriel Veiga\Gabriel-Veiga,es ESP,MFDF,Celta Vigo,18-357,2002,1.3,0,0,0,4,3,0,1,0,1,0,0,0,7,0,4,0.0,Matches
552,Unai Vencedor Paris\Unai-Vencedor-Paris,es ESP,MF,Athletic Club,20-185,2000,18.5,6,0,0,30,22,0,5,15,28,1,0,0,185,18,24,42.9,Matches
553,Gonzalo Verdú\Gonzalo-Verdu,es ESP,DF,Elche,32-210,1988,32.0,11,0,0,32,41,2,3,43,24,0,4,0,214,74,45,62.2,Matches
554,Mikel Vesga\Mikel-Vesga,es ESP,MF,Athletic Club,27-363,1993,18.5,7,0,0,39,13,1,5,23,26,0,0,0,217,52,40,56.5,Matches
555,Rúben Vezo\Ruben-Vezo,pt POR,DF,Levante,27-024,1994,25.7,7,0,0,28,20,0,3,35,24,0,1,1,245,60,33,64.5,Matches
556,Iñigo Vicente\Inigo-Vicente,es ESP,FW,Athletic Club,23-133,1998,0.4,0,0,0,0,0,0,6,0,1,0,0,0,10,0,0,,Matches
557,Fede Vico\Fede-Vico,es ESP,MFFW,Granada,26-319,1994,7.5,1,0,0,4,15,2,16,9,9,0,0,0,55,4,15,21.1,Matches
558,Aleix Vidal\Aleix-Vidal,es ESP,DF,Sevilla,31-271,1989,5.6,1,0,0,4,14,0,12,8,11,0,0,0,53,8,7,53.3,Matches
559,Nacho Vidal\Nacho-Vidal,es ESP,DF,Osasuna,26-115,1995,25.1,10,0,0,42,35,1,40,42,29,0,0,0,209,58,30,65.9,Matches
560,Toni Villa\Toni-Villa,es ESP,MFFW,Valladolid,26-132,1995,10.1,2,0,0,16,31,3,24,7,19,2,0,0,65,8,15,34.8,Matches
561,Asier Villalibre\Asier-Villalibre,es ESP,FW,Athletic Club,23-231,1997,16.7,1,0,0,18,31,7,17,3,4,0,0,0,41,56,51,52.3,Matches
562,Iván Villar\Ivan-Villar,es ESP,GK,Celta Vigo,23-314,1997,18.8,1,0,0,1,2,0,0,0,0,0,1,0,103,0,0,,Matches
563,Vitolo\Vitolo,es ESP,MFFW,Atlético Madrid,31-198,1989,3.3,1,0,0,6,8,1,1,1,3,1,0,0,20,7,6,53.8,Matches
564,Šime Vrsaljko\Sime-Vrsaljko,hr CRO,DF,Atlético Madrid,29-129,1992,5.8,2,0,0,8,4,1,20,6,13,0,0,0,35,16,14,53.3,Matches
565,Nikola Vukčević\Nikola-Vukcevic,me MNE,MF,Levante,29-157,1991,9.0,4,0,0,18,7,0,2,5,7,0,1,0,56,16,8,66.7,Matches
566,Daniel Wass\Daniel-Wass,dk DEN,MFDF,Valencia,31-353,1989,33.1,8,0,0,36,34,7,47,29,35,0,0,0,290,51,56,47.7,Matches
567,Shon Weissman\Shon-Weissman,il ISR,FW,Valladolid,25-094,1996,22.7,3,0,0,28,16,22,5,6,7,1,0,0,90,28,77,26.7,Matches
568,Iñaki Williams\Inaki-Williams,es ESP,FW,Athletic Club,26-338,1994,26.1,1,0,0,17,37,12,52,3,7,0,0,0,84,42,68,38.2,Matches
569,Nico Williams\Nico-Williams,es ESP,MF,Athletic Club,18-311,2002,0.6,0,0,0,1,0,1,2,1,0,0,0,0,6,1,0,100.0,Matches
570,Jawad El Yamiq\Jawad-El-Yamiq,ma MAR,DF,Valladolid,29-079,1992,14.3,5,0,0,11,14,2,2,37,12,0,1,0,141,52,21,71.2,Matches
571,Rubén Yáñez\Ruben-Yanez,es ESP,GK,Getafe,27-219,1993,9.0,2,0,0,2,1,0,0,0,0,0,0,0,39,0,0,,Matches
572,Yoel\Yoel,es ESP,GK,Eibar,32-264,1988,2.3,0,0,0,0,0,0,0,0,0,0,0,0,25,0,0,,Matches
573,Okay Yokuşlu\Okay-Yokuslu,tr TUR,MF,Celta Vigo,27-071,1994,5.1,4,1,0,13,6,2,0,10,10,0,0,0,56,11,10,52.4,Matches
574,Joseba Zaldúa\Joseba-Zaldua,es ESP,DF,Real Sociedad,28-329,1992,7.1,3,0,0,14,9,0,21,6,8,0,0,0,55,17,6,73.9,Matches
575,Oier Zarraga\Oier-Zarraga,es ESP,MF,Athletic Club,22-135,1999,1.1,0,0,0,0,2,0,1,0,1,0,0,0,6,0,2,0.0,Matches
576,Igor Zubeldia\Igor-Zubeldia,es ESP,DF,Real Sociedad,24-050,1997,21.8,5,0,0,32,11,2,6,24,21,0,0,0,214,52,30,63.4,Matches
577,Martín Zubimendi\Martin-Zubimendi,es ESP,MF,Real Sociedad,22-106,1999,19.9,6,0,0,37,17,0,2,31,20,0,0,0,174,51,27,65.4,Matches
578,Martin Ødegaard\Martin-Odegaard,no NOR,MFFW,Real Madrid,22-153,1998,2.6,0,0,0,1,1,1,2,1,0,0,0,0,15,2,3,40.0,Matches
