Rk,Player,Nation,Pos,Squad,Age,Born,90s,SCA,SCA90,PassLive,PassDead,Drib,Sh,Fld,Def,GCA,GCA90,PassLive,PassDead,Drib,Sh,Fld,Def,Matches
1,Sabit Abdulai\Sabit-Abdulai,gh GHA,MF,Getafe,22-008,1999,0.6,0,0.00,0,0,0,0,0,0,0,0.00,0,0,0,0,0,0,Matches
2,Marcos Acuña\Marcos-Acuna,ar ARG,DF,Sevilla,29-203,1991,25.9,58,2.24,39,11,5,2,0,1,4,0.15,2,1,0,1,0,0,Matches
3,Bobby Adekanye\Bobby-Adekanye,nl NED,FWMF,Cádiz,22-094,1999,0.4,0,0.00,0,0,0,0,0,0,0,0.00,0,0,0,0,0,0,Matches
4,Martin Agirregabiria\Martin-Agirregabiria,es ESP,DFMF,Alavés,25-009,1996,17.3,23,1.33,14,7,0,0,1,1,3,0.17,2,1,0,0,0,0,Matches
5,Joseph Aidoo\Joseph-Aidoo,gh GHA,DF,Celta Vigo,25-232,1995,14.3,10,0.70,7,0,1,2,0,0,2,0.14,2,0,0,0,0,0,Matches
6,Carlos Akapo\Carlos-Akapo,gq EQG,DF,Cádiz,28-068,1993,8.6,4,0.46,3,0,1,0,0,0,0,0.00,0,0,0,0,0,0,Matches
7,Paul Akouokou\Paul-Akouokou,ci CIV,MF,Betis,23-150,1997,4.2,5,1.19,4,0,0,0,0,1,0,0.00,0,0,0,0,0,0,Matches
8,Jony Álamo\Jony-Alamo,es ESP,MF,Elche,19-236,2001,0.8,1,1.23,1,0,0,0,0,0,1,1.23,1,0,0,0,0,0,Matches
9,Jordi Alba\Jordi-Alba,es ESP,DF,Barcelona,32-059,1989,33.1,86,2.60,83,1,1,0,0,1,9,0.27,9,0,0,0,0,0,Matches
10,Raúl Albiol\Raul-Albiol,es ESP,DF,Villarreal,35-257,1985,33.6,13,0.39,13,0,0,0,0,0,2,0.06,2,0,0,0,0,0,Matches
11,Paco Alcácer\Paco-Alcacer,es ESP,FW,Villarreal,27-262,1993,17.0,28,1.64,21,1,2,3,1,0,9,0.53,6,0,1,2,0,0,Matches
12,Pedro Alcalá\Pedro-Alcala,es ESP,DF,Cádiz,32-061,1989,9.4,0,0.00,0,0,0,0,0,0,0,0.00,0,0,0,0,0,0,Matches
13,Rubén Alcaraz\Ruben-Alcaraz,es ESP,MF,Valladolid,30-018,1991,24.1,22,0.91,20,0,0,2,0,0,2,0.08,2,0,0,0,0,0,Matches
14,Iván Alejo\Ivan-Alejo,es ESP,MFFW,Cádiz,26-098,1995,9.2,20,2.18,16,1,1,1,1,0,2,0.22,1,0,0,1,0,0,Matches
15,Carles Aleñá\Carles-Alena,es ESP,MF,Barcelona,23-134,1998,0.5,0,0.00,0,0,0,0,0,0,0,0.00,0,0,0,0,0,0,Matches
16,Carles Aleñá\Carles-Alena,es ESP,MFFW,Getafe,23-134,1998,14.2,54,3.81,27,11,4,6,5,1,2,0.14,2,0,0,0,0,0,Matches
17,Alfon\Alfon,es ESP,MF,Celta Vigo,22-015,1999,0.4,1,2.65,1,0,0,0,0,0,0,0.00,0,0,0,0,0,0,Matches
18,Sergio Álvarez\Sergio-Alvarez,es ESP,MFDF,Eibar,29-116,1992,17.1,11,0.64,11,0,0,0,0,0,1,0.06,1,0,0,0,0,0,Matches
19,Yeray Álvarez\Yeray-Alvarez,es ESP,DF,Athletic Club,26-115,1995,20.6,12,0.58,11,0,0,1,0,0,0,0.00,0,0,0,0,0,0,Matches
20,Emmanuel Amankwaa Akurugu\Emmanuel-Amankwaa-Akurugu,gh GHA,DF,Getafe,19-180,2001,0.5,0,0.00,0,0,0,0,0,0,0,0.00,0,0,0,0,0,0,Matches
21,Jon Ander Garrido\Jon-Ander-Garrido,es ESP,MF,Cádiz,31-222,1989,8.5,10,1.18,7,1,0,0,1,1,2,0.24,1,0,0,0,1,0,Matches
22,Ángel\Angel,es ESP,GK,Granada,18-331,2002,1.0,0,0.00,0,0,0,0,0,0,0,0.00,0,0,0,0,0,0,Matches
23,Miguel Ángel Rubio\Miguel-Angel-Rubio,es ESP,DF,Valladolid,23-069,1998,1.5,0,0.00,0,0,0,0,0,0,0,0.00,0,0,0,0,0,0,Matches
24,José Ángel\Jose-Angel,es ESP,DF,Eibar,31-256,1989,10.0,15,1.50,11,3,1,0,0,0,0,0.00,0,0,0,0,0,0,Matches
25,José Antonio Miranda\Jose-Antonio-Miranda,gq EQG,MFDF,Getafe,22-301,1998,0.3,1,3.91,1,0,0,0,0,0,0,0.00,0,0,0,0,0,0,Matches
26,Aritz Arambarri\Aritz-Arambarri,es ESP,DF,Real Sociedad,23-108,1998,0.3,1,3.46,1,0,0,0,0,0,0,0.00,0,0,0,0,0,0,Matches
27,Mauro Arambarri\Mauro-Arambarri,uy URU,MF,Getafe,25-231,1995,33.1,54,1.63,28,12,3,3,6,2,2,0.06,1,0,0,1,0,0,Matches
28,Néstor Araujo\Nestor-Araujo,mx MEX,DF,Celta Vigo,29-263,1991,26.0,8,0.31,8,0,0,0,0,0,1,0.04,1,0,0,0,0,0,Matches
29,Ronald Araújo\Ronald-Araujo,uy URU,DF,Barcelona,22-073,1999,15.8,8,0.51,4,0,1,1,1,1,1,0.06,0,0,0,1,0,0,Matches
30,Anaitz Arbilla\Anaitz-Arbilla,es ESP,DF,Eibar,34-004,1987,30.2,30,0.99,17,4,4,2,0,3,3,0.10,1,0,1,1,0,0,Matches
31,Unai Arietaleanizbeaskoa\Unai-Arietaleanizbeaskoa,es ESP,FWMF,Eibar,22-138,1999,0.5,1,1.91,0,0,0,1,0,0,0,0.00,0,0,0,0,0,0,Matches
32,Sergio Arribas\Sergio-Arribas,es ESP,FWDF,Real Madrid,19-231,2001,1.5,4,2.67,4,0,0,0,0,0,2,1.33,2,0,0,0,0,0,Matches
33,Sergio Asenjo\Sergio-Asenjo,es ESP,GK,Villarreal,31-325,1989,36.0,3,0.08,2,1,0,0,0,0,1,0.03,1,0,0,0,0,0,Matches
34,Marco Asensio\Marco-Asensio,es ESP,FWMF,Real Madrid,25-118,1996,20.2,71,3.52,46,10,6,4,3,2,8,0.40,5,1,1,1,0,0,Matches
35,Iago Aspas\Iago-Aspas,es ESP,FW,Celta Vigo,33-291,1987,30.8,112,3.63,88,3,12,6,3,0,24,0.78,17,1,4,1,1,0,Matches
36,Miguel Atienza\Miguel-Atienza,es ESP,MF,Eibar,21-357,1999,8.3,7,0.84,5,0,0,1,0,1,0,0.00,0,0,0,0,0,0,Matches
37,Ezequiel Ávila\Ezequiel-Avila,ar ARG,MFFW,Osasuna,27-102,1994,2.2,3,1.34,2,0,0,1,0,0,0,0.00,0,0,0,0,0,0,Matches
38,Ramon Azeez\Ramon-Azeez,ng NGA,MFDF,Granada,28-158,1992,1.1,0,0.00,0,0,0,0,0,0,0,0.00,0,0,0,0,0,0,Matches
39,Carlos Bacca\Carlos-Bacca,co COL,FW,Villarreal,34-253,1986,8.0,13,1.62,9,0,3,1,0,0,2,0.25,1,0,1,0,0,0,Matches
40,Édgar Badía\Edgar-Badia,es ESP,GK,Elche,29-096,1992,30.0,2,0.07,2,0,0,0,0,0,0,0.00,0,0,0,0,0,0,Matches
41,Alex Baena\Alex-Baena,es ESP,MF,Villarreal,19-303,2001,1.5,3,1.97,3,0,0,0,0,0,0,0.00,0,0,0,0,0,0,Matches
42,Miguel Baeza\Miguel-Baeza,es ESP,MFFW,Celta Vigo,21-053,2000,5.9,13,2.19,7,2,0,2,1,1,0,0.00,0,0,0,0,0,0,Matches
43,Mikel Balenziaga\Mikel-Balenziaga,es ESP,DF,Athletic Club,33-079,1988,17.8,12,0.68,10,1,0,0,0,1,2,0.11,2,0,0,0,0,0,Matches
44,Barcia\Barcia,es ESP,DF,Granada,20-139,2000,1.0,1,1.00,0,0,0,0,1,0,0,0.00,0,0,0,0,0,0,Matches
45,Enis Bardhi\Enis-Bardhi,mk MKD,MF,Levante,25-321,1995,18.0,46,2.56,34,7,3,1,1,0,5,0.28,4,1,0,0,0,0,Matches
46,Kike Barja\Kike-Barja,es ESP,MFFW,Osasuna,24-048,1997,15.0,33,2.19,24,1,4,3,1,0,4,0.27,3,0,0,0,1,0,Matches
47,Marc Baró\Marc-Baro,es ESP,DF,Cádiz,21-269,1999,1.0,3,3.00,0,2,1,0,0,0,0,0.00,0,0,0,0,0,0,Matches
48,Antonio Barragán\Antonio-Barragan,es ESP,DF,Elche,33-341,1987,23.8,22,0.92,15,2,2,1,2,0,7,0.29,3,1,2,0,1,0,Matches
49,Ander Barrenetxea\Ander-Barrenetxea,es ESP,MFFW,Real Sociedad,19-143,2001,14.4,31,2.15,25,0,2,2,1,1,4,0.28,4,0,0,0,0,0,Matches
50,Marc Bartra\Marc-Bartra,es ESP,DF,Betis,30-124,1991,17.8,6,0.34,5,0,0,0,0,1,0,0.00,0,0,0,0,0,0,Matches
51,Rodrigo Battaglia\Rodrigo-Battaglia,ar ARG,MF,Alavés,29-311,1991,27.5,18,0.65,10,0,0,4,2,2,1,0.04,1,0,0,0,0,0,Matches
52,Jon Bautista\Jon-Bautista,es ESP,FWMF,Real Sociedad,25-320,1995,4.1,9,2.19,7,0,0,2,0,0,1,0.24,1,0,0,0,0,0,Matches
53,Fran Beltrán\Fran-Beltran,es ESP,MF,Celta Vigo,22-105,1999,14.6,23,1.57,19,1,2,1,0,0,1,0.07,1,0,0,0,0,0,Matches
54,Sergio Benito\Sergio-Benito,es ESP,FW,Valladolid,22-057,1999,0.0,0,0.00,0,0,0,0,0,0,0,0.00,0,0,0,0,0,0,Matches
55,Karim Benzema\Karim-Benzema,fr FRA,FW,Real Madrid,33-151,1987,31.2,94,3.02,72,0,9,10,2,1,17,0.55,14,0,2,1,0,0,Matches
56,Yuri Berchiche\Yuri-Berchiche,es ESP,DF,Athletic Club,31-098,1990,18.7,43,2.30,36,1,2,0,3,1,7,0.37,6,0,0,0,1,0,Matches
57,Álex Berenguer\Alex-Berenguer,es ESP,MFFW,Athletic Club,25-319,1995,24.3,77,3.17,50,14,5,1,5,2,13,0.53,8,1,1,0,1,2,Matches
58,Pedro Bigas\Pedro-Bigas,es ESP,DF,Eibar,30-246,1990,16.8,8,0.48,5,1,1,0,0,1,1,0.06,1,0,0,0,0,0,Matches
59,Blanco\Blanco,es ESP,MFDF,Real Madrid,20-300,2000,2.4,5,2.05,5,0,0,0,0,0,0,0.00,0,0,0,0,0,0,Matches
60,Alejandro Blanco\Alejandro-Blanco,es ESP,MF,Valencia,22-154,1998,6.4,11,1.71,10,0,1,0,0,0,0,0.00,0,0,0,0,0,0,Matches
61,Rubén Blanco\Ruben-Blanco,es ESP,GK,Celta Vigo,25-298,1995,18.2,0,0.00,0,0,0,0,0,0,0,0.00,0,0,0,0,0,0,Matches
62,Yann Bodiger\Yann-Bodiger,fr FRA,MF,Cádiz,26-099,1995,2.8,6,2.15,2,0,0,0,2,2,0,0.00,0,0,0,0,0,0,Matches
63,Yassine Bounou\Yassine-Bounou,ma MAR,GK,Sevilla,30-044,1991,33.0,4,0.12,4,0,0,0,0,0,0,0.00,0,0,0,0,0,0,Matches
64,Lucas Boyé\Lucas-Boye,ar ARG,FW,Elche,25-080,1996,28.9,36,1.24,22,0,5,2,6,1,3,0.10,2,0,1,0,0,0,Matches
65,Martin Braithwaite\Martin-Braithwaite,dk DEN,FW,Barcelona,29-348,1991,12.6,22,1.75,16,0,1,1,3,1,4,0.32,2,0,0,1,0,1,Matches
66,Darko Brašanac\Darko-Brasanac,rs SRB,MF,Osasuna,29-096,1992,10.1,17,1.68,15,0,0,1,1,0,1,0.10,1,0,0,0,0,0,Matches
67,Álvaro Bravo\Alvaro-Bravo,es ESP,MF,Granada,23-104,1998,0.2,0,0.00,0,0,0,0,0,0,0,0.00,0,0,0,0,0,0,Matches
68,Claudio Bravo\Claudio-Bravo,cl CHI,GK,Betis,38-036,1983,19.0,5,0.26,4,1,0,0,0,0,0,0.00,0,0,0,0,0,0,Matches
69,Yan Brice Eteki\Yan-Brice-Eteki,cm CMR,MF,Granada,23-266,1997,13.7,3,0.22,2,0,0,0,1,0,0,0.00,0,0,0,0,0,0,Matches
70,Juan Brunet\Juan-Brunet,ar ARG,MF,Granada,23-115,1998,0.3,0,0.00,0,0,0,0,0,0,0,0.00,0,0,0,0,0,0,Matches
71,Bryan\Bryan,es ESP,FW,Sevilla,20-097,2001,0.1,0,0.00,0,0,0,0,0,0,0,0.00,0,0,0,0,0,0,Matches
72,Bryan\Bryan,es ESP,MFFW,Eibar,20-097,2001,24.7,92,3.73,61,12,13,3,2,1,8,0.32,5,1,2,0,0,0,Matches
73,Ante Budimir\Ante-Budimir,hr CRO,FW,Osasuna,29-301,1991,17.8,24,1.35,15,0,2,4,2,1,1,0.06,0,0,0,1,0,0,Matches
74,Esteban Burgos\Esteban-Burgos,ar ARG,DF,Eibar,29-130,1992,12.3,7,0.57,6,0,0,1,0,0,1,0.08,0,0,0,1,0,0,Matches
75,Burgui\Burgui,es ESP,MF,Alavés,27-202,1993,0.2,0,0.00,0,0,0,0,0,0,0,0.00,0,0,0,0,0,0,Matches
76,Sergio Busquets\Sergio-Busquets,es ESP,MF,Barcelona,32-307,1988,27.3,67,2.46,61,2,0,0,3,1,10,0.37,10,0,0,0,0,0,Matches
77,Erick Cabaco\Erick-Cabaco,uy URU,DF,Getafe,26-030,1995,14.7,6,0.41,4,0,0,0,2,0,0,0.00,0,0,0,0,0,0,Matches
78,Cala\Cala,es ESP,DF,Cádiz,31-174,1989,25.2,10,0.40,5,0,1,1,2,1,1,0.04,0,0,0,0,1,0,Matches
79,Jonathan Calleri\Jonathan-Calleri,ar ARG,FW,Osasuna,27-238,1993,17.2,24,1.40,17,0,2,3,1,1,6,0.35,4,0,1,1,0,0,Matches
80,Dani Calvo\Dani-Calvo,es ESP,DF,Elche,27-048,1994,18.8,0,0.00,0,0,0,0,0,0,0,0.00,0,0,0,0,0,0,Matches
81,José Campaña\Jose-Campana,es ESP,MF,Levante,27-353,1993,8.3,22,2.65,13,7,1,1,0,0,2,0.24,1,0,1,0,0,0,Matches
82,Sergio Canales\Sergio-Canales,es ESP,MFFW,Betis,30-092,1991,27.8,107,3.86,80,16,4,5,2,0,13,0.47,9,2,1,1,0,0,Matches
83,Álex Cantero\Alex-Cantero,es ESP,FW,Levante,20-345,2000,2.4,,,,,,,,,,,,,,,,,Matches
84,Ander Capa\Ander-Capa,es ESP,DF,Athletic Club,29-100,1992,23.7,36,1.52,30,2,1,2,0,1,3,0.13,2,0,0,1,0,0,Matches
85,Étienne Capoue\Etienne-Capoue,fr FRA,MF,Villarreal,32-312,1988,12.4,8,0.64,5,0,1,0,1,1,0,0.00,0,0,0,0,0,0,Matches
86,Isaac Carcelen\Isaac-Carcelen,es ESP,DF,Cádiz,28-026,1993,27.7,29,1.05,20,7,0,1,1,0,1,0.04,1,0,0,0,0,0,Matches
87,Cárdenas\Cardenas,es ESP,GK,Levante,24-052,1997,7.0,0,0.00,0,0,0,0,0,0,0,0.00,0,0,0,0,0,0,Matches
88,Marc Cardona\Marc-Cardona,es ESP,FWMF,Osasuna,25-315,1995,0.6,0,0.00,0,0,0,0,0,0,0,0.00,0,0,0,0,0,0,Matches
89,Diego Carlos\Diego-Carlos,br BRA,DF,Sevilla,28-065,1993,31.0,15,0.48,12,0,0,3,0,0,1,0.03,0,0,0,1,0,0,Matches
90,Juan Carlos\Juan-Carlos,es ESP,MFFW,Huesca,30-065,1991,3.2,10,3.09,8,0,0,0,1,1,1,0.31,1,0,0,0,0,0,Matches
91,Yannick Carrasco\Yannick-Carrasco,be BEL,DFMF,Atlético Madrid,27-257,1993,23.2,86,3.71,53,13,14,4,2,0,17,0.73,10,4,3,0,0,0,Matches
92,Sergio Carreira\Sergio-Carreira,es ESP,DF,Celta Vigo,20-218,2000,2.9,0,0.00,0,0,0,0,0,0,0,0.00,0,0,0,0,0,0,Matches
93,Guido Carrillo\Guido-Carrillo,ar ARG,FW,Elche,29-359,1991,11.1,17,1.53,16,0,1,0,0,0,3,0.27,3,0,0,0,0,0,Matches
94,Dani Carvajal\Dani-Carvajal,es ESP,DF,Real Madrid,29-128,1992,10.6,18,1.71,14,0,1,2,0,1,5,0.47,4,0,0,1,0,0,Matches
95,William Carvalho\William-Carvalho,pt POR,MF,Betis,29-042,1992,13.3,19,1.43,15,0,1,2,1,0,1,0.08,0,0,0,1,0,0,Matches
96,Casemiro\Casemiro,br BRA,MF,Real Madrid,29-085,1992,31.5,53,1.68,44,1,0,2,3,3,8,0.25,7,0,0,1,0,0,Matches
97,Sofian Chakla\Sofian-Chakla,ma MAR,DF,Getafe,27-259,1993,10.0,2,0.20,2,0,0,0,0,0,1,0.10,1,0,0,0,0,0,Matches
98,Sofian Chakla\Sofian-Chakla,ma MAR,DF,Villarreal,27-259,1993,0.1,0,0.00,0,0,0,0,0,0,0,0.00,0,0,0,0,0,0,Matches
99,Chema\Chema,es ESP,DFMF,Getafe,29-077,1992,5.2,1,0.19,1,0,0,0,0,0,0,0.00,0,0,0,0,0,0,Matches
100,Denis Cheryshev\Denis-Cheryshev,ru RUS,MF,Valencia,30-144,1990,12.1,25,2.07,18,1,2,0,2,2,4,0.33,4,0,0,0,0,0,Matches
101,Samuel Chukwueze\Samuel-Chukwueze,ng NGA,MFFW,Villarreal,21-362,1999,15.2,57,3.76,38,1,8,0,10,0,5,0.33,3,0,1,0,1,0,Matches
102,Víctor Chust\Victor-Chust,es ESP,DF,Real Madrid,21-075,2000,1.1,1,0.95,1,0,0,0,0,0,0,0.00,0,0,0,0,0,0,Matches
103,Cifu\Cifu,es ESP,DF,Elche,30-226,1990,5.0,0,0.00,0,0,0,0,0,0,0,0.00,0,0,0,0,0,0,Matches
104,Alberto Cifuentes\Alberto-Cifuentes,es ESP,GK,Cádiz,41-355,1979,2.0,1,0.50,0,1,0,0,0,0,0,0.00,0,0,0,0,0,0,Matches
105,Jasper Cillessen\Jasper-Cillessen,nl NED,GK,Valencia,32-027,1989,9.0,2,0.22,1,1,0,0,0,0,0,0.00,0,0,0,0,0,0,Matches
106,Carlos Clerc\Carlos-Clerc,es ESP,DF,Levante,29-087,1992,30.6,42,1.37,33,6,0,1,2,0,5,0.16,4,1,0,0,0,0,Matches
107,Coke\Coke,es ESP,DF,Levante,34-023,1987,9.2,8,0.87,6,0,1,1,0,0,0,0.00,0,0,0,0,0,0,Matches
108,Francis Coquelin\Francis-Coquelin,fr FRA,MF,Villarreal,30-006,1991,7.9,7,0.89,6,0,0,0,1,0,0,0.00,0,0,0,0,0,0,Matches
109,Iñigo Córdoba\Inigo-Cordoba,es ESP,FWMF,Athletic Club,24-067,1997,1.1,0,0.00,0,0,0,0,0,0,0,0.00,0,0,0,0,0,0,Matches
110,Iñigo Córdoba\Inigo-Cordoba,es ESP,MF,Alavés,24-067,1997,2.4,5,2.08,3,1,0,0,1,0,0,0.00,0,0,0,0,0,0,Matches
111,Ángel Correa\Angel-Correa,ar ARG,FWMF,Atlético Madrid,26-071,1995,25.7,76,2.96,56,2,9,5,2,2,14,0.55,11,0,2,0,1,0,Matches
112,Rober Correa\Rober-Correa,es ESP,DF,Eibar,28-241,1992,11.8,11,0.93,10,0,0,0,1,0,2,0.17,1,0,0,0,1,0,Matches
113,Thierry Correia\Thierry-Correia,pt POR,DF,Valencia,22-071,1999,22.7,31,1.36,24,0,1,1,2,3,2,0.09,1,0,1,0,0,0,Matches
114,Diego Costa\Diego-Costa,es ESP,FW,Atlético Madrid,32-224,1988,2.3,9,3.89,7,0,0,1,1,0,3,1.30,2,0,0,0,1,0,Matches
115,Jaume Costa\Jaume-Costa,es ESP,DFMF,Villarreal,33-062,1988,3.9,7,1.79,6,0,0,0,1,0,1,0.26,1,0,0,0,0,0,Matches
116,Thibaut Courtois\Thibaut-Courtois,be BEL,GK,Real Madrid,29-008,1992,37.0,4,0.11,4,0,0,0,0,0,0,0.00,0,0,0,0,0,0,Matches
117,Philippe Coutinho\Philippe-Coutinho,br BRA,MFFW,Barcelona,28-341,1992,7.3,24,3.30,18,1,1,1,3,0,4,0.55,4,0,0,0,0,0,Matches
118,Juan Cruz Armada\Juan-Cruz-Armada,es ESP,DF,Osasuna,28-295,1992,21.8,18,0.83,16,2,0,0,0,0,1,0.05,1,0,0,0,0,0,Matches
119,Sergio Cubero Ezcurra\Sergio-Cubero-Ezcurra,es ESP,MF,Eibar,21-256,1999,0.0,0,0.00,0,0,0,0,0,0,0,0.00,0,0,0,0,0,0,Matches
120,Cucho\Cucho,co COL,FWMF,Getafe,22-029,1999,16.0,33,2.06,27,0,2,1,3,0,5,0.31,5,0,0,0,0,0,Matches
121,Marc Cucurella\Marc-Cucurella,es ESP,MF,Getafe,22-301,1998,35.1,80,2.28,63,4,2,0,9,2,5,0.14,3,0,1,0,0,1,Matches
122,Patrick Cutrone\Patrick-Cutrone,it ITA,FW,Valencia,23-136,1998,1.2,2,1.67,2,0,0,0,0,0,0,0.00,0,0,0,0,0,0,Matches
123,Moussa Dembélé\Moussa-Dembele,fr FRA,FWMF,Atlético Madrid,24-311,1996,1.1,2,1.80,2,0,0,0,0,0,0,0.00,0,0,0,0,0,0,Matches
124,Ousmane Dembélé\Ousmane-Dembele,fr FRA,FWDF,Barcelona,24-004,1997,18.7,81,4.33,55,9,9,6,2,0,9,0.48,6,0,1,2,0,0,Matches
125,Sergiño Dest\Sergino-Dest,us USA,DF,Barcelona,20-197,2000,20.0,38,1.90,34,1,2,1,0,0,1,0.05,1,0,0,0,0,0,Matches
126,Deyverson\Deyverson,br BRA,FW,Alavés,30-011,1991,9.7,17,1.75,13,0,0,1,3,0,4,0.41,2,0,0,1,1,0,Matches
127,Abdoulay Diaby\Abdoulay-Diaby,ml MLI,MF,Getafe,29-363,1991,0.2,2,10.00,1,0,0,1,0,0,1,5.00,0,0,0,1,0,0,Matches
128,Mouctar Diakhaby\Mouctar-Diakhaby,fr FRA,DF,Valencia,24-151,1996,22.1,4,0.18,4,0,0,0,0,0,0,0.00,0,0,0,0,0,0,Matches
129,Víctor Díaz\Victor-Diaz,es ESP,DF,Granada,32-341,1988,8.7,11,1.26,7,3,0,1,0,0,3,0.34,2,0,0,1,0,0,Matches
130,Papakouli Diop\Papakouli-Diop,sn SEN,MF,Eibar,35-061,1986,25.1,29,1.15,22,1,1,1,2,2,1,0.04,1,0,0,0,0,0,Matches
131,Djené\Djene,tg TOG,DF,Getafe,29-139,1991,31.7,13,0.41,9,0,1,0,2,1,4,0.13,2,0,1,0,1,0,Matches
132,Marko Dmitrović\Marko-Dmitrovic,rs SRB,GK,Eibar,29-115,1992,34.7,7,0.20,6,1,0,0,0,0,0,0.00,0,0,0,0,0,0,Matches
133,Jaume Doménech\Jaume-Domenech,es ESP,GK,Valencia,30-195,1990,28.0,1,0.04,1,0,0,0,0,0,0,0.00,0,0,0,0,0,0,Matches
134,Carlos Dominguez\Carlos-Dominguez,es ESP,DF,Celta Vigo,20-138,2001,3.0,1,0.33,1,0,0,0,0,0,0,0.00,0,0,0,0,0,0,Matches
135,John Donald\John-Donald,es ESP,DF,Elche,20-262,2000,0.6,0,0.00,0,0,0,0,0,0,0,0.00,0,0,0,0,0,0,Matches
136,Cheick Doukouré\Cheick-Doukoure,ci CIV,MF,Levante,28-250,1992,1.1,1,0.89,1,0,0,0,0,0,0,0.00,0,0,0,0,0,0,Matches
137,Idrissa Doumbia\Idrissa-Doumbia,ci CIV,MF,Huesca,23-035,1998,8.4,9,1.07,7,0,0,0,0,2,0,0.00,0,0,0,0,0,0,Matches
138,Domingos Duarte\Domingos-Duarte,pt POR,DF,Granada,26-070,1995,26.3,11,0.42,9,0,0,2,0,0,0,0.00,0,0,0,0,0,0,Matches
139,Óscar Duarte\Oscar-Duarte,cr CRC,DF,Levante,31-350,1989,21.9,9,0.41,7,1,0,1,0,0,0,0.00,0,0,0,0,0,0,Matches
140,Rubén Duarte\Ruben-Duarte,es ESP,DF,Alavés,25-213,1995,27.3,47,1.72,31,14,0,1,1,0,3,0.11,3,0,0,0,0,0,Matches
141,Unai Dufur\Unai-Dufur,es ESP,DF,Eibar,22-138,1999,0.7,0,0.00,0,0,0,0,0,0,0,0.00,0,0,0,0,0,0,Matches
142,Hugo Duro\Hugo-Duro,es ESP,FW,Real Madrid,21-190,1999,0.6,1,1.64,1,0,0,0,0,0,0,0.00,0,0,0,0,0,0,Matches
143,Aritz Elustondo\Aritz-Elustondo,es ESP,DF,Real Sociedad,27-052,1994,19.9,14,0.70,13,0,0,1,0,0,2,0.10,1,0,0,1,0,0,Matches
144,Rodrigo Ely\Rodrigo-Ely,br BRA,DF,Alavés,27-197,1993,5.2,3,0.58,3,0,0,0,0,0,0,0.00,0,0,0,0,0,0,Matches
145,Emerson\Emerson,br BRA,DF,Betis,22-125,1999,32.2,60,1.86,53,4,1,0,1,1,4,0.12,4,0,0,0,0,0,Matches
146,Youssef En-Nesyri\Youssef-En-Nesyri,ma MAR,FW,Sevilla,23-352,1997,24.7,36,1.46,21,0,4,5,3,3,8,0.32,2,0,2,1,2,1,Matches
147,Sergi Enrich\Sergi-Enrich,es ESP,FW,Eibar,31-082,1990,14.8,30,2.03,21,0,0,7,1,1,3,0.20,1,0,0,2,0,0,Matches
148,Aarón Escandell\Aaron-Escandell,es ESP,GK,Granada,25-234,1995,4.0,0,0.00,0,0,0,0,0,0,0,0.00,0,0,0,0,0,0,Matches
149,Dani Escriche\Dani-Escriche,es ESP,FWMF,Huesca,23-056,1998,9.5,23,2.42,17,0,2,0,3,1,3,0.32,2,0,1,0,0,0,Matches
150,Sergio Escudero\Sergio-Escudero,es ESP,DF,Sevilla,31-259,1989,5.5,10,1.83,9,1,0,0,0,0,0,0.00,0,0,0,0,0,0,Matches
151,Alfonso Espino\Alfonso-Espino,uy URU,DF,Cádiz,29-134,1992,28.9,22,0.76,16,4,1,0,0,1,5,0.17,4,0,1,0,0,0,Matches
152,Vicente Esquerdo\Vicente-Esquerdo,es ESP,MF,Valencia,22-137,1999,2.6,3,1.17,2,0,0,0,0,1,0,0.00,0,0,0,0,0,0,Matches
153,Pervis Estupiñán\Pervis-Estupinan,ec ECU,DF,Villarreal,23-118,1998,13.0,28,2.16,24,0,1,1,2,0,3,0.23,2,0,0,0,1,0,Matches
154,Xabier Etxeita\Xabier-Etxeita,es ESP,DF,Getafe,33-200,1987,9.8,2,0.20,2,0,0,0,0,0,0,0.00,0,0,0,0,0,0,Matches
155,Edu Expósito\Edu-Exposito,es ESP,MF,Eibar,24-291,1996,27.3,84,3.08,48,17,7,3,6,3,5,0.18,4,0,0,1,0,0,Matches
156,Fali\Fali,es ESP,DFMF,Cádiz,27-280,1993,28.3,20,0.71,15,0,2,2,1,0,3,0.11,1,0,1,1,0,0,Matches
157,Ansu Fati\Ansu-Fati,es ESP,FW,Barcelona,18-200,2002,4.8,19,3.97,12,1,1,0,5,0,2,0.42,0,0,1,0,1,0,Matches
158,Nabil Fekir\Nabil-Fekir,fr FRA,MFFW,Betis,27-305,1993,28.1,136,4.83,76,18,18,7,16,1,17,0.60,9,3,3,0,2,0,Matches
159,Felipe\Felipe,br BRA,DF,Atlético Madrid,32-003,1989,21.9,8,0.37,8,0,0,0,0,0,0,0.00,0,0,0,0,0,0,Matches
160,João Félix\Joao-Felix,pt POR,FWMF,Atlético Madrid,21-190,1999,17.2,45,2.62,32,0,5,4,4,0,10,0.58,7,0,1,1,1,0,Matches
161,Aitor Fernández\Aitor-Fernandez,es ESP,GK,Levante,30-016,1991,29.0,1,0.03,1,0,0,0,0,0,0,0.00,0,0,0,0,0,0,Matches
162,Álex Fernández\Alex-Fernandez,es ESP,MF,Cádiz,28-216,1992,21.6,40,1.85,19,20,0,0,1,0,4,0.18,3,1,0,0,0,0,Matches
163,Álvaro Fernández\Alvaro-Fernandez,es ESP,GK,Huesca,23-036,1998,21.0,3,0.14,3,0,0,0,0,0,0,0.00,0,0,0,0,0,0,Matches
164,Andrés Fernández\Andres-Fernandez,es ESP,GK,Huesca,34-153,1986,16.0,0,0.00,0,0,0,0,0,0,0,0.00,0,0,0,0,0,0,Matches
165,Augusto Fernández\Augusto-Fernandez,ar ARG,MF,Cádiz,35-039,1986,3.5,1,0.29,1,0,0,0,0,0,0,0.00,0,0,0,0,0,0,Matches
166,Carlos Fernández\Carlos-Fernandez,es ESP,FW,Sevilla,24-362,1996,1.6,5,3.15,3,0,0,2,0,0,0,0.00,0,0,0,0,0,0,Matches
167,Carlos Fernández\Carlos-Fernandez,es ESP,FWMF,Real Sociedad,24-362,1996,4.1,10,2.41,7,0,0,1,2,0,3,0.72,2,0,0,1,0,0,Matches
168,Joaquín Fernández\Joaquin-Fernandez,es ESP,DF,Valladolid,24-353,1996,23.0,12,0.52,9,0,0,2,1,0,3,0.13,1,0,0,1,1,0,Matches
169,Fernando\Fernando,br BRA,MF,Sevilla,33-298,1987,28.3,36,1.27,33,1,1,0,0,1,10,0.35,9,0,1,0,0,0,Matches
170,David Ferreiro\David-Ferreiro,es ESP,MFFW,Huesca,33-048,1988,27.1,101,3.72,59,31,4,2,5,0,11,0.41,8,2,0,1,0,0,Matches
171,Facundo Ferreyra\Facundo-Ferreyra,ar ARG,FW,Celta Vigo,30-066,1991,3.3,2,0.60,0,0,0,1,1,0,0,0.00,0,0,0,0,0,0,Matches
172,Fidel\Fidel,es ESP,MFDF,Elche,31-204,1989,25.6,68,2.65,37,22,4,1,4,0,5,0.20,4,1,0,0,0,0,Matches
173,Junior Firpo\Junior-Firpo,es ESP,DF,Barcelona,24-270,1996,2.7,8,2.95,6,0,0,0,1,1,1,0.37,1,0,0,0,0,0,Matches
174,Kingsley Fobi\Kingsley-Fobi,gh GHA,DF,Granada,22-241,1998,0.5,0,0.00,0,0,0,0,0,0,0,0.00,0,0,0,0,0,0,Matches
175,Ramón Folch\Ramon-Folch,es ESP,MF,Elche,31-227,1989,0.0,0,0.00,0,0,0,0,0,0,0,0.00,0,0,0,0,0,0,Matches
176,José Fontán\Jose-Fontan,es ESP,DF,Celta Vigo,21-097,2000,7.2,4,0.55,4,0,0,0,0,0,0,0.00,0,0,0,0,0,0,Matches
177,Dimitri Foulquier\Dimitri-Foulquier,fr FRA,DF,Granada,28-057,1993,28.6,22,0.77,17,2,0,1,2,0,5,0.17,4,0,0,1,0,0,Matches
178,Juan Foyth\Juan-Foyth,ar ARG,DFMF,Villarreal,23-127,1998,13.0,11,0.85,10,0,0,0,1,0,1,0.08,1,0,0,0,0,0,Matches
179,Jorge de Frutos\Jorge-de-Frutos,es ESP,MFFW,Levante,24-088,1997,23.3,67,2.88,45,5,4,1,7,5,16,0.69,10,1,1,0,2,2,Matches
180,Ramiro Funes Mori\Ramiro-Funes-Mori,ar ARG,DF,Villarreal,30-075,1991,8.1,3,0.37,3,0,0,0,0,0,1,0.12,1,0,0,0,0,0,Matches
181,Javi Galán\Javi-Galan,es ESP,DF,Huesca,26-181,1994,34.1,69,2.03,51,9,3,0,6,0,7,0.21,4,3,0,0,0,0,Matches
182,Enric Gallego\Enric-Gallego,es ESP,FW,Osasuna,34-249,1986,8.2,16,1.95,13,0,0,1,2,0,3,0.37,2,0,0,1,0,0,Matches
183,Kévin Gameiro\Kevin-Gameiro,fr FRA,FW,Valencia,34-010,1987,12.0,14,1.17,10,0,0,2,2,0,2,0.17,2,0,0,0,0,0,Matches
184,Aleix García\Aleix-Garcia,es ESP,MF,Eibar,23-325,1997,4.9,12,2.47,7,5,0,0,0,0,1,0.21,0,1,0,0,0,0,Matches
185,Borja García\Borja-Garcia,es ESP,MFFW,Huesca,30-198,1990,12.3,38,3.08,33,0,2,1,2,0,0,0.00,0,0,0,0,0,0,Matches
186,Dani García\Dani-Garcia,es ESP,MF,Athletic Club,30-360,1990,21.3,18,0.84,15,1,0,0,0,2,1,0.05,1,0,0,0,0,0,Matches
187,David García\David-Garcia,es ESP,DF,Osasuna,27-094,1994,34.0,8,0.24,7,0,0,0,0,1,1,0.03,0,0,0,0,0,1,Matches
188,Manu García\Manu-Garcia,es ESP,MF,Alavés,35-023,1986,11.5,9,0.78,5,0,0,1,2,1,1,0.09,0,0,0,0,1,0,Matches
189,Raúl García\Raul-Garcia,es ESP,FWMF,Athletic Club,34-312,1986,19.4,33,1.70,26,0,1,0,5,1,2,0.10,2,0,0,0,0,0,Matches
190,Raúl García\Raul-Garcia,es ESP,DFMF,Valladolid,32-019,1989,5.6,8,1.43,7,1,0,0,0,0,0,0.00,0,0,0,0,0,0,Matches
191,Rubén García\Ruben-Garcia,es ESP,MFFW,Osasuna,27-309,1993,30.2,79,2.62,48,22,2,0,5,2,9,0.30,6,1,0,0,1,1,Matches
192,Sergi García\Sergi-Garcia,es ESP,MF,Alavés,22-035,1999,0.2,0,0.00,0,0,0,0,0,0,0,0.00,0,0,0,0,0,0,Matches
193,Unai García\Unai-Garcia,es ESP,DF,Osasuna,29-105,1992,13.2,8,0.61,5,1,0,2,0,0,1,0.08,1,0,0,0,0,0,Matches
194,Mario Gaspar\Mario-Gaspar,es ESP,DF,Villarreal,30-176,1990,19.6,31,1.58,25,0,1,1,2,2,4,0.20,3,0,0,0,1,0,Matches
195,Paulo Gazzaniga\Paulo-Gazzaniga,ar ARG,GK,Elche,29-137,1992,7.0,4,0.57,4,0,0,0,0,0,0,0.00,0,0,0,0,0,0,Matches
196,David Gil\David-Gil,es ESP,GK,Cádiz,27-128,1994,3.0,0,0.00,0,0,0,0,0,0,0,0.00,0,0,0,0,0,0,Matches
197,Álvaro Giménez\Alvaro-Gimenez,es ESP,FWMF,Cádiz,30-000,1991,4.5,3,0.66,3,0,0,0,0,0,0,0.00,0,0,0,0,0,0,Matches
198,Dani Gómez\Dani-Gomez,es ESP,FW,Levante,22-293,1998,17.8,28,1.58,20,0,3,2,3,0,6,0.34,3,0,0,2,1,0,Matches
199,Ibai Gómez\Ibai-Gomez,es ESP,MF,Athletic Club,31-189,1989,3.9,8,2.04,6,2,0,0,0,0,2,0.51,1,1,0,0,0,0,Matches
200,Maxi Gómez\Maxi-Gomez,uy URU,FW,Valencia,24-278,1996,29.0,46,1.59,26,0,2,5,12,1,11,0.38,3,0,0,3,5,0,Matches
201,Moi Gómez\Moi-Gomez,es ESP,MFFW,Villarreal,26-330,1994,28.4,61,2.15,46,6,6,2,1,0,4,0.14,3,1,0,0,0,0,Matches
202,Papu Gómez\Papu-Gomez,ar ARG,MFFW,Sevilla,33-093,1988,10.0,35,3.51,20,5,4,0,5,1,2,0.20,1,0,0,0,1,0,Matches
203,Sergi Gómez\Sergi-Gomez,es ESP,DF,Sevilla,29-052,1992,8.0,0,0.00,0,0,0,0,0,0,0,0.00,0,0,0,0,0,0,Matches
204,Sergio Gómez\Sergio-Gomez,es ESP,MFFW,Huesca,20-257,2000,7.8,15,1.92,9,5,0,1,0,0,1,0.13,1,0,0,0,0,0,Matches
205,Maxime Gonalons\Maxime-Gonalons,fr FRA,MF,Granada,32-070,1989,16.4,21,1.28,16,0,1,1,2,1,2,0.12,2,0,0,0,0,0,Matches
206,Bruno González\Bruno-Gonzalez,es ESP,DF,Valladolid,30-360,1990,25.1,4,0.16,3,0,0,0,1,0,0,0.00,0,0,0,0,0,0,Matches
207,Diego González\Diego-Gonzalez,es ESP,DF,Elche,26-111,1995,14.2,4,0.28,3,0,0,1,0,0,0,0.00,0,0,0,0,0,0,Matches
208,Sergio González\Sergio-Gonzalez,es ESP,MF,Cádiz,24-005,1997,1.0,1,1.00,1,0,0,0,0,0,0,0.00,0,0,0,0,0,0,Matches
209,Urko González\Urko-Gonzalez,es ESP,MF,Real Sociedad,20-060,2001,0.5,1,1.91,1,0,0,0,0,0,0,0.00,0,0,0,0,0,0,Matches
210,Andoni Gorosabel\Andoni-Gorosabel,es ESP,DF,Real Sociedad,24-288,1996,25.5,50,1.96,39,7,0,1,3,0,6,0.24,6,0,0,0,0,0,Matches
211,Antoine Griezmann\Antoine-Griezmann,fr FRA,FWMF,Barcelona,30-059,1991,27.9,85,3.04,73,3,3,2,3,1,10,0.36,9,0,0,0,1,0,Matches
212,Andrés Guardado\Andres-Guardado,mx MEX,MF,Betis,34-233,1986,13.9,23,1.65,21,0,0,0,1,1,1,0.07,1,0,0,0,0,0,Matches
213,Sergi Guardiola\Sergi-Guardiola,es ESP,FW,Valladolid,29-355,1991,19.6,27,1.38,18,0,3,1,3,2,5,0.25,3,0,1,0,1,0,Matches
214,Nemanja Gudelj\Nemanja-Gudelj,rs SRB,MF,Sevilla,29-184,1991,10.6,7,0.66,6,0,0,0,1,0,0,0.00,0,0,0,0,0,0,Matches
215,Gonçalo Guedes\Goncalo-Guedes,pt POR,MFFW,Valencia,24-171,1996,24.6,81,3.30,50,0,12,4,14,1,16,0.65,12,0,1,1,1,1,Matches
216,Ander Guevara\Ander-Guevara,es ESP,MF,Real Sociedad,23-316,1997,22.1,25,1.13,23,0,1,1,0,0,3,0.14,2,0,0,1,0,0,Matches
217,John Guidetti\John-Guidetti,se SWE,FWMF,Alavés,29-034,1992,1.5,3,2.06,3,0,0,0,0,0,0,0.00,0,0,0,0,0,0,Matches
218,Hugo Guillamón\Hugo-Guillamon,es ESP,DF,Valencia,21-108,2000,21.1,5,0.24,3,0,0,1,0,1,1,0.05,1,0,0,0,0,0,Matches
219,Jon Guridi\Jon-Guridi,es ESP,MF,Real Sociedad,26-080,1995,9.2,10,1.08,6,0,0,1,3,0,1,0.11,1,0,0,0,0,0,Matches
220,Raúl Guti\Raul-Guti,es ESP,MF,Elche,24-140,1996,30.8,25,0.81,18,0,2,1,3,1,4,0.13,1,0,0,1,2,0,Matches
221,Marcos Mauro López Gutiérrez\Marcos-Mauro-Lopez-Gutierrez,ar ARG,DF,Cádiz,30-130,1991,20.3,4,0.20,3,0,0,1,0,0,1,0.05,0,0,0,1,0,0,Matches
222,Miguel Gutiérrez\Miguel-Gutierrez,es ESP,DF,Real Madrid,19-296,2001,2.8,6,2.17,4,1,0,0,1,0,1,0.36,1,0,0,0,0,0,Matches
223,Munir El Haddadi\Munir-El-Haddadi,ma MAR,FW,Sevilla,25-260,1995,9.4,25,2.66,15,3,3,1,3,0,3,0.32,3,0,0,0,0,0,Matches
224,Eden Hazard\Eden-Hazard,be BEL,FWMF,Real Madrid,30-132,1991,5.9,19,3.21,12,1,4,0,2,0,3,0.51,2,0,1,0,0,0,Matches
225,Mario Hermoso\Mario-Hermoso,es ESP,DF,Atlético Madrid,25-335,1995,28.0,25,0.89,24,1,0,0,0,0,3,0.11,3,0,0,0,0,0,Matches
226,Aridane Hernández\Aridane-Hernandez,gq EQG,DF,Osasuna,32-057,1989,22.5,8,0.36,8,0,0,0,0,0,0,0.00,0,0,0,0,0,0,Matches
227,Héctor Herrera\Hector-Herrera,mx MEX,MF,Atlético Madrid,31-030,1990,7.5,17,2.26,12,2,1,2,0,0,3,0.40,1,1,0,1,0,0,Matches
228,Sergio Herrera\Sergio-Herrera,es ESP,GK,Osasuna,27-348,1993,32.9,2,0.06,2,0,0,0,0,0,0,0.00,0,0,0,0,0,0,Matches
229,Yangel Herrera\Yangel-Herrera,ve VEN,MF,Granada,23-132,1998,25.7,35,1.36,28,0,0,3,3,1,3,0.12,1,0,0,0,1,1,Matches
230,Pablo Hervías\Pablo-Hervias,es ESP,DFMF,Valladolid,28-072,1993,13.3,46,3.46,31,12,1,1,0,1,8,0.60,5,1,1,1,0,0,Matches
231,Jordan Holsgrove\Jordan-Holsgrove,sco SCO,MF,Celta Vigo,21-251,1999,1.6,2,1.24,2,0,0,0,0,0,0,0.00,0,0,0,0,0,0,Matches
232,Vicente Iborra\Vicente-Iborra,es ESP,MF,Villarreal,33-123,1988,10.3,10,0.97,9,0,0,0,0,1,1,0.10,1,0,0,0,0,0,Matches
233,Oussama Idrissi\Oussama-Idrissi,ma MAR,FWMF,Sevilla,25-082,1996,0.3,0,0.00,0,0,0,0,0,0,0,0.00,0,0,0,0,0,0,Matches
234,Iglesias\Iglesias,es ESP,DFMF,Getafe,22-320,1998,5.7,8,1.40,4,0,2,0,1,1,2,0.35,1,0,0,0,0,1,Matches
235,Borja Iglesias\Borja-Iglesias,es ESP,FW,Betis,28-122,1993,14.8,23,1.56,14,1,0,3,4,1,5,0.34,1,0,0,1,3,0,Matches
236,Ilaix\Ilaix,es ESP,MF,Barcelona,18-120,2003,5.4,14,2.58,10,0,2,1,1,0,3,0.55,2,0,1,0,0,0,Matches
237,Asier Illarramendi\Asier-Illarramendi,es ESP,MF,Real Sociedad,31-072,1990,3.7,5,1.34,4,0,0,0,0,1,0,0.00,0,0,0,0,0,0,Matches
238,Pablo Insua\Pablo-Insua,es ESP,DF,Huesca,27-252,1993,17.6,8,0.45,8,0,0,0,0,0,1,0.06,1,0,0,0,0,0,Matches
239,Takashi Inui\Takashi-Inui,jp JPN,MFFW,Eibar,32-351,1988,19.2,37,1.93,23,1,8,4,1,0,0,0.00,0,0,0,0,0,0,Matches
240,Alexander Isak\Alexander-Isak,se SWE,FW,Real Sociedad,21-240,1999,25.0,47,1.88,23,1,8,5,9,1,6,0.24,3,0,0,1,2,0,Matches
241,Isco\Isco,es ESP,MFFW,Real Madrid,29-028,1992,9.7,39,4.02,29,5,2,3,0,0,3,0.31,2,1,0,0,0,0,Matches
242,Jairo Izquierdo\Jairo-Izquierdo,es ESP,MFDF,Cádiz,27-209,1993,13.9,14,1.00,10,2,0,0,1,1,0,0.00,0,0,0,0,0,0,Matches
243,Saidy Janko\Saidy-Janko,ch SUI,DF,Valladolid,25-209,1995,12.7,14,1.11,14,0,0,0,0,0,2,0.16,2,0,0,0,0,0,Matches
244,Adnan Januzaj\Adnan-Januzaj,be BEL,FWMF,Real Sociedad,26-103,1995,11.2,52,4.66,32,10,5,1,4,0,8,0.72,6,1,0,0,1,0,Matches
245,Jason\Jason,es ESP,MFDF,Valencia,26-317,1994,4.9,10,2.04,9,0,1,0,0,0,1,0.20,1,0,0,0,0,0,Matches
246,Luis Javier Suárez\Luis-Javier-Suarez,co COL,FWMF,Granada,23-168,1997,17.7,42,2.38,22,0,7,4,6,3,8,0.45,3,0,1,2,1,1,Matches
247,Joaquín\Joaquin,es ESP,FWMF,Betis,39-302,1981,14.3,47,3.28,35,9,1,1,1,0,8,0.56,6,2,0,0,0,0,Matches
248,John Joe\John-Joe,ie IRL,MFDF,Getafe,17-237,2003,0.7,0,0.00,0,0,0,0,0,0,0,0.00,0,0,0,0,0,0,Matches
249,Frenkie de Jong\Frenkie-de-Jong,nl NED,MFDF,Barcelona,24-007,1997,34.2,85,2.48,74,2,2,2,5,0,7,0.20,6,0,0,1,0,0,Matches
250,Luuk de Jong\Luuk-de-Jong,nl NED,FW,Sevilla,30-265,1990,13.9,25,1.80,18,0,1,3,3,0,1,0.07,1,0,0,0,0,0,Matches
251,Jony\Jony,es ESP,MFFW,Osasuna,29-314,1991,9.6,42,4.40,30,4,5,0,2,1,3,0.31,3,0,0,0,0,0,Matches
252,Joan Jordán\Joan-Jordan,es ESP,MF,Sevilla,26-317,1994,26.1,71,2.72,56,11,2,1,0,1,8,0.31,7,1,0,0,0,0,Matches
253,Josan\Josan,es ESP,MFDF,Elche,31-167,1989,20.6,29,1.41,18,7,1,0,2,1,3,0.15,2,0,0,0,0,1,Matches
254,Willian José\Willian-Jose,br BRA,FW,Real Sociedad,29-177,1991,7.7,12,1.57,8,0,0,3,1,0,1,0.13,0,0,0,1,0,0,Matches
255,Joselu\Joselu,es ESP,FW,Alavés,31-053,1990,33.4,56,1.68,36,0,5,5,7,3,7,0.21,3,0,1,0,1,2,Matches
256,Josema\Josema,es ESP,DF,Elche,24-347,1996,21.6,14,0.65,9,4,0,1,0,0,1,0.05,0,1,0,0,0,0,Matches
257,Jota\Jota,es ESP,MF,Alavés,29-337,1991,15.5,27,1.74,15,8,2,1,0,1,2,0.13,1,0,0,1,0,0,Matches
258,Jota\Jota,pt POR,FW,Valladolid,22-050,1999,7.1,,,,,,,,,,,,,,,,,Matches
259,Luka Jović\Luka-Jovic,rs SRB,FWMF,Real Madrid,23-147,1997,1.7,4,2.42,2,0,0,1,1,0,0,0.00,0,0,0,0,0,0,Matches
260,Juanmi\Juanmi,es ESP,FWMF,Betis,27-364,1993,6.7,7,1.04,7,0,0,0,0,0,0,0.00,0,0,0,0,0,0,Matches
261,Vinicius Júnior\Vinicius-Junior,br BRA,FW,Real Madrid,20-311,2000,21.3,69,3.24,50,0,9,4,5,1,9,0.42,4,0,1,2,2,0,Matches
262,Jens Jønsson\Jens-Jonsson,dk DEN,MF,Cádiz,28-129,1993,28.4,27,0.95,23,0,0,2,2,0,3,0.11,3,0,0,0,0,0,Matches
263,Damian Kądzior\Damian-Kadzior,pl POL,FWMF,Eibar,28-337,1992,2.2,1,0.46,1,0,0,0,0,0,0,0.00,0,0,0,0,0,0,Matches
264,Lee Kangin\Lee-Kangin,kr KOR,FWMF,Valencia,20-089,2001,13.1,41,3.12,34,3,2,2,0,0,5,0.38,4,1,0,0,0,0,Matches
265,Stephane Keller\Stephane-Keller,cm CMR,DF,Alavés,19-272,2001,0.2,0,0.00,0,0,0,0,0,0,0,0.00,0,0,0,0,0,0,Matches
266,Kenedy\Kenedy,br BRA,FWMF,Granada,25-100,1996,16.3,35,2.14,15,6,7,2,3,2,5,0.31,2,1,1,0,0,1,Matches
267,Kike\Kike,es ESP,FW,Eibar,31-175,1989,33.3,65,1.95,38,0,7,6,13,1,6,0.18,2,0,3,0,0,1,Matches
268,Giorgi Kochorashvili\Giorgi-Kochorashvili,ge GEO,MF,Levante,21-324,1999,0.3,1,3.91,1,0,0,0,0,0,0,0.00,0,0,0,0,0,0,Matches
269,Kenan Kodro\Kenan-Kodro,ba BIH,FW,Valladolid,27-273,1993,5.1,7,1.37,5,0,0,0,1,1,1,0.20,0,0,0,0,1,0,Matches
270,Kenan Kodro\Kenan-Kodro,ba BIH,FWMF,Athletic Club,27-273,1993,0.5,2,4.09,0,0,0,1,1,0,2,4.09,0,0,0,1,1,0,Matches
271,Koba Koindredi\Koba-Koindredi,fr FRA,MF,Valencia,19-204,2001,0.2,0,0.00,0,0,0,0,0,0,0,0.00,0,0,0,0,0,0,Matches
272,Koke\Koke,es ESP,MF,Atlético Madrid,29-131,1992,32.6,67,2.06,54,9,1,1,0,2,6,0.18,6,0,0,0,0,0,Matches
273,Geoffrey Kondogbia\Geoffrey-Kondogbia,cf CTA,MF,Valencia,28-093,1993,4.9,5,1.02,4,0,0,0,1,0,1,0.20,1,0,0,0,0,0,Matches
274,Geoffrey Kondogbia\Geoffrey-Kondogbia,cf CTA,MFFW,Atlético Madrid,28-093,1993,6.7,10,1.50,9,0,0,0,1,0,1,0.15,1,0,0,0,0,0,Matches
275,Youssouf Koné\Youssouf-Kone,ml MLI,DFFW,Elche,25-318,1995,0.8,0,0.00,0,0,0,0,0,0,0,0.00,0,0,0,0,0,0,Matches
276,Jules Koundé\Jules-Kounde,fr FRA,DF,Sevilla,22-188,1998,32.1,28,0.87,26,0,1,1,0,0,3,0.09,3,0,0,0,0,0,Matches
277,Toni Kroos\Toni-Kroos,de GER,MF,Real Madrid,31-135,1990,23.5,107,4.55,53,44,1,3,3,3,13,0.55,6,4,0,1,0,2,Matches
278,Takefusa Kubo\Takefusa-Kubo,jp JPN,MFFW,Villarreal,19-349,2001,3.3,14,4.21,11,0,2,1,0,0,1,0.30,1,0,0,0,0,0,Matches
279,Takefusa Kubo\Takefusa-Kubo,jp JPN,MFFW,Getafe,19-349,2001,7.9,18,2.27,11,3,2,2,0,0,3,0.38,2,0,0,1,0,0,Matches
280,Kuki\Kuki,es ESP,MF,Valladolid,23-014,1998,0.3,2,6.00,1,0,0,0,0,1,2,6.00,1,0,0,0,0,1,Matches
281,Víctor Laguardia\Victor-Laguardia,es ESP,DF,Alavés,31-195,1989,29.2,12,0.41,9,1,0,1,0,1,2,0.07,2,0,0,0,0,0,Matches
282,Diego Lainez\Diego-Lainez,mx MEX,FWMF,Betis,20-344,2000,9.2,26,2.83,21,2,3,0,0,0,5,0.54,3,1,1,0,0,0,Matches
283,Toni Lato\Toni-Lato,es ESP,DF,Valencia,23-179,1997,7.1,9,1.27,6,2,1,0,0,0,1,0.14,0,0,1,0,0,0,Matches
284,Lauti\Lauti,uy URU,MFFW,Celta Vigo,20-099,2001,0.2,0,0.00,0,0,0,0,0,0,0,0.00,0,0,0,0,0,0,Matches
285,Robin Le Normand\Robin-Le-Normand,fr FRA,DF,Real Sociedad,24-189,1996,29.5,12,0.41,7,1,0,2,2,0,4,0.14,1,0,0,2,1,0,Matches
286,Jeremías Ledesma\Jeremias-Ledesma,ar ARG,GK,Cádiz,28-095,1993,32.0,6,0.19,4,2,0,0,0,0,0,0.00,0,0,0,0,0,0,Matches
287,Florian Lejeune\Florian-Lejeune,fr FRA,DF,Alavés,29-364,1991,32.5,17,0.52,12,2,0,2,0,1,3,0.09,1,0,0,2,0,0,Matches
288,Iñigo Lekue\Inigo-Lekue,es ESP,DF,Athletic Club,28-015,1993,6.2,13,2.08,10,1,2,0,0,0,0,0.00,0,0,0,0,0,0,Matches
289,Thomas Lemar\Thomas-Lemar,fr FRA,MF,Atlético Madrid,25-188,1995,15.2,36,2.37,21,12,1,0,2,0,8,0.53,5,2,0,0,1,0,Matches
290,Clément Lenglet\Clement-Lenglet,fr FRA,DF,Barcelona,25-336,1995,27.5,26,0.95,25,0,0,0,0,1,5,0.18,5,0,0,0,0,0,Matches
291,Pedro León\Pedro-Leon,es ESP,MFFW,Eibar,34-176,1986,9.9,25,2.53,11,8,3,2,1,0,2,0.20,1,1,0,0,0,0,Matches
292,Sergio León\Sergio-Leon,es ESP,FW,Levante,32-133,1989,8.3,17,2.05,9,0,5,1,1,1,2,0.24,2,0,0,0,0,0,Matches
293,Diego Llorente\Diego-Llorente,es ESP,DF,Real Sociedad,27-276,1993,1.0,0,0.00,0,0,0,0,0,0,0,0.00,0,0,0,0,0,0,Matches
294,Marcos Llorente\Marcos-Llorente,es ESP,MFDF,Atlético Madrid,26-109,1995,32.0,75,2.35,57,1,4,3,7,3,15,0.47,11,0,0,0,2,2,Matches
295,Renan Lodi\Renan-Lodi,br BRA,DF,Atlético Madrid,23-041,1998,12.2,28,2.29,16,6,2,1,2,1,4,0.33,4,0,0,0,0,0,Matches
296,Pedro López Muñoz\Pedro-Lopez-Munoz,es ESP,DF,Huesca,37-199,1983,11.7,16,1.37,15,1,0,0,0,0,2,0.17,1,1,0,0,0,0,Matches
297,Adrián López\Adrian-Lopez,es ESP,FWMF,Osasuna,33-131,1988,5.3,15,2.81,10,0,2,2,1,0,2,0.37,2,0,0,0,0,0,Matches
298,Javi López\Javi-Lopez,es ESP,DFMF,Alavés,19-138,2002,2.8,3,1.09,3,0,0,0,0,0,0,0.00,0,0,0,0,0,0,Matches
299,Roberto López\Roberto-Lopez,es ESP,MFFW,Real Sociedad,21-025,2000,5.6,19,3.40,10,5,0,4,0,0,1,0.18,0,1,0,0,0,0,Matches
300,Unai López\Unai-Lopez,es ESP,MF,Athletic Club,25-201,1995,14.8,41,2.77,29,8,1,1,1,1,2,0.13,2,0,0,0,0,0,Matches
301,Anthony Lozano\Anthony-Lozano,hn HON,FWMF,Cádiz,28-024,1993,16.9,32,1.89,15,0,5,5,6,1,5,0.30,2,0,1,2,0,0,Matches
302,Jeison Lucumí\Jeison-Lucumi,co COL,FW,Elche,26-041,1995,0.5,0,0.00,0,0,0,0,0,0,0,0.00,0,0,0,0,0,0,Matches
303,José Luis Gayà\Jose-Luis-Gaya,es ESP,DF,Valencia,25-359,1995,31.6,64,2.02,59,1,2,1,1,0,12,0.38,11,0,1,0,0,0,Matches
304,José Luis Morales\Jose-Luis-Morales,es ESP,FWMF,Levante,33-300,1987,26.8,62,2.31,42,9,5,2,3,1,10,0.37,7,0,3,0,0,0,Matches
305,Luisinho\Luisinho,pt POR,DF,Huesca,36-014,1985,2.0,2,1.01,2,0,0,0,0,0,0,0.00,0,0,0,0,0,0,Matches
306,Luismi\Luismi,es ESP,MFDF,Elche,29-014,1992,1.9,1,0.54,1,0,0,0,0,0,0,0.00,0,0,0,0,0,0,Matches
307,Darwin Machís\Darwin-Machis,ve VEN,FWMF,Granada,28-101,1993,22.0,56,2.54,25,9,7,7,6,2,12,0.55,5,1,3,1,1,1,Matches
308,Pablo Maffeo\Pablo-Maffeo,es ESP,DF,Huesca,23-311,1997,21.0,41,1.95,30,1,7,1,1,1,7,0.33,6,0,0,0,0,1,Matches
309,Abdallahi Mahmoud\Abdallahi-Mahmoud,mr MTN,MF,Alavés,21-015,2000,0.7,1,1.36,1,0,0,0,0,0,0,0.00,0,0,0,0,0,0,Matches
310,Nemanja Maksimović\Nemanja-Maksimovic,rs SRB,MF,Getafe,26-113,1995,29.4,38,1.29,32,1,1,1,1,2,1,0.03,0,0,0,1,0,0,Matches
311,Filip Malbašić\Filip-Malbasic,rs SRB,FWMF,Cádiz,28-182,1992,9.4,8,0.85,6,0,1,0,0,1,3,0.32,2,0,1,0,0,0,Matches
312,Hugo Mallo\Hugo-Mallo,es ESP,DF,Celta Vigo,29-331,1991,28.9,37,1.28,31,1,1,2,2,0,2,0.07,1,0,0,0,1,0,Matches
313,Mickael Malsa\Mickael-Malsa,mq MTQ,MF,Levante,25-219,1995,25.1,25,1.00,19,0,0,2,1,3,1,0.04,0,0,0,0,0,1,Matches
314,Aïssa Mandi\Aissa-Mandi,dz ALG,DF,Betis,29-209,1991,26.6,8,0.30,7,0,0,1,0,0,1,0.04,0,0,0,1,0,0,Matches
315,Eliaquim Mangala\Eliaquim-Mangala,fr FRA,DF,Valencia,30-095,1991,3.5,0,0.00,0,0,0,0,0,0,0,0.00,0,0,0,0,0,0,Matches
316,Maranhão\Maranhao,br BRA,FW,Valladolid,24-211,1996,12.4,15,1.21,9,0,2,1,3,0,3,0.24,2,0,0,0,1,0,Matches
317,Marcelo\Marcelo,br BRA,DF,Real Madrid,33-007,1988,11.4,38,3.33,29,2,5,2,0,0,3,0.26,3,0,0,0,0,0,Matches
318,Iván Marcone\Ivan-Marcone,ar ARG,MF,Elche,30-350,1990,29.1,23,0.79,21,2,0,0,0,0,2,0.07,2,0,0,0,0,0,Matches
319,Óscar de Marcos\Oscar-de-Marcos,es ESP,DFMF,Athletic Club,32-035,1989,16.8,20,1.19,20,0,0,0,0,0,4,0.24,4,0,0,0,0,0,Matches
320,José Mari\Jose-Mari,es ESP,MF,Cádiz,33-164,1987,15.1,11,0.73,8,0,1,0,1,1,1,0.07,1,0,0,0,0,0,Matches
321,José María Giménez\Jose-Maria-Gimenez,uy URU,DF,Atlético Madrid,26-119,1995,18.6,5,0.27,5,0,0,0,0,0,0,0.00,0,0,0,0,0,0,Matches
322,Mariano\Mariano,do DOM,FW,Real Madrid,27-291,1993,5.4,8,1.47,3,0,2,3,0,0,0,0.00,0,0,0,0,0,0,Matches
323,Adrián Marín\Adrian-Marin,es ESP,DFMF,Alavés,24-130,1997,1.0,2,1.94,2,0,0,0,0,0,0,0.00,0,0,0,0,0,0,Matches
324,Adrián Marín\Adrian-Marin,es ESP,DFFW,Granada,24-130,1997,2.8,4,1.42,4,0,0,0,0,0,2,0.71,2,0,0,0,0,0,Matches
325,Roger Martí\Roger-Marti,es ESP,FW,Levante,30-136,1991,23.4,32,1.37,25,0,2,3,1,1,6,0.26,6,0,0,0,0,0,Matches
326,Aarón Martín\Aaron-Martin,es ESP,DF,Celta Vigo,24-027,1997,16.1,12,0.74,10,0,0,1,1,0,3,0.19,3,0,0,0,0,0,Matches
327,Álex Martín\Alex-Martin,es ESP,DF,Cádiz,23-114,1998,1.1,0,0.00,0,0,0,0,0,0,0,0.00,0,0,0,0,0,0,Matches
328,Iñigo Martínez\Inigo-Martinez,es ESP,DF,Athletic Club,30-002,1991,28.0,16,0.57,14,0,0,2,0,0,1,0.04,1,0,0,0,0,0,Matches
329,Javi Martínez\Javi-Martinez,es ESP,MFFW,Osasuna,21-148,1999,5.0,10,2.00,9,0,1,0,0,0,1,0.20,1,0,0,0,0,0,Matches
330,Marvin\Marvin,es ESP,DFFW,Real Madrid,20-320,2000,1.5,2,1.35,1,1,0,0,0,0,1,0.68,1,0,0,0,0,0,Matches
331,Jordi Masip\Jordi-Masip,es ESP,GK,Valladolid,32-136,1989,24.0,3,0.12,3,0,0,0,0,0,0,0.00,0,0,0,0,0,0,Matches
332,Jaime Mata\Jaime-Mata,es ESP,FW,Getafe,32-207,1988,22.5,41,1.82,33,0,1,4,3,0,3,0.13,1,0,1,1,0,0,Matches
333,Borja Mayoral\Borja-Mayoral,es ESP,FW,Real Madrid,24-044,1997,0.3,0,0.00,0,0,0,0,0,0,0,0.00,0,0,0,0,0,0,Matches
334,Gonzalo Melero\Gonzalo-Melero,es ESP,MFFW,Levante,27-137,1994,19.6,42,2.14,36,1,0,2,2,1,4,0.20,3,0,0,1,0,0,Matches
335,Brais Méndez\Brais-Mendez,es ESP,MFFW,Celta Vigo,24-132,1997,28.7,56,1.95,41,2,2,4,5,2,15,0.52,8,0,1,3,2,1,Matches
336,Édgar Méndez\Edgar-Mendez,es ESP,MFFW,Alavés,31-137,1990,22.4,34,1.52,23,0,3,1,5,2,2,0.09,1,0,0,0,1,0,Matches
337,Eñaut Mendía\Enaut-Mendia,es ESP,FW,Eibar,21-328,1999,0.7,0,0.00,0,0,0,0,0,0,0,0.00,0,0,0,0,0,0,Matches
338,Ferland Mendy\Ferland-Mendy,fr FRA,DF,Real Madrid,25-345,1995,24.5,46,1.87,43,0,1,0,2,0,1,0.04,1,0,0,0,0,0,Matches
339,Mikel Merino\Mikel-Merino,es ESP,MF,Real Sociedad,24-331,1996,23.9,52,2.17,38,1,1,5,3,4,8,0.33,6,0,0,1,0,1,Matches
340,Martín Merquelanz\Martin-Merquelanz,es ESP,FWMF,Real Sociedad,25-341,1995,6.1,20,3.28,12,6,0,1,0,1,1,0.16,0,1,0,0,0,0,Matches
341,Roque Mesa\Roque-Mesa,es ESP,MF,Valladolid,31-346,1989,18.9,41,2.17,32,3,4,0,2,0,0,0.00,0,0,0,0,0,0,Matches
342,Lionel Messi\Lionel-Messi,ar ARG,FWMF,Barcelona,33-329,1987,33.6,241,7.17,140,19,39,11,30,2,38,1.13,24,1,8,3,2,0,Matches
343,Omenuke Mfulu\Omenuke-Mfulu,cd COD,MF,Elche,27-060,1994,7.9,2,0.25,2,0,0,0,0,0,0,0.00,0,0,0,0,0,0,Matches
344,Míchel\Michel,es ESP,MF,Valladolid,32-294,1988,10.2,30,2.94,21,6,0,1,0,2,0,0.00,0,0,0,0,0,0,Matches
345,Éder Militão\Eder-Militao,br BRA,DF,Real Madrid,23-121,1998,11.6,7,0.60,7,0,0,0,0,0,1,0.09,1,0,0,0,0,0,Matches
346,Luis Milla\Luis-Milla,es ESP,MF,Granada,26-224,1994,13.9,31,2.23,21,7,1,1,0,1,4,0.29,3,0,0,0,0,1,Matches
347,Pere Milla\Pere-Milla,es ESP,FWMF,Elche,28-238,1992,21.0,37,1.76,18,0,2,7,8,2,6,0.29,3,0,1,1,1,0,Matches
348,Alejandro Millán\Alejandro-Millan,es ESP,FW,Villarreal,21-193,1999,0.0,0,0.00,0,0,0,0,0,0,0,0.00,0,0,0,0,0,0,Matches
349,Santi Mina\Santi-Mina,es ESP,FW,Celta Vigo,25-163,1995,25.8,33,1.28,19,0,2,5,6,1,8,0.31,4,0,0,1,3,0,Matches
350,Óscar Mingueza\Oscar-Mingueza,es ESP,DF,Barcelona,22-006,1999,20.6,20,0.97,17,0,0,1,1,1,5,0.24,5,0,0,0,0,0,Matches
351,Rafa Mir\Rafa-Mir,es ESP,FW,Huesca,23-335,1997,31.0,28,0.90,18,1,2,2,2,3,2,0.06,1,0,0,0,1,0,Matches
352,Jorge Miramón\Jorge-Miramon,es ESP,DF,Levante,31-351,1989,19.2,38,1.97,34,1,1,1,1,0,6,0.31,5,0,0,0,1,0,Matches
353,Juan Miranda\Juan-Miranda,es ESP,DF,Betis,21-120,2000,17.9,21,1.18,16,3,0,1,1,0,3,0.17,3,0,0,0,0,0,Matches
354,Luka Modrić\Luka-Modric,hr CRO,MF,Real Madrid,35-252,1985,29.4,92,3.13,73,9,6,1,1,2,7,0.24,6,0,1,0,0,0,Matches
355,Johan Mojica\Johan-Mojica,co COL,DF,Elche,28-271,1992,13.2,13,0.98,10,0,1,1,1,0,0,0.00,0,0,0,0,0,0,Matches
356,Guillem Molina\Guillem-Molina,es ESP,DF,Valencia,21-016,2000,1.7,0,0.00,0,0,0,0,0,0,0,0.00,0,0,0,0,0,0,Matches
357,Jorge Molina\Jorge-Molina,es ESP,FWMF,Granada,39-027,1982,17.2,39,2.27,34,0,1,0,4,0,7,0.41,6,0,1,0,0,0,Matches
358,Victor Mollejo\Victor-Mollejo,es ESP,MFDF,Getafe,20-118,2001,0.8,5,6.25,3,0,0,0,2,0,0,0.00,0,0,0,0,0,0,Matches
359,Jon Moncayola\Jon-Moncayola,es ESP,MF,Osasuna,23-006,1998,29.1,31,1.07,29,1,0,1,0,0,2,0.07,2,0,0,0,0,0,Matches
360,Nacho Monreal\Nacho-Monreal,es ESP,DF,Real Sociedad,35-082,1986,22.1,18,0.81,17,0,0,1,0,0,2,0.09,2,0,0,0,0,0,Matches
361,Ángel Montoro\Angel-Montoro,es ESP,MF,Granada,32-328,1988,15.1,40,2.64,21,14,0,1,3,1,1,0.07,1,0,0,0,0,0,Matches
362,Martín Montoya\Martin-Montoya,es ESP,DF,Betis,30-035,1991,2.7,5,1.88,3,1,0,0,1,0,0,0.00,0,0,0,0,0,0,Matches
363,Emre Mor\Emre-Mor,tr TUR,FWMF,Celta Vigo,23-299,1997,5.6,5,0.90,2,1,2,0,0,0,0,0.00,0,0,0,0,0,0,Matches
364,Jon Morcillo\Jon-Morcillo,es ESP,MFFW,Athletic Club,22-246,1998,15.1,42,2.77,28,10,1,0,2,1,4,0.26,3,1,0,0,0,0,Matches
365,Alberto Moreno\Alberto-Moreno,es ESP,DF,Villarreal,28-318,1992,2.1,5,2.33,1,0,2,2,0,0,0,0.00,0,0,0,0,0,0,Matches
366,Álex Moreno\Alex-Moreno,es ESP,DF,Betis,27-345,1993,19.3,31,1.60,25,0,5,0,0,1,4,0.21,3,0,1,0,0,0,Matches
367,Gerard Moreno\Gerard-Moreno,es ESP,FWMF,Villarreal,29-042,1992,28.8,79,2.74,60,0,9,7,2,1,17,0.59,11,0,3,2,0,1,Matches
368,Tete Morente\Tete-Morente,es ESP,MFFW,Elche,24-166,1996,22.4,34,1.52,20,3,5,1,5,0,9,0.40,5,1,1,1,1,0,Matches
369,Loren Morón\Loren-Moron,es ESP,FWMF,Betis,27-140,1993,10.9,19,1.74,10,0,4,1,3,1,1,0.09,0,0,0,0,1,0,Matches
370,Pedro Mosquera\Pedro-Mosquera,es ESP,MF,Huesca,33-028,1988,22.8,23,1.01,20,1,0,1,1,0,3,0.13,2,0,0,1,0,0,Matches
371,Javi Moyano\Javi-Moyano,es ESP,DF,Valladolid,35-085,1986,1.1,0,0.00,0,0,0,0,0,0,0,0.00,0,0,0,0,0,0,Matches
372,Iker Muniain\Iker-Muniain,es ESP,MFFW,Athletic Club,28-151,1992,21.6,76,3.52,48,11,5,2,10,0,12,0.56,6,1,1,1,3,0,Matches
373,Aihen Muñoz\Aihen-Munoz,es ESP,DF,Real Sociedad,23-276,1997,13.4,16,1.19,14,0,0,0,2,0,3,0.22,2,0,0,0,1,0,Matches
374,Joaquín Muñoz\Joaquin-Munoz,es ESP,FW,Huesca,22-070,1999,0.5,2,4.39,1,0,0,1,0,0,0,0.00,0,0,0,0,0,0,Matches
375,Jeison Murillo\Jeison-Murillo,co COL,DF,Celta Vigo,28-357,1992,30.0,9,0.30,9,0,0,0,0,0,0,0.00,0,0,0,0,0,0,Matches
376,Yunus Musah\Yunus-Musah,us USA,MF,Valencia,18-171,2002,16.9,25,1.48,16,1,5,1,1,1,1,0.06,1,0,0,0,0,0,Matches
377,Yoshinori Mutō\Yoshinori-Muto,jp JPN,FWMF,Eibar,28-308,1992,12.5,28,2.25,13,0,3,3,6,3,2,0.16,1,0,0,0,1,0,Matches
378,Nacho\Nacho,es ESP,DF,Real Madrid,31-121,1990,22.0,14,0.64,14,0,0,0,0,0,4,0.18,4,0,0,0,0,0,Matches
379,Nacho\Nacho,es ESP,DF,Valladolid,32-073,1989,20.1,44,2.18,37,4,0,0,3,0,3,0.15,2,0,0,0,1,0,Matches
380,Nano\Nano,es ESP,FWMF,Cádiz,26-103,1995,0.1,0,0.00,0,0,0,0,0,0,0,0.00,0,0,0,0,0,0,Matches
381,Roberto Navarro\Roberto-Navarro,es ESP,MF,Real Sociedad,19-037,2002,0.4,1,2.57,0,1,0,0,0,0,0,0.00,0,0,0,0,0,0,Matches
382,Ximo Navarro\Ximo-Navarro,es ESP,DF,Alavés,31-116,1990,25.4,19,0.75,13,3,1,0,2,0,4,0.16,1,1,1,0,1,0,Matches
383,Jesús Navas\Jesus-Navas,es ESP,DF,Sevilla,35-179,1985,31.4,98,3.12,91,2,3,1,1,0,9,0.29,8,0,1,0,0,0,Matches
384,Raúl Navas\Raul-Navas,es ESP,DF,Osasuna,33-008,1988,1.9,2,1.07,1,0,0,0,0,1,0,0.00,0,0,0,0,0,0,Matches
385,Álvaro Negredo\Alvaro-Negredo,es ESP,FW,Cádiz,35-272,1985,23.6,35,1.48,26,1,4,3,0,1,8,0.34,6,0,0,1,0,1,Matches
386,Neto\Neto,br BRA,GK,Barcelona,31-304,1989,6.0,1,0.17,1,0,0,0,0,0,0,0.00,0,0,0,0,0,0,Matches
387,Carlos Neva\Carlos-Neva,es ESP,DF,Granada,24-341,1996,20.0,15,0.75,10,2,0,2,0,1,2,0.10,1,1,0,0,0,0,Matches
388,Mamor Niang\Mamor-Niang,sn SEN,FWMF,Getafe,19-104,2002,0.2,0,0.00,0,0,0,0,0,0,0,0.00,0,0,0,0,0,0,Matches
389,Nieto\Nieto,es ESP,FWMF,Cádiz,23-051,1998,0.2,1,6.43,0,0,0,1,0,0,0,0.00,0,0,0,0,0,0,Matches
390,Saúl Ñíguez\Saul-Niguez,es ESP,MFDF,Atlético Madrid,26-179,1994,21.9,33,1.51,29,0,2,1,1,0,3,0.14,3,0,0,0,0,0,Matches
391,Nino\Nino,es ESP,FWMF,Elche,40-343,1980,3.1,3,0.95,3,0,0,0,0,0,0,0.00,0,0,0,0,0,0,Matches
392,Fernando Niño\Fernando-Nino,es ESP,FW,Villarreal,20-207,2000,6.6,8,1.21,6,0,0,1,1,0,1,0.15,1,0,0,0,0,0,Matches
393,Nolito\Nolito,es ESP,MFFW,Celta Vigo,34-216,1986,28.2,68,2.41,48,7,2,4,4,3,12,0.43,9,0,0,1,1,1,Matches
394,Unai Núñez\Unai-Nunez,es ESP,DF,Athletic Club,24-109,1997,22.4,11,0.49,10,0,0,1,0,0,1,0.04,1,0,0,0,0,0,Matches
395,Kelechi Nwakali\Kelechi-Nwakali,ng NGA,MFFW,Huesca,22-348,1998,1.6,4,2.55,4,0,0,0,0,0,0,0.00,0,0,0,0,0,0,Matches
396,Allan Nyom\Allan-Nyom,cm CMR,MFDF,Getafe,33-009,1988,24.8,32,1.29,29,2,1,0,0,0,4,0.16,3,0,1,0,0,0,Matches
397,Jan Oblak\Jan-Oblak,si SVN,GK,Atlético Madrid,28-132,1993,37.0,2,0.05,1,1,0,0,0,0,1,0.03,1,0,0,0,0,0,Matches
398,Lucas Ocampos\Lucas-Ocampos,ar ARG,FW,Sevilla,26-312,1994,28.6,79,2.76,48,1,12,6,10,2,9,0.31,5,0,1,1,1,1,Matches
399,Álvaro Odriozola\Alvaro-Odriozola,es ESP,DF,Real Madrid,25-156,1995,8.5,17,2.01,15,0,0,0,2,0,1,0.12,1,0,0,0,0,0,Matches
400,Shinji Okazaki\Shinji-Okazaki,jp JPN,FW,Huesca,35-033,1986,12.5,14,1.12,9,0,2,3,0,0,2,0.16,1,0,0,1,0,0,Matches
401,Lucas Olaza\Lucas-Olaza,uy URU,DF,Celta Vigo,26-302,1994,17.9,29,1.62,21,4,1,0,3,0,6,0.33,5,0,0,0,1,0,Matches
402,Lucas Olaza\Lucas-Olaza,uy URU,DF,Valladolid,26-302,1994,13.0,27,2.08,18,6,1,0,1,1,2,0.15,2,0,0,0,0,0,Matches
403,Christian Oliva\Christian-Oliva,uy URU,MF,Valencia,24-352,1996,2.2,5,2.27,4,0,1,0,0,0,4,1.82,3,0,1,0,0,0,Matches
404,Kiko Olivas\Kiko-Olivas,es ESP,DFMF,Valladolid,32-271,1988,1.0,1,1.03,1,0,0,0,0,0,0,0.00,0,0,0,0,0,0,Matches
405,Paulo Oliveira\Paulo-Oliveira,pt POR,DF,Eibar,29-131,1992,28.5,8,0.28,7,0,0,1,0,0,1,0.04,1,0,0,0,0,0,Matches
406,Mathías Olivera\Mathias-Olivera,uy URU,DF,Getafe,23-200,1997,29.0,40,1.38,29,3,4,2,0,2,0,0.00,0,0,0,0,0,0,Matches
407,Javier Ontiveros\Javier-Ontiveros,es ESP,FWMF,Huesca,23-252,1997,10.2,44,4.31,19,6,12,1,6,0,1,0.10,0,0,1,0,0,0,Matches
408,Fabián Orellana\Fabian-Orellana,cl CHI,MFFW,Valladolid,35-112,1986,23.8,69,2.90,41,10,5,4,8,1,4,0.17,4,0,0,0,0,0,Matches
409,Mikel Oyarzabal\Mikel-Oyarzabal,es ESP,FWMF,Real Sociedad,24-028,1997,25.9,101,3.91,52,27,6,8,5,3,19,0.73,12,3,1,3,0,0,Matches
410,Fernando Pacheco\Fernando-Pacheco,es ESP,GK,Alavés,29-001,1992,37.0,2,0.05,1,1,0,0,0,0,0,0.00,0,0,0,0,0,0,Matches
411,Jon Pacheco\Jon-Pacheco,es ESP,DF,Real Sociedad,20-131,2001,0.4,0,0.00,0,0,0,0,0,0,0,0.00,0,0,0,0,0,0,Matches
412,Helibelton Palacios\Helibelton-Palacios,co COL,DF,Elche,27-344,1993,8.1,8,0.99,5,1,1,0,1,0,1,0.12,1,0,0,0,0,0,Matches
413,Ante Palaversa\Ante-Palaversa,hr CRO,MFFW,Getafe,21-043,2000,0.1,2,20.00,0,2,0,0,0,0,0,0.00,0,0,0,0,0,0,Matches
414,Daniel Parejo\Daniel-Parejo,es ESP,MF,Villarreal,32-033,1989,33.6,101,3.01,68,29,1,1,0,2,12,0.36,8,2,1,1,0,0,Matches
415,Thomas Partey\Thomas-Partey,gh GHA,MF,Atlético Madrid,27-340,1993,2.2,5,2.25,3,0,2,0,0,0,0,0.00,0,0,0,0,0,0,Matches
416,Gabriel Paulista\Gabriel-Paulista,br BRA,DF,Valencia,30-174,1990,29.2,17,0.58,16,0,0,0,1,0,3,0.10,2,0,0,0,1,0,Matches
417,Alfonso Pedraza\Alfonso-Pedraza,es ESP,DF,Villarreal,25-040,1996,22.3,53,2.38,42,0,5,2,3,1,9,0.40,4,0,1,1,3,0,Matches
418,Pedri\Pedri,es ESP,MF,Barcelona,18-175,2002,26.8,79,2.94,64,3,5,2,4,1,8,0.30,4,0,0,1,2,1,Matches
419,Facundo Pellistri\Facundo-Pellistri,uy URU,MF,Alavés,19-150,2001,5.3,4,0.76,3,0,1,0,0,0,0,0.00,0,0,0,0,0,0,Matches
420,Rubén Peña\Ruben-Pena,es ESP,DF,Villarreal,29-305,1991,12.1,16,1.32,13,0,2,0,1,0,4,0.33,2,0,2,0,0,0,Matches
421,Pepe\Pepe,es ESP,DF,Granada,21-078,2000,1.8,0,0.00,0,0,0,0,0,0,0,0.00,0,0,0,0,0,0,Matches
422,Alberto Perea\Alberto-Perea,es ESP,MF,Cádiz,30-151,1990,16.4,43,2.62,23,2,11,4,2,1,6,0.37,5,0,1,0,0,0,Matches
423,Iñigo Pérez\Inigo-Perez,es ESP,MFDF,Osasuna,33-121,1988,14.1,24,1.70,14,7,1,0,1,1,2,0.14,0,2,0,0,0,0,Matches
424,Juan Pérez\Juan-Perez,es ESP,GK,Osasuna,24-308,1996,2.0,0,0.00,0,0,0,0,0,0,0,0.00,0,0,0,0,0,0,Matches
425,Kike Pérez\Kike-Perez,es ESP,MF,Valladolid,24-094,1997,12.8,25,1.96,19,0,2,1,3,0,3,0.23,2,0,0,0,1,0,Matches
426,Lucas Pérez\Lucas-Perez,es ESP,FW,Alavés,32-251,1988,19.4,87,4.48,36,37,5,4,5,0,10,0.52,4,5,0,0,1,0,Matches
427,Luis Pérez\Luis-Perez,es ESP,DF,Valladolid,26-104,1995,14.4,11,0.76,9,1,0,0,1,0,0,0.00,0,0,0,0,0,0,Matches
428,Nehuén Pérez\Nehuen-Perez,ar ARG,DF,Granada,20-329,2000,8.2,1,0.12,0,0,0,1,0,0,0,0.00,0,0,0,0,0,0,Matches
429,Pablo Piatti\Pablo-Piatti,ar ARG,MFFW,Elche,32-049,1989,3.3,5,1.52,5,0,0,0,0,0,0,0.00,0,0,0,0,0,0,Matches
430,Cristiano Piccini\Cristiano-Piccini,it ITA,DF,Valencia,28-235,1992,0.7,0,0.00,0,0,0,0,0,0,0,0.00,0,0,0,0,0,0,Matches
431,Tomás Pina Isla\Tomas-Pina-Isla,es ESP,MF,Alavés,33-217,1987,27.6,18,0.65,15,0,1,1,0,1,0,0.00,0,0,0,0,0,0,Matches
432,Yeremi Pino\Yeremi-Pino,es ESP,FWMF,Villarreal,18-211,2002,8.0,23,2.89,14,0,4,0,5,0,2,0.25,1,0,1,0,0,0,Matches
433,Gerard Piqué\Gerard-Pique,es ESP,DF,Barcelona,34-106,1987,16.5,5,0.30,5,0,0,0,0,0,1,0.06,1,0,0,0,0,0,Matches
434,Miralem Pjanić\Miralem-Pjanic,ba BIH,MF,Barcelona,31-047,1990,6.8,31,4.57,28,2,0,1,0,0,0,0.00,0,0,0,0,0,0,Matches
435,Óscar Plano\Oscar-Plano,es ESP,MFFW,Valladolid,30-097,1991,27.0,48,1.78,34,1,1,2,10,0,6,0.22,4,1,1,0,0,0,Matches
436,Dani Plomer\Dani-Plomer,es ESP,FW,Granada,22-170,1998,0.5,0,0.00,0,0,0,0,0,0,0,0.00,0,0,0,0,0,0,Matches
437,Jorge Pombo\Jorge-Pombo,es ESP,FWMF,Cádiz,27-086,1994,5.6,14,2.49,9,0,1,2,1,1,1,0.18,1,0,0,0,0,0,Matches
438,Pere Pons\Pere-Pons,es ESP,MF,Alavés,28-088,1993,12.4,24,1.93,18,0,0,1,4,1,1,0.08,1,0,0,0,0,0,Matches
439,Francisco Portillo\Francisco-Portillo,es ESP,MFFW,Getafe,30-340,1990,4.6,11,2.37,10,0,0,0,1,0,1,0.22,1,0,0,0,0,0,Matches
440,Portu\Portu,es ESP,FWMF,Real Sociedad,28-363,1992,23.4,48,2.05,37,2,3,3,2,1,8,0.34,5,0,1,0,1,1,Matches
441,Sergio Postigo\Sergio-Postigo,es ESP,DF,Levante,32-196,1988,18.0,10,0.55,9,0,0,0,0,1,0,0.00,0,0,0,0,0,0,Matches
442,Darío Poveda\Dario-Poveda,es ESP,FW,Getafe,24-067,1997,0.1,0,0.00,0,0,0,0,0,0,0,0.00,0,0,0,0,0,0,Matches
443,Alejandro Pozo Pozo\Alejandro-Pozo-Pozo,es ESP,DFMF,Eibar,22-086,1999,24.2,30,1.24,21,1,3,1,2,2,4,0.17,3,0,0,0,0,1,Matches
444,Antonio Puertas\Antonio-Puertas,es ESP,FWMF,Granada,29-087,1992,23.1,39,1.69,29,1,4,0,4,1,7,0.30,6,0,1,0,0,0,Matches
445,Riqui Puig\Riqui-Puig,es ESP,MF,Barcelona,21-279,1999,2.8,10,3.52,10,0,0,0,0,0,2,0.70,2,0,0,0,0,0,Matches
446,Jorge Pulido\Jorge-Pulido,es ESP,DF,Huesca,30-041,1991,31.1,18,0.58,13,1,1,2,0,1,2,0.06,2,0,0,0,0,0,Matches
447,Domingos Quina\Domingos-Quina,pt POR,MF,Granada,21-182,1999,3.8,11,2.90,7,0,1,0,2,1,0,0.00,0,0,0,0,0,0,Matches
448,Quini\Quini,es ESP,DF,Granada,31-237,1989,13.2,15,1.13,14,0,0,0,0,1,1,0.08,1,0,0,0,0,0,Matches
449,Quique\Quique,es ESP,FWMF,Eibar,31-003,1990,1.7,1,0.59,1,0,0,0,0,0,0,0.00,0,0,0,0,0,0,Matches
450,Dani Raba\Dani-Raba,es ESP,MF,Villarreal,25-202,1995,1.6,8,5.14,7,0,1,0,0,0,1,0.64,1,0,0,0,0,0,Matches
451,Uroš Račić\Uros-Racic,rs SRB,MF,Valencia,23-063,1998,23.3,34,1.46,25,1,2,4,2,0,5,0.21,5,0,0,0,0,0,Matches
452,Nemanja Radoja\Nemanja-Radoja,rs SRB,MF,Levante,28-102,1993,12.5,8,0.64,8,0,0,0,0,0,3,0.24,3,0,0,0,0,0,Matches
453,Ivan Rakitić\Ivan-Rakitic,hr CRO,MF,Sevilla,33-070,1988,24.4,53,2.17,44,4,0,1,2,2,3,0.12,3,0,0,0,0,0,Matches
454,Jonás Ramalho\Jonas-Ramalho,es ESP,DF,Osasuna,27-343,1993,3.0,1,0.34,1,0,0,0,0,0,0,0.00,0,0,0,0,0,0,Matches
455,Sandro Ramírez\Sandro-Ramirez,es ESP,FWMF,Huesca,25-314,1995,13.3,21,1.58,16,0,0,3,1,1,4,0.30,3,0,0,0,0,1,Matches
456,Sergio Ramos\Sergio-Ramos,es ESP,DF,Real Madrid,35-050,1986,14.2,9,0.64,6,0,0,2,1,0,1,0.07,0,0,0,0,1,0,Matches
457,Recio\Recio,es ESP,MF,Eibar,30-128,1991,8.2,28,3.43,13,11,0,3,0,1,0,0.00,0,0,0,0,0,0,Matches
458,Francisco Reis Ferreira\Francisco-Reis-Ferreira,pt POR,DF,Valencia,24-054,1997,2.0,0,0.00,0,0,0,0,0,0,0,0.00,0,0,0,0,0,0,Matches
459,Karim Rekik\Karim-Rekik,nl NED,DF,Sevilla,26-168,1994,6.3,6,0.96,5,1,0,0,0,0,1,0.16,1,0,0,0,0,0,Matches
460,Álex Remiro\Alex-Remiro,es ESP,GK,Real Sociedad,26-056,1995,37.0,3,0.08,3,0,0,0,0,0,0,0.00,0,0,0,0,0,0,Matches
461,Oriol Rey\Oriol-Rey,es ESP,MF,Valladolid,23-083,1998,0.2,0,0.00,0,0,0,0,0,0,0,0.00,0,0,0,0,0,0,Matches
462,Ricard\Ricard,es ESP,DF,Atlético Madrid,21-086,2000,0.3,2,6.00,2,0,0,0,0,0,0,0.00,0,0,0,0,0,0,Matches
463,Mikel Rico\Mikel-Rico,es ESP,MF,Huesca,36-196,1984,23.5,44,1.87,36,2,1,1,3,1,7,0.30,7,0,0,0,0,0,Matches
464,Emiliano Rigoni\Emiliano-Rigoni,ar ARG,MFFW,Elche,28-104,1993,12.7,18,1.42,10,5,0,2,0,1,2,0.16,1,0,0,1,0,0,Matches
465,Luis Rioja\Luis-Rioja,es ESP,MFDF,Alavés,27-215,1993,23.0,50,2.18,36,2,5,2,3,2,10,0.44,4,1,2,0,1,2,Matches
466,Rober\Rober,es ESP,DFMF,Levante,26-092,1995,14.8,5,0.34,5,0,0,0,0,0,1,0.07,1,0,0,0,0,0,Matches
467,Roberto\Roberto,es ESP,GK,Valladolid,35-098,1986,13.0,0,0.00,0,0,0,0,0,0,0,0.00,0,0,0,0,0,0,Matches
468,Sergi Roberto\Sergi-Roberto,es ESP,DF,Barcelona,29-101,1992,10.5,18,1.71,17,0,0,0,0,1,2,0.19,2,0,0,0,0,0,Matches
469,Joel Robles\Joel-Robles,es ESP,GK,Betis,30-336,1990,18.0,2,0.11,2,0,0,0,0,0,0,0.00,0,0,0,0,0,0,Matches
470,Rubén Rochina\Ruben-Rochina,es ESP,MF,Levante,30-057,1991,15.6,46,2.95,30,4,2,0,6,4,3,0.19,2,0,0,0,0,1,Matches
471,Rodrigo\Rodrigo,es ESP,FWMF,Betis,21-003,2000,5.3,12,2.25,9,2,0,0,1,0,1,0.19,1,0,0,0,0,0,Matches
472,Kévin Rodrigues\Kevin-Rodrigues,pt POR,DFMF,Eibar,27-075,1994,12.2,21,1.73,15,4,1,0,1,0,1,0.08,1,0,0,0,0,0,Matches
473,Óscar Rodríguez Arnaiz\Oscar-Rodriguez-Arnaiz,es ESP,MFFW,Sevilla,22-325,1998,5.3,17,3.21,9,4,1,1,1,1,1,0.19,1,0,0,0,0,0,Matches
474,Ángel Rodríguez\Angel-Rodriguez,es ESP,FWMF,Getafe,34-023,1987,15.3,25,1.64,16,0,0,4,5,0,3,0.20,1,0,0,1,1,0,Matches
475,Guido Rodríguez\Guido-Rodriguez,ar ARG,MF,Betis,27-037,1994,30.8,37,1.20,27,0,4,2,2,2,1,0.03,0,0,0,1,0,0,Matches
476,Miguel Rodríguez\Miguel-Rodriguez,es ESP,FWMF,Celta Vigo,18-020,2003,0.3,3,9.00,2,0,0,0,0,1,0,0.00,0,0,0,0,0,0,Matches
477,Víctor Rodríguez\Victor-Rodriguez,es ESP,MF,Elche,31-300,1989,4.7,8,1.69,6,2,0,0,0,0,0,0.00,0,0,0,0,0,0,Matches
478,Rodrygo\Rodrygo,br BRA,FW,Real Madrid,20-130,2001,10.5,38,3.61,29,0,4,1,3,1,7,0.66,6,0,1,0,0,0,Matches
479,Facundo Roncaglia\Facundo-Roncaglia,ar ARG,DF,Osasuna,34-098,1987,13.7,14,1.02,11,1,1,1,0,0,2,0.15,1,0,0,1,0,0,Matches
480,Rubén\Ruben,es ESP,GKMF,Osasuna,36-331,1984,2.1,0,0.00,0,0,0,0,0,0,0,0.00,0,0,0,0,0,0,Matches
481,Waldo Rubio\Waldo-Rubio,es ESP,FW,Valladolid,25-275,1995,4.2,6,1.44,4,0,0,1,0,1,1,0.24,1,0,0,0,0,0,Matches
482,Aitor Ruibal\Aitor-Ruibal,es ESP,FWMF,Betis,25-058,1996,17.2,54,3.14,38,0,9,3,2,2,3,0.17,3,0,0,0,0,0,Matches
483,Isma Ruiz\Isma-Ruiz,es ESP,MF,Granada,20-094,2001,0.7,0,0.00,0,0,0,0,0,0,0,0.00,0,0,0,0,0,0,Matches
484,Víctor Ruiz\Victor-Ruiz,es ESP,DF,Betis,32-114,1989,23.0,5,0.22,5,0,0,0,0,0,0,0.00,0,0,0,0,0,0,Matches
485,Gerónimo Rulli\Geronimo-Rulli,ar ARG,GK,Villarreal,28-364,1992,1.0,0,0.00,0,0,0,0,0,0,0,0.00,0,0,0,0,0,0,Matches
486,Modibo Sagnan\Modibo-Sagnan,ml MLI,DF,Real Sociedad,22-035,1999,6.9,4,0.58,3,0,0,1,0,0,0,0.00,0,0,0,0,0,0,Matches
487,Borja Sainz\Borja-Sainz,es ESP,MFFW,Alavés,20-107,2001,5.0,5,0.99,3,0,1,1,0,0,0,0.00,0,0,0,0,0,0,Matches
488,Salvi\Salvi,es ESP,MFFW,Cádiz,30-050,1991,21.5,29,1.35,18,7,1,0,3,0,1,0.05,1,0,0,0,0,0,Matches
489,Fede San Emeterio\Fede-San-Emeterio,es ESP,MF,Valladolid,24-064,1997,15.3,8,0.52,7,0,0,0,1,0,0,0.00,0,0,0,0,0,0,Matches
490,Antonio Sanabria\Antonio-Sanabria,py PAR,FW,Betis,25-076,1996,10.4,16,1.55,14,0,0,2,0,0,3,0.29,3,0,0,0,0,0,Matches
491,Oihan Sancet\Oihan-Sancet,es ESP,FWMF,Athletic Club,21-024,2000,10.9,22,2.02,18,0,1,0,2,1,4,0.37,4,0,0,0,0,0,Matches
492,Juan Sánchez Miño\Juan-Sanchez-Mino,ar ARG,DFMF,Elche,31-138,1990,5.5,2,0.36,2,0,0,0,0,0,0,0.00,0,0,0,0,0,0,Matches
493,Germán Sánchez\German-Sanchez,es ESP,DF,Granada,34-200,1986,28.3,4,0.14,2,0,0,1,1,0,1,0.04,1,0,0,0,0,0,Matches
494,Javi Sánchez\Javi-Sanchez,es ESP,DF,Valladolid,24-066,1997,10.2,5,0.49,4,0,0,0,0,1,0,0.00,0,0,0,0,0,0,Matches
495,Manuel Sánchez\Manuel-Sanchez,es ESP,DF,Atlético Madrid,20-268,2000,0.5,1,1.84,1,0,0,0,0,0,1,1.84,1,0,0,0,0,0,Matches
496,Manuel Sánchez\Manuel-Sanchez,es ESP,DF,Osasuna,20-268,2000,9.8,21,2.13,17,1,1,0,1,1,4,0.41,4,0,0,0,0,0,Matches
497,Oier Sanjurjo\Oier-Sanjurjo,es ESP,MF,Osasuna,34-359,1986,22.2,27,1.22,21,0,0,0,2,4,4,0.18,3,0,0,0,0,1,Matches
498,Ivan Šaponjić\Ivan-Saponjic,rs SRB,FW,Cádiz,23-290,1997,4.3,6,1.39,3,0,0,1,2,0,0,0.00,0,0,0,0,0,0,Matches
499,Stefan Savić\Stefan-Savic,me MNE,DF,Atlético Madrid,30-131,1991,32.8,13,0.40,12,0,0,1,0,0,3,0.09,2,0,0,1,0,0,Matches
500,Jaime Seoane\Jaime-Seoane,es ESP,MF,Huesca,24-117,1997,22.0,27,1.23,22,1,1,1,1,1,1,0.05,1,0,0,0,0,0,Matches
501,Edgar Sevikyan\Edgar-Sevikyan,ru RUS,MF,Levante,19-284,2001,0.1,0,0.00,0,0,0,0,0,0,0,0.00,0,0,0,0,0,0,Matches
502,Sidnei\Sidnei,br BRA,DF,Betis,31-269,1989,7.7,0,0.00,0,0,0,0,0,0,0,0.00,0,0,0,0,0,0,Matches
503,David Silva\David-Silva,es ESP,MF,Real Sociedad,35-131,1986,14.7,59,4.00,44,5,6,3,1,0,12,0.81,10,0,2,0,0,0,Matches
504,Gastón Silva\Gaston-Silva,uy URU,DF,Huesca,27-075,1994,6.4,6,0.93,5,0,0,0,1,0,0,0.00,0,0,0,0,0,0,Matches
505,Rui Silva\Rui-Silva,pt POR,GK,Granada,27-101,1994,32.0,5,0.16,4,1,0,0,0,0,0,0.00,0,0,0,0,0,0,Matches
506,Unai Simón\Unai-Simon,es ESP,GK,Athletic Club,23-342,1997,37.0,4,0.11,4,0,0,0,0,0,1,0.03,1,0,0,0,0,0,Matches
507,Dimitris Siovas\Dimitris-Siovas,gr GRE,DF,Huesca,32-245,1988,33.1,16,0.48,11,0,0,4,1,0,1,0.03,0,0,0,1,0,0,Matches
508,Rafa Soares\Rafa-Soares,pt POR,DF,Eibar,26-010,1995,11.6,18,1.55,15,3,0,0,0,0,2,0.17,2,0,0,0,0,0,Matches
509,Rubén Sobrino\Ruben-Sobrino,es ESP,MFFW,Valencia,28-352,1992,0.5,1,1.84,1,0,0,0,0,0,0,0.00,0,0,0,0,0,0,Matches
510,Rubén Sobrino\Ruben-Sobrino,es ESP,FWMF,Cádiz,28-352,1992,11.4,17,1.50,11,0,1,1,3,1,4,0.35,2,0,0,0,2,0,Matches
511,Augusto Solari\Augusto-Solari,ar ARG,MF,Celta Vigo,29-136,1992,5.0,13,2.58,12,1,0,0,0,0,2,0.40,2,0,0,0,0,0,Matches
512,Roberto Soldado\Roberto-Soldado,es ESP,FW,Granada,35-357,1985,15.7,21,1.33,13,0,0,4,3,1,2,0.13,0,0,0,1,1,0,Matches
513,Carlos Soler\Carlos-Soler,es ESP,MF,Valencia,24-137,1997,29.4,71,2.42,30,31,4,2,4,0,13,0.44,3,7,1,1,1,0,Matches
514,Son\Son,es ESP,DFMF,Levante,27-050,1994,11.4,30,2.63,24,3,1,0,2,0,1,0.09,0,1,0,0,0,0,Matches
515,David Soria\David-Soria,es ESP,GK,Getafe,28-045,1993,28.0,6,0.21,5,1,0,0,0,0,1,0.04,1,0,0,0,0,0,Matches
516,Alberto Soro\Alberto-Soro,es ESP,FWMF,Granada,22-071,1999,3.9,8,2.07,7,0,1,0,0,0,2,0.52,2,0,0,0,0,0,Matches
517,Hugo Sotelo\Hugo-Sotelo,es ESP,MF,Celta Vigo,17-151,2003,0.0,0,0.00,0,0,0,0,0,0,0,0.00,0,0,0,0,0,0,Matches
518,Damián Suárez\Damian-Suarez,uy URU,DF,Getafe,33-022,1988,26.3,34,1.29,19,8,1,1,4,1,2,0.08,1,0,1,0,0,0,Matches
519,Denis Suárez\Denis-Suarez,es ESP,MF,Celta Vigo,27-133,1994,30.7,75,2.44,47,20,2,2,3,1,15,0.49,11,4,0,0,0,0,Matches
520,Luis Suárez\Luis-Suarez,uy URU,FW,Atlético Madrid,34-115,1987,26.9,62,2.31,39,2,4,9,8,0,9,0.33,4,0,1,1,3,0,Matches
521,Suso\Suso,es ESP,FW,Sevilla,27-181,1993,23.7,97,4.09,75,5,11,2,3,1,12,0.51,10,1,0,1,0,0,Matches
522,Tachi\Tachi,es ESP,DF,Alavés,23-251,1997,8.4,4,0.47,1,1,0,0,2,0,1,0.12,0,0,0,0,1,0,Matches
523,Renato Tapia\Renato-Tapia,pe PER,MF,Celta Vigo,25-295,1995,30.0,26,0.87,22,0,0,1,2,1,3,0.10,3,0,0,0,0,0,Matches
524,Tomás Tavares\Tomas-Tavares,pt POR,MFDF,Alavés,20-073,2001,0.7,2,2.77,2,0,0,0,0,0,0,0.00,0,0,0,0,0,0,Matches
525,Álvaro Tejero\Alvaro-Tejero,es ESP,DF,Eibar,24-303,1996,1.2,4,3.27,4,0,0,0,0,0,0,0.00,0,0,0,0,0,0,Matches
526,Cristian Tello\Cristian-Tello,es ESP,FWMF,Betis,29-281,1991,13.9,37,2.66,27,1,3,4,1,1,4,0.29,4,0,0,0,0,0,Matches
527,Marc-André ter Stegen\Marc-Andre-ter-Stegen,de GER,GK,Barcelona,29-019,1992,31.0,5,0.16,3,1,0,1,0,0,0,0.00,0,0,0,0,0,0,Matches
528,David Timor\David-Timor,es ESP,MFDF,Getafe,31-214,1989,15.5,19,1.23,9,9,0,0,0,1,0,0.00,0,0,0,0,0,0,Matches
529,Toño\Tono,es ESP,DF,Levante,31-193,1989,7.4,8,1.08,8,0,0,0,0,0,1,0.14,1,0,0,0,0,0,Matches
530,Lucas Torreira\Lucas-Torreira,uy URU,MFFW,Atlético Madrid,25-097,1996,5.8,12,2.08,8,1,0,0,2,1,1,0.17,1,0,0,0,0,0,Matches
531,Óliver Torres\Oliver-Torres,es ESP,MFFW,Sevilla,26-190,1994,15.2,49,3.23,37,6,4,0,0,2,4,0.26,3,0,1,0,0,0,Matches
532,Pau Torres\Pau-Torres,es ESP,DF,Villarreal,24-123,1997,32.0,15,0.47,14,0,0,1,0,0,3,0.09,2,0,0,1,0,0,Matches
533,Roberto Torres\Roberto-Torres,es ESP,MFFW,Osasuna,32-073,1989,20.0,46,2.29,24,12,3,6,1,0,3,0.15,2,0,0,0,1,0,Matches
534,Lucas Torró\Lucas-Torro,es ESP,MF,Osasuna,26-304,1994,16.7,24,1.44,15,0,2,3,2,2,4,0.24,3,0,0,1,0,0,Matches
535,Manu Trigueros\Manu-Trigueros,es ESP,MF,Villarreal,29-214,1991,27.1,66,2.43,63,0,0,0,2,1,11,0.41,10,0,0,0,1,0,Matches
536,Francisco Trincão\Francisco-Trincao,pt POR,FWMF,Barcelona,21-141,1999,7.3,21,2.86,15,0,3,1,2,0,3,0.41,3,0,0,0,0,0,Matches
537,Kieran Trippier\Kieran-Trippier,eng ENG,DF,Atlético Madrid,30-242,1990,26.5,74,2.79,52,19,0,0,2,1,10,0.38,9,0,0,0,1,0,Matches
538,Samuel Umtiti\Samuel-Umtiti,fr FRA,DF,Barcelona,27-186,1993,6.7,6,0.90,6,0,0,0,0,0,0,0.00,0,0,0,0,0,0,Matches
539,Enes Ünal\Enes-Unal,tr TUR,FW,Getafe,24-009,1997,13.7,25,1.82,19,0,1,2,3,0,3,0.22,2,0,0,0,1,0,Matches
540,Tomáš Vaclík\Tomas-Vaclik,cz CZE,GK,Sevilla,32-051,1989,4.0,0,0.00,0,0,0,0,0,0,0,0.00,0,0,0,0,0,0,Matches
541,Eugeni Valderrama\Eugeni-Valderrama,es ESP,FWMF,Huesca,26-304,1994,1.3,4,3.13,2,2,0,0,0,0,0,0.00,0,0,0,0,0,0,Matches
542,Jesús Vallejo\Jesus-Vallejo,es ESP,DF,Granada,24-134,1997,14.5,4,0.28,3,1,0,0,0,0,1,0.07,1,0,0,0,0,0,Matches
543,Manu Vallejo\Manu-Vallejo,es ESP,FW,Valencia,24-094,1997,10.4,18,1.73,12,0,3,0,3,0,1,0.10,1,0,0,0,0,0,Matches
544,Federico Valverde\Federico-Valverde,uy URU,MF,Real Madrid,22-301,1998,13.8,48,3.48,38,0,1,5,1,3,5,0.36,5,0,0,0,0,0,Matches
545,Raphaël Varane\Raphael-Varane,fr FRA,DF,Real Madrid,28-024,1993,29.2,14,0.48,13,0,0,1,0,0,0,0.00,0,0,0,0,0,0,Matches
546,Denis Vavro\Denis-Vavro,sk SVK,DF,Huesca,25-039,1996,6.0,6,0.99,5,0,0,0,0,1,0,0.00,0,0,0,0,0,0,Matches
547,Franco Vázquez\Franco-Vazquez,ar ARG,FWMF,Sevilla,32-086,1989,1.2,4,3.30,4,0,0,0,0,0,1,0.83,1,0,0,0,0,0,Matches
548,Kevin Vázquez\Kevin-Vazquez,es ESP,DF,Celta Vigo,28-057,1993,5.3,5,0.94,5,0,0,0,0,0,1,0.19,1,0,0,0,0,0,Matches
549,Lucas Vázquez\Lucas-Vazquez,es ESP,DFFW,Real Madrid,29-322,1991,20.5,73,3.56,65,0,3,0,4,1,10,0.49,9,0,0,0,1,0,Matches
550,Koke Vegas\Koke-Vegas,es ESP,GK,Levante,25-234,1995,1.0,0,0.00,0,0,0,0,0,0,0,0.00,0,0,0,0,0,0,Matches
551,Gabriel Veiga\Gabriel-Veiga,es ESP,MFDF,Celta Vigo,18-357,2002,1.3,3,2.39,2,0,0,0,1,0,0,0.00,0,0,0,0,0,0,Matches
552,Unai Vencedor Paris\Unai-Vencedor-Paris,es ESP,MF,Athletic Club,20-185,2000,18.5,21,1.13,16,2,1,1,1,0,1,0.05,0,1,0,0,0,0,Matches
553,Gonzalo Verdú\Gonzalo-Verdu,es ESP,DF,Elche,32-210,1988,32.0,12,0.37,9,1,0,2,0,0,2,0.06,2,0,0,0,0,0,Matches
554,Mikel Vesga\Mikel-Vesga,es ESP,MF,Athletic Club,27-363,1993,18.5,35,1.89,29,2,1,2,0,1,3,0.16,2,0,0,1,0,0,Matches
555,Rúben Vezo\Ruben-Vezo,pt POR,DF,Levante,27-024,1994,25.7,13,0.51,12,0,0,0,1,0,1,0.04,1,0,0,0,0,0,Matches
556,Iñigo Vicente\Inigo-Vicente,es ESP,FW,Athletic Club,23-133,1998,0.4,7,19.09,5,1,1,0,0,0,0,0.00,0,0,0,0,0,0,Matches
557,Fede Vico\Fede-Vico,es ESP,MFFW,Granada,26-319,1994,7.5,15,1.99,11,0,3,1,0,0,0,0.00,0,0,0,0,0,0,Matches
558,Aleix Vidal\Aleix-Vidal,es ESP,DF,Sevilla,31-271,1989,5.6,13,2.32,12,1,0,0,0,0,3,0.53,2,1,0,0,0,0,Matches
559,Nacho Vidal\Nacho-Vidal,es ESP,DF,Osasuna,26-115,1995,25.1,30,1.20,20,3,0,1,5,1,2,0.08,0,1,0,1,0,0,Matches
560,Toni Villa\Toni-Villa,es ESP,MFFW,Valladolid,26-132,1995,10.1,38,3.77,23,0,6,0,9,0,2,0.20,0,0,1,0,1,0,Matches
561,Asier Villalibre\Asier-Villalibre,es ESP,FW,Athletic Club,23-231,1997,16.7,33,1.98,25,0,0,4,4,0,3,0.18,2,0,0,1,0,0,Matches
562,Iván Villar\Ivan-Villar,es ESP,GK,Celta Vigo,23-314,1997,18.8,0,0.00,0,0,0,0,0,0,0,0.00,0,0,0,0,0,0,Matches
563,Vitolo\Vitolo,es ESP,MFFW,Atlético Madrid,31-198,1989,3.3,7,2.11,6,0,0,0,1,0,2,0.60,1,0,0,0,1,0,Matches
564,Šime Vrsaljko\Sime-Vrsaljko,hr CRO,DF,Atlético Madrid,29-129,1992,5.8,3,0.52,3,0,0,0,0,0,0,0.00,0,0,0,0,0,0,Matches
565,Nikola Vukčević\Nikola-Vukcevic,me MNE,MF,Levante,29-157,1991,9.0,5,0.56,5,0,0,0,0,0,0,0.00,0,0,0,0,0,0,Matches
566,Daniel Wass\Daniel-Wass,dk DEN,MFDF,Valencia,31-353,1989,33.1,66,1.99,56,5,1,0,3,1,2,0.06,2,0,0,0,0,0,Matches
567,Shon Weissman\Shon-Weissman,il ISR,FW,Valladolid,25-094,1996,22.7,31,1.37,23,0,1,4,2,1,3,0.13,1,0,0,1,1,0,Matches
568,Iñaki Williams\Inaki-Williams,es ESP,FW,Athletic Club,26-338,1994,26.1,61,2.33,42,1,11,2,5,0,10,0.38,9,0,1,0,0,0,Matches
569,Nico Williams\Nico-Williams,es ESP,MF,Athletic Club,18-311,2002,0.6,0,0.00,0,0,0,0,0,0,0,0.00,0,0,0,0,0,0,Matches
570,Jawad El Yamiq\Jawad-El-Yamiq,ma MAR,DF,Valladolid,29-079,1992,14.3,8,0.56,6,0,1,0,0,1,0,0.00,0,0,0,0,0,0,Matches
571,Rubén Yáñez\Ruben-Yanez,es ESP,GK,Getafe,27-219,1993,9.0,0,0.00,0,0,0,0,0,0,0,0.00,0,0,0,0,0,0,Matches
572,Yoel\Yoel,es ESP,GK,Eibar,32-264,1988,2.3,1,0.43,1,0,0,0,0,0,0,0.00,0,0,0,0,0,0,Matches
573,Okay Yokuşlu\Okay-Yokuslu,tr TUR,MF,Celta Vigo,27-071,1994,5.1,7,1.36,6,0,0,0,0,1,0,0.00,0,0,0,0,0,0,Matches
574,Joseba Zaldúa\Joseba-Zaldua,es ESP,DF,Real Sociedad,28-329,1992,7.1,10,1.41,9,1,0,0,0,0,0,0.00,0,0,0,0,0,0,Matches
575,Oier Zarraga\Oier-Zarraga,es ESP,MF,Athletic Club,22-135,1999,1.1,3,2.70,3,0,0,0,0,0,1,0.90,1,0,0,0,0,0,Matches
576,Igor Zubeldia\Igor-Zubeldia,es ESP,DF,Real Sociedad,24-050,1997,21.8,10,0.46,10,0,0,0,0,0,2,0.09,2,0,0,0,0,0,Matches
577,Martín Zubimendi\Martin-Zubimendi,es ESP,MF,Real Sociedad,22-106,1999,19.9,23,1.16,17,0,1,1,4,0,3,0.15,3,0,0,0,0,0,Matches
578,Martin Ødegaard\Martin-Odegaard,no NOR,MFFW,Real Madrid,22-153,1998,2.6,6,2.31,5,1,0,0,0,0,0,0.00,0,0,0,0,0,0,Matches