Rk,Player,Nation,Pos,Squad,Age,Born,90s,Touches,Def Pen,Def 3rd,Mid 3rd,Att 3rd,Att Pen,Live,Succ,Att,Succ%,#Pl,Megs,Carries,TotDist,PrgDist,Prog,1/3,CPA,Mis,Dis,Targ,Rec,Rec%,Prog,Matches
1,Sabit Abdulai\Sabit-Abdulai,gh GHA,MF,Getafe,22-008,1999,0.6,14,0,0,9,6,0,14,1,2,50.0,1,0,9,42,19,1,1,0,0,0,9,7,77.8,1,Matches
2,Marcos Acuña\Marcos-Acuna,ar ARG,DF,Sevilla,29-203,1991,25.9,2027,73,704,915,525,32,1760,41,60,68.3,43,5,1309,5909,3793,133,34,8,33,33,1437,1356,94.4,56,Matches
3,Bobby Adekanye\Bobby-Adekanye,nl NED,FWMF,Cádiz,22-094,1999,0.4,18,1,2,8,11,4,18,1,2,50.0,2,0,15,88,61,3,2,1,4,0,14,12,85.7,4,Matches
4,Martin Agirregabiria\Martin-Agirregabiria,es ESP,DFMF,Alavés,25-009,1996,17.3,883,48,306,454,155,8,706,4,8,50.0,4,0,412,1633,843,33,8,2,8,9,501,425,84.8,19,Matches
5,Joseph Aidoo\Joseph-Aidoo,gh GHA,DF,Celta Vigo,25-232,1995,14.3,815,129,510,327,20,11,799,5,6,83.3,6,1,472,2867,1515,33,3,1,4,5,464,460,99.1,1,Matches
6,Carlos Akapo\Carlos-Akapo,gq EQG,DF,Cádiz,28-068,1993,8.6,421,42,183,185,70,1,318,9,10,90.0,9,0,141,917,462,24,5,0,5,5,147,136,92.5,5,Matches
7,Paul Akouokou\Paul-Akouokou,ci CIV,MF,Betis,23-150,1997,4.2,216,14,56,151,23,0,215,3,4,75.0,3,2,146,812,351,10,1,0,1,4,152,144,94.7,2,Matches
8,Jony Álamo\Jony-Alamo,es ESP,MF,Elche,19-236,2001,0.8,25,1,12,11,3,1,25,1,1,100.0,1,0,19,97,35,1,0,0,0,2,13,13,100.0,1,Matches
9,Jordi Alba\Jordi-Alba,es ESP,DF,Barcelona,32-059,1989,33.1,3154,92,665,1287,1359,123,2894,17,37,45.9,24,7,2139,7662,3996,167,45,16,22,14,2558,2379,93.0,193,Matches
10,Raúl Albiol\Raul-Albiol,es ESP,DF,Villarreal,35-257,1985,33.6,2254,352,1292,1112,51,11,2190,5,9,55.6,5,0,1501,10933,6931,128,16,0,5,3,1621,1605,99.0,5,Matches
11,Paco Alcácer\Paco-Alcacer,es ESP,FW,Villarreal,27-262,1993,17.0,392,8,33,192,179,80,351,7,10,70.0,7,0,221,795,355,25,6,9,26,15,590,270,45.8,108,Matches
12,Pedro Alcalá\Pedro-Alcala,es ESP,DF,Cádiz,32-061,1989,9.4,371,71,228,168,3,3,356,0,0,,0,0,157,985,545,7,0,0,0,0,192,181,94.3,0,Matches
13,Rubén Alcaraz\Ruben-Alcaraz,es ESP,MF,Valladolid,30-018,1991,24.1,1397,59,365,923,202,25,1351,13,22,59.1,16,1,892,4629,2139,69,22,1,10,20,922,858,93.1,10,Matches
14,Iván Alejo\Ivan-Alejo,es ESP,MFFW,Cádiz,26-098,1995,9.2,367,16,71,143,190,28,353,15,26,57.7,15,0,247,2075,1343,61,20,7,21,21,332,228,68.7,50,Matches
15,Carles Aleñá\Carles-Alena,es ESP,MF,Barcelona,23-134,1998,0.5,46,2,12,26,8,1,46,0,1,0.0,1,0,38,142,80,1,0,0,0,2,50,43,86.0,1,Matches
16,Carles Aleñá\Carles-Alena,es ESP,MFFW,Getafe,23-134,1998,14.2,674,8,62,343,311,20,613,18,27,66.7,19,3,464,2338,1198,59,24,1,16,20,587,447,76.1,46,Matches
17,Alfon\Alfon,es ESP,MF,Celta Vigo,22-015,1999,0.4,21,0,0,7,14,2,21,1,2,50.0,1,0,19,70,41,4,0,0,1,2,27,19,70.4,4,Matches
18,Sergio Álvarez\Sergio-Alvarez,es ESP,MFDF,Eibar,29-116,1992,17.1,840,35,186,548,146,17,830,5,8,62.5,5,0,445,2271,789,40,12,2,11,11,483,459,95.0,17,Matches
19,Yeray Álvarez\Yeray-Alvarez,es ESP,DF,Athletic Club,26-115,1995,20.6,1218,137,648,609,52,17,1169,8,10,80.0,9,2,711,4863,2493,45,15,1,2,2,732,721,98.5,7,Matches
20,Emmanuel Amankwaa Akurugu\Emmanuel-Amankwaa-Akurugu,gh GHA,DF,Getafe,19-180,2001,0.5,17,0,5,11,3,0,15,0,0,,0,0,8,67,41,1,0,0,1,0,9,9,100.0,0,Matches
21,Jon Ander Garrido\Jon-Ander-Garrido,es ESP,MF,Cádiz,31-222,1989,8.5,313,22,89,192,39,7,304,3,4,75.0,4,1,125,520,142,9,1,0,2,7,177,141,79.7,3,Matches
22,Ángel\Angel,es ESP,GK,Granada,18-331,2002,1.0,40,37,40,0,0,0,21,0,0,,0,0,5,21,16,0,0,0,0,0,9,8,88.9,0,Matches
23,Miguel Ángel Rubio\Miguel-Angel-Rubio,es ESP,DF,Valladolid,23-069,1998,1.5,77,13,40,36,2,1,77,0,0,,0,0,27,90,24,1,0,0,0,0,35,32,91.4,0,Matches
24,José Ángel\Jose-Angel,es ESP,DF,Eibar,31-256,1989,10.0,775,26,178,418,231,4,639,10,12,83.3,11,0,447,2226,1176,47,21,1,8,10,441,418,94.8,12,Matches
25,José Antonio Miranda\Jose-Antonio-Miranda,gq EQG,MFDF,Getafe,22-301,1998,0.3,22,0,0,11,11,3,22,0,1,0.0,0,0,15,83,40,3,0,1,0,2,18,15,83.3,4,Matches
26,Aritz Arambarri\Aritz-Arambarri,es ESP,DF,Real Sociedad,23-108,1998,0.3,24,0,5,16,3,1,19,0,1,0.0,0,0,10,35,8,0,0,0,0,0,14,14,100.0,0,Matches
27,Mauro Arambarri\Mauro-Arambarri,uy URU,MF,Getafe,25-231,1995,33.1,1470,47,252,877,452,39,1350,31,56,55.4,34,4,866,5042,2174,100,47,8,31,32,863,737,85.4,59,Matches
28,Néstor Araujo\Nestor-Araujo,mx MEX,DF,Celta Vigo,29-263,1991,26.0,1740,272,1034,799,45,9,1717,6,7,85.7,6,0,1128,7664,4272,91,10,0,6,2,1221,1205,98.7,2,Matches
29,Ronald Araújo\Ronald-Araujo,uy URU,DF,Barcelona,22-073,1999,15.8,1114,154,519,611,44,13,1087,4,5,80.0,5,0,791,3899,2057,65,11,1,1,2,830,817,98.4,0,Matches
30,Anaitz Arbilla\Anaitz-Arbilla,es ESP,DF,Eibar,34-004,1987,30.2,2168,134,759,1273,284,14,1899,28,30,93.3,30,0,1197,7221,3590,112,25,3,16,14,1182,1139,96.4,6,Matches
31,Unai Arietaleanizbeaskoa\Unai-Arietaleanizbeaskoa,es ESP,FWMF,Eibar,22-138,1999,0.5,14,0,0,5,9,0,14,0,0,,0,0,8,14,7,1,0,0,4,1,21,12,57.1,9,Matches
32,Sergio Arribas\Sergio-Arribas,es ESP,FWDF,Real Madrid,19-231,2001,1.5,106,4,19,53,41,2,104,5,6,83.3,5,0,89,444,239,14,3,1,0,3,99,82,82.8,11,Matches
33,Sergio Asenjo\Sergio-Asenjo,es ESP,GK,Villarreal,31-325,1989,36.0,1376,1213,1374,4,0,0,1018,0,0,,0,0,714,3164,1700,0,0,0,0,0,707,700,99.0,0,Matches
34,Marco Asensio\Marco-Asensio,es ESP,FWMF,Real Madrid,25-118,1996,20.2,1165,19,118,515,625,76,1100,36,54,66.7,38,2,910,5658,3017,168,53,14,27,21,1128,921,81.6,136,Matches
35,Iago Aspas\Iago-Aspas,es ESP,FW,Celta Vigo,33-291,1987,30.8,1519,31,152,732,742,168,1467,57,84,67.9,60,2,1153,5926,3250,172,56,43,51,41,1711,1216,71.1,310,Matches
36,Miguel Atienza\Miguel-Atienza,es ESP,MF,Eibar,21-357,1999,8.3,381,16,56,241,94,9,378,3,3,100.0,3,0,205,897,365,20,6,0,2,5,263,216,82.1,15,Matches
37,Ezequiel Ávila\Ezequiel-Avila,ar ARG,MFFW,Osasuna,27-102,1994,2.2,87,0,10,43,39,7,86,0,2,0.0,0,0,48,240,102,5,2,0,2,7,98,64,65.3,17,Matches
38,Ramon Azeez\Ramon-Azeez,ng NGA,MFDF,Granada,28-158,1992,1.1,48,2,8,28,14,3,47,0,0,,0,0,24,134,22,1,1,0,1,1,35,28,80.0,4,Matches
39,Carlos Bacca\Carlos-Bacca,co COL,FW,Villarreal,34-253,1986,8.0,239,2,16,123,114,42,227,8,17,47.1,9,1,147,612,332,19,10,3,14,17,346,179,51.7,60,Matches
40,Édgar Badía\Edgar-Badia,es ESP,GK,Elche,29-096,1992,30.0,1228,1133,1227,2,0,0,859,0,0,,0,0,534,2283,1340,0,0,0,1,0,528,527,99.8,0,Matches
41,Alex Baena\Alex-Baena,es ESP,MF,Villarreal,19-303,2001,1.5,71,1,8,33,40,2,70,1,1,100.0,1,0,52,216,96,7,5,0,0,5,71,56,78.9,20,Matches
42,Miguel Baeza\Miguel-Baeza,es ESP,MFFW,Celta Vigo,21-053,2000,5.9,271,7,60,125,104,17,260,1,5,20.0,1,0,180,814,367,19,5,2,8,10,262,199,76.0,25,Matches
43,Mikel Balenziaga\Mikel-Balenziaga,es ESP,DF,Athletic Club,33-079,1988,17.8,1046,73,337,527,236,6,865,8,13,61.5,10,0,537,3136,1711,63,18,2,12,10,616,571,92.7,13,Matches
44,Barcia\Barcia,es ESP,DF,Granada,20-139,2000,1.0,46,7,26,17,3,0,37,0,0,,0,0,13,46,14,0,0,0,0,0,12,11,91.7,0,Matches
45,Enis Bardhi\Enis-Bardhi,mk MKD,MF,Levante,25-321,1995,18.0,1092,31,237,543,406,39,1011,34,60,56.7,37,3,773,3837,2188,96,36,4,30,41,913,764,83.7,102,Matches
46,Kike Barja\Kike-Barja,es ESP,MFFW,Osasuna,24-048,1997,15.0,676,20,108,302,318,34,663,42,74,56.8,45,1,546,3129,1691,101,18,7,34,38,686,479,69.8,84,Matches
47,Marc Baró\Marc-Baro,es ESP,DF,Cádiz,21-269,1999,1.0,28,2,8,11,11,1,18,1,1,100.0,1,0,10,86,42,3,1,1,0,0,6,4,66.7,0,Matches
48,Antonio Barragán\Antonio-Barragan,es ESP,DF,Elche,33-341,1987,23.8,1486,141,644,700,223,9,1284,9,16,56.3,9,2,849,3773,2151,75,27,2,11,6,1025,958,93.5,28,Matches
49,Ander Barrenetxea\Ander-Barrenetxea,es ESP,MFFW,Real Sociedad,19-143,2001,14.4,641,10,99,284,308,42,631,39,64,60.9,45,4,499,2766,1484,81,24,13,42,49,575,434,75.5,74,Matches
50,Marc Bartra\Marc-Bartra,es ESP,DF,Betis,30-124,1991,17.8,1118,151,614,515,41,15,1075,6,6,100.0,6,0,652,3045,1499,45,7,1,3,3,724,714,98.6,3,Matches
51,Rodrigo Battaglia\Rodrigo-Battaglia,ar ARG,MF,Alavés,29-311,1991,27.5,1262,85,379,810,145,21,1223,17,22,77.3,18,0,800,4592,2101,78,23,0,14,18,837,776,92.7,17,Matches
52,Jon Bautista\Jon-Bautista,es ESP,FWMF,Real Sociedad,25-320,1995,4.1,146,5,8,66,82,24,139,2,4,50.0,2,0,77,342,177,12,4,2,12,10,198,99,50.0,33,Matches
53,Fran Beltrán\Fran-Beltran,es ESP,MF,Celta Vigo,22-105,1999,14.6,877,41,246,529,144,8,856,10,14,71.4,13,1,607,2870,1196,48,11,0,14,14,690,602,87.2,26,Matches
54,Sergio Benito\Sergio-Benito,es ESP,FW,Valladolid,22-057,1999,0.0,0,0,0,0,0,0,0,0,0,,0,0,0,0,0,0,0,0,0,0,0,0,,0,Matches
55,Karim Benzema\Karim-Benzema,fr FRA,FW,Real Madrid,33-151,1987,31.2,1524,28,117,670,829,227,1462,38,58,65.5,39,4,1060,5531,3109,173,55,46,51,37,1827,1285,70.3,264,Matches
56,Yuri Berchiche\Yuri-Berchiche,es ESP,DF,Athletic Club,31-098,1990,18.7,1298,41,300,670,417,43,1076,17,28,60.7,17,1,810,4639,2724,137,39,13,14,23,857,784,91.5,44,Matches
57,Álex Berenguer\Alex-Berenguer,es ESP,MFFW,Athletic Club,25-319,1995,24.3,1244,30,169,455,704,80,1131,42,82,51.2,46,6,773,3900,2473,121,44,17,38,46,1072,797,74.3,151,Matches
58,Pedro Bigas\Pedro-Bigas,es ESP,DF,Eibar,30-246,1990,16.8,794,67,366,393,71,14,734,4,5,80.0,4,1,330,2161,1088,21,5,1,5,3,361,345,95.6,5,Matches
59,Blanco\Blanco,es ESP,MFDF,Real Madrid,20-300,2000,2.4,198,10,40,129,37,0,196,1,1,100.0,1,0,136,413,126,3,1,0,1,0,147,142,96.6,3,Matches
60,Alejandro Blanco\Alejandro-Blanco,es ESP,MF,Valencia,22-154,1998,6.4,247,9,54,93,112,24,245,2,13,15.4,2,1,155,909,408,26,2,4,17,17,223,157,70.4,39,Matches
61,Rubén Blanco\Ruben-Blanco,es ESP,GK,Celta Vigo,25-298,1995,18.2,698,631,697,1,0,0,504,0,0,,0,0,374,1735,944,0,0,0,0,0,358,358,100.0,0,Matches
62,Yann Bodiger\Yann-Bodiger,fr FRA,MF,Cádiz,26-099,1995,2.8,132,5,31,80,32,5,130,0,3,0.0,0,0,70,445,250,12,1,0,3,8,101,77,76.2,6,Matches
63,Yassine Bounou\Yassine-Bounou,ma MAR,GK,Sevilla,30-044,1991,33.0,1170,1064,1165,4,1,1,907,1,1,100.0,1,0,614,2425,860,0,0,0,0,1,605,602,99.5,0,Matches
64,Lucas Boyé\Lucas-Boye,ar ARG,FW,Elche,25-080,1996,28.9,1137,26,95,691,418,86,1087,64,116,55.2,67,0,799,3128,1353,70,21,16,137,88,1405,791,56.3,172,Matches
65,Martin Braithwaite\Martin-Braithwaite,dk DEN,FW,Barcelona,29-348,1991,12.6,397,10,35,148,233,75,387,11,16,68.8,11,0,272,1146,548,37,8,12,24,23,509,311,61.1,97,Matches
66,Darko Brašanac\Darko-Brasanac,rs SRB,MF,Osasuna,29-096,1992,10.1,399,15,57,201,160,37,387,5,6,83.3,5,1,219,1132,643,31,12,8,14,15,357,244,68.3,46,Matches
67,Álvaro Bravo\Alvaro-Bravo,es ESP,MF,Granada,23-104,1998,0.2,11,0,4,7,2,0,11,0,0,,0,0,5,15,6,0,0,0,0,0,9,8,88.9,0,Matches
68,Claudio Bravo\Claudio-Bravo,cl CHI,GK,Betis,38-036,1983,19.0,669,583,668,2,0,0,477,3,3,100.0,3,0,340,1654,1013,0,0,0,0,0,303,301,99.3,0,Matches
69,Yan Brice Eteki\Yan-Brice-Eteki,cm CMR,MF,Granada,23-266,1997,13.7,457,23,110,295,63,3,450,5,6,83.3,5,0,257,895,345,9,2,0,9,13,269,239,88.8,14,Matches
70,Juan Brunet\Juan-Brunet,ar ARG,MF,Granada,23-115,1998,0.3,7,1,1,3,3,0,7,0,0,,0,0,2,4,2,0,0,0,0,0,6,4,66.7,0,Matches
71,Bryan\Bryan,es ESP,FW,Sevilla,20-097,2001,0.1,10,0,1,6,3,1,10,0,0,,0,0,6,30,28,2,0,1,0,1,9,8,88.9,0,Matches
72,Bryan\Bryan,es ESP,MFFW,Eibar,20-097,2001,24.7,1338,13,122,494,836,103,1250,67,119,56.3,73,7,1028,5889,3344,207,58,35,60,63,1311,946,72.2,132,Matches
73,Ante Budimir\Ante-Budimir,hr CRO,FW,Osasuna,29-301,1991,17.8,626,26,56,312,290,99,604,11,20,55.0,13,2,307,1147,559,37,10,12,63,29,947,452,47.7,116,Matches
74,Esteban Burgos\Esteban-Burgos,ar ARG,DF,Eibar,29-130,1992,12.3,676,81,324,369,18,12,650,1,1,100.0,1,0,336,2160,1085,18,2,1,0,2,360,345,95.8,1,Matches
75,Burgui\Burgui,es ESP,MF,Alavés,27-202,1993,0.2,12,1,1,7,6,1,12,0,0,,0,0,8,43,35,3,2,1,0,0,12,7,58.3,1,Matches
76,Sergio Busquets\Sergio-Busquets,es ESP,MF,Barcelona,32-307,1988,27.3,2860,66,506,1872,612,14,2777,13,17,76.5,14,1,1980,6333,3243,143,46,2,17,12,2369,2280,96.2,50,Matches
77,Erick Cabaco\Erick-Cabaco,uy URU,DF,Getafe,26-030,1995,14.7,603,59,286,314,33,9,553,3,4,75.0,3,0,253,1315,726,15,5,0,3,1,261,244,93.5,3,Matches
78,Cala\Cala,es ESP,DF,Cádiz,31-174,1989,25.2,960,148,532,459,32,20,917,5,6,83.3,6,0,433,2524,1115,18,4,0,5,1,469,438,93.4,4,Matches
79,Jonathan Calleri\Jonathan-Calleri,ar ARG,FW,Osasuna,27-238,1993,17.2,594,9,39,281,304,93,564,21,42,50.0,23,1,348,1401,746,49,11,10,46,41,838,427,51.0,115,Matches
80,Dani Calvo\Dani-Calvo,es ESP,DF,Elche,27-048,1994,18.8,881,126,545,367,19,10,854,2,2,100.0,2,0,494,2829,1393,24,1,0,3,2,561,546,97.3,1,Matches
81,José Campaña\Jose-Campana,es ESP,MF,Levante,27-353,1993,8.3,618,11,112,328,236,17,568,24,46,52.2,27,3,450,2337,1223,62,30,0,12,17,486,440,90.5,48,Matches
82,Sergio Canales\Sergio-Canales,es ESP,MFFW,Betis,30-092,1991,27.8,1958,18,219,1128,777,74,1834,36,47,76.6,37,2,1508,9241,4915,221,90,11,41,30,1785,1563,87.6,126,Matches
83,Álex Cantero\Alex-Cantero,es ESP,FW,Levante,20-345,2000,2.4,,,,,,,,,,,,,,,,,,,,,,,,,Matches
84,Ander Capa\Ander-Capa,es ESP,DF,Athletic Club,29-100,1992,23.7,1447,70,394,748,414,33,1148,27,57,47.4,28,2,763,4855,3161,150,51,7,18,20,856,741,86.6,50,Matches
85,Étienne Capoue\Etienne-Capoue,fr FRA,MF,Villarreal,32-312,1988,12.4,834,43,226,570,73,3,817,10,16,62.5,11,1,541,2351,945,40,5,0,7,7,638,611,95.8,3,Matches
86,Isaac Carcelen\Isaac-Carcelen,es ESP,DF,Cádiz,28-026,1993,27.7,1397,136,516,619,314,11,1108,31,39,79.5,33,3,603,2712,1542,62,19,4,11,23,592,522,88.2,27,Matches
87,Cárdenas\Cardenas,es ESP,GK,Levante,24-052,1997,7.0,267,220,265,3,0,0,192,0,0,,0,0,130,593,303,0,0,0,0,0,108,108,100.0,0,Matches
88,Marc Cardona\Marc-Cardona,es ESP,FWMF,Osasuna,25-315,1995,0.6,32,2,7,16,9,3,31,1,1,100.0,1,0,19,72,29,1,0,1,0,0,42,22,52.4,5,Matches
89,Diego Carlos\Diego-Carlos,br BRA,DF,Sevilla,28-065,1993,31.0,2174,368,1234,961,46,23,2130,10,10,100.0,10,0,1535,5575,2290,32,3,0,4,1,1646,1626,98.8,4,Matches
90,Juan Carlos\Juan-Carlos,es ESP,MFFW,Huesca,30-065,1991,3.2,156,0,18,89,73,15,156,5,6,83.3,6,1,121,1074,548,22,13,3,9,18,134,112,83.6,23,Matches
91,Yannick Carrasco\Yannick-Carrasco,be BEL,DFMF,Atlético Madrid,27-257,1993,23.2,1340,29,190,544,717,129,1200,61,112,54.5,67,9,989,5953,3912,240,59,48,42,54,1146,892,77.8,144,Matches
92,Sergio Carreira\Sergio-Carreira,es ESP,DF,Celta Vigo,20-218,2000,2.9,144,9,53,70,34,3,121,1,2,50.0,1,0,69,393,205,11,6,0,2,0,97,84,86.6,5,Matches
93,Guido Carrillo\Guido-Carrillo,ar ARG,FW,Elche,29-359,1991,11.1,433,16,32,273,155,43,426,5,12,41.7,5,0,221,963,343,17,12,0,29,11,558,333,59.7,47,Matches
94,Dani Carvajal\Dani-Carvajal,es ESP,DF,Real Madrid,29-128,1992,10.6,940,46,290,430,278,22,821,10,16,62.5,10,0,556,2483,1444,60,24,5,12,6,649,609,93.8,35,Matches
95,William Carvalho\William-Carvalho,pt POR,MF,Betis,29-042,1992,13.3,1074,30,189,777,165,14,1054,16,17,94.1,17,1,745,2877,1445,65,13,0,10,21,902,856,94.9,26,Matches
96,Casemiro\Casemiro,br BRA,MF,Real Madrid,29-085,1992,31.5,2324,147,743,1317,382,50,2280,16,23,69.6,17,2,1347,5604,2934,97,30,4,20,23,1704,1566,91.9,63,Matches
97,Sofian Chakla\Sofian-Chakla,ma MAR,DF,Getafe,27-259,1993,10.0,336,54,193,145,12,7,324,0,1,0.0,1,0,111,789,405,12,2,0,0,1,93,86,92.5,1,Matches
98,Sofian Chakla\Sofian-Chakla,ma MAR,DF,Villarreal,27-259,1993,0.1,10,1,5,5,1,1,9,0,0,,0,0,4,11,2,0,0,0,0,0,5,5,100.0,1,Matches
99,Chema\Chema,es ESP,DFMF,Getafe,29-077,1992,5.2,164,22,71,85,11,3,155,0,1,0.0,0,0,50,226,84,3,0,0,0,0,53,48,90.6,1,Matches
100,Denis Cheryshev\Denis-Cheryshev,ru RUS,MF,Valencia,30-144,1990,12.1,478,14,77,207,231,49,469,8,19,42.1,11,0,289,1570,969,58,21,7,21,14,457,323,70.7,87,Matches
101,Samuel Chukwueze\Samuel-Chukwueze,ng NGA,MFFW,Villarreal,21-362,1999,15.2,752,11,80,325,426,98,734,49,94,52.1,55,1,618,3958,2711,160,42,35,43,25,755,582,77.1,132,Matches
102,Víctor Chust\Victor-Chust,es ESP,DF,Real Madrid,21-075,2000,1.1,87,15,51,38,1,0,84,0,0,,0,0,47,245,118,6,0,0,0,0,58,57,98.3,0,Matches
103,Cifu\Cifu,es ESP,DF,Elche,30-226,1990,5.0,274,14,93,138,65,2,229,3,8,37.5,4,0,137,682,345,17,7,0,3,7,158,135,85.4,12,Matches
104,Alberto Cifuentes\Alberto-Cifuentes,es ESP,GK,Cádiz,41-355,1979,2.0,73,54,73,0,0,0,37,0,0,,0,0,22,164,90,0,0,0,0,0,19,19,100.0,0,Matches
105,Jasper Cillessen\Jasper-Cillessen,nl NED,GK,Valencia,32-027,1989,9.0,302,279,301,2,1,0,195,0,0,,0,0,125,636,418,0,0,0,0,0,110,108,98.2,0,Matches
106,Carlos Clerc\Carlos-Clerc,es ESP,DF,Levante,29-087,1992,30.6,1986,94,643,913,570,32,1699,36,56,64.3,40,1,1178,6455,3780,153,61,9,25,23,1272,1155,90.8,84,Matches
107,Coke\Coke,es ESP,DF,Levante,34-023,1987,9.2,542,48,229,237,98,10,487,5,9,55.6,5,0,302,1242,601,25,7,1,5,3,357,318,89.1,10,Matches
108,Francis Coquelin\Francis-Coquelin,fr FRA,MF,Villarreal,30-006,1991,7.9,591,26,138,374,113,14,579,10,11,90.9,10,1,418,1657,822,31,12,0,3,10,447,420,94.0,26,Matches
109,Iñigo Córdoba\Inigo-Cordoba,es ESP,FWMF,Athletic Club,24-067,1997,1.1,49,0,12,19,20,2,49,1,3,33.3,1,0,26,94,62,2,1,0,1,0,48,31,64.6,4,Matches
110,Iñigo Córdoba\Inigo-Cordoba,es ESP,MF,Alavés,24-067,1997,2.4,115,3,26,51,47,3,110,3,3,100.0,3,0,62,225,120,6,2,1,8,6,93,69,74.2,8,Matches
111,Ángel Correa\Angel-Correa,ar ARG,FWMF,Atlético Madrid,26-071,1995,25.7,1223,19,158,542,591,166,1192,48,86,55.8,51,5,928,3240,1768,105,34,22,57,65,1253,888,70.9,243,Matches
112,Rober Correa\Rober-Correa,es ESP,DF,Eibar,28-241,1992,11.8,718,32,201,376,174,13,591,12,16,75.0,12,1,333,1695,757,37,17,0,9,5,338,305,90.2,19,Matches
113,Thierry Correia\Thierry-Correia,pt POR,DF,Valencia,22-071,1999,22.7,1431,92,520,652,353,17,1224,24,47,51.1,31,3,798,3858,2298,96,30,3,16,16,888,810,91.2,51,Matches
114,Diego Costa\Diego-Costa,es ESP,FW,Atlético Madrid,32-224,1988,2.3,99,2,6,44,53,20,99,0,0,,0,0,51,168,73,4,2,3,7,6,119,90,75.6,28,Matches
115,Jaume Costa\Jaume-Costa,es ESP,DFMF,Villarreal,33-062,1988,3.9,286,16,88,140,81,6,240,4,7,57.1,4,0,165,818,539,23,7,1,3,4,187,169,90.4,11,Matches
116,Thibaut Courtois\Thibaut-Courtois,be BEL,GK,Real Madrid,29-008,1992,37.0,1361,1225,1360,3,0,0,1079,0,0,,0,0,768,4000,1679,0,0,0,0,0,729,723,99.2,0,Matches
117,Philippe Coutinho\Philippe-Coutinho,br BRA,MFFW,Barcelona,28-341,1992,7.3,601,7,35,284,325,44,572,11,18,61.1,12,1,468,2554,1529,93,25,16,5,12,596,514,86.2,61,Matches
118,Juan Cruz Armada\Juan-Cruz-Armada,es ESP,DF,Osasuna,28-295,1992,21.8,1050,72,341,544,219,2,828,9,12,75.0,10,1,473,2303,1005,41,20,0,12,10,554,475,85.7,17,Matches
119,Sergio Cubero Ezcurra\Sergio-Cubero-Ezcurra,es ESP,MF,Eibar,21-256,1999,0.0,0,0,0,0,0,0,0,0,0,,0,0,0,0,0,0,0,0,0,0,0,0,,0,Matches
120,Cucho\Cucho,co COL,FWMF,Getafe,22-029,1999,16.0,729,9,50,307,419,55,713,19,30,63.3,20,1,526,2938,1518,92,27,12,57,51,808,547,67.7,103,Matches
121,Marc Cucurella\Marc-Cucurella,es ESP,MF,Getafe,22-301,1998,35.1,1678,26,233,673,875,94,1552,25,51,49.0,27,3,1050,5287,3068,159,52,23,57,56,1362,995,73.1,154,Matches
122,Patrick Cutrone\Patrick-Cutrone,it ITA,FW,Valencia,23-136,1998,1.2,30,0,2,17,12,4,28,2,2,100.0,2,0,17,99,48,5,0,0,3,0,58,21,36.2,5,Matches
123,Moussa Dembélé\Moussa-Dembele,fr FRA,FWMF,Atlético Madrid,24-311,1996,1.1,51,0,1,23,30,10,50,1,4,25.0,2,0,29,178,86,4,2,1,7,0,68,40,58.8,11,Matches
124,Ousmane Dembélé\Ousmane-Dembele,fr FRA,FWDF,Barcelona,24-004,1997,18.7,1242,8,73,432,853,148,1189,72,118,61.0,77,6,1027,6166,4024,248,72,55,46,28,1260,1045,82.9,185,Matches
125,Sergiño Dest\Sergino-Dest,us USA,DF,Barcelona,20-197,2000,20.0,1459,42,292,563,681,87,1318,33,58,56.9,36,0,1085,4484,2814,163,33,25,25,27,1157,1055,91.2,95,Matches
126,Deyverson\Deyverson,br BRA,FW,Alavés,30-011,1991,9.7,443,13,58,226,175,31,433,6,15,40.0,6,2,202,618,258,14,2,2,28,13,530,301,56.8,80,Matches
127,Abdoulay Diaby\Abdoulay-Diaby,ml MLI,MF,Getafe,29-363,1991,0.2,17,0,1,5,14,3,17,0,1,0.0,0,0,12,106,87,2,3,0,0,1,14,13,92.9,3,Matches
128,Mouctar Diakhaby\Mouctar-Diakhaby,fr FRA,DF,Valencia,24-151,1996,22.1,1169,251,760,433,48,23,1138,3,5,60.0,3,0,699,4073,2144,31,7,0,8,4,772,749,97.0,10,Matches
129,Víctor Díaz\Victor-Diaz,es ESP,DF,Granada,32-341,1988,8.7,471,50,183,203,98,3,383,1,5,20.0,1,0,182,787,390,10,6,0,4,1,206,190,92.2,3,Matches
130,Papakouli Diop\Papakouli-Diop,sn SEN,MF,Eibar,35-061,1986,25.1,1103,56,206,716,215,29,1084,8,13,61.5,8,0,537,1973,755,38,10,4,13,16,636,541,85.1,25,Matches
131,Djené\Djene,tg TOG,DF,Getafe,29-139,1991,31.7,1263,136,590,665,82,10,1199,9,13,69.2,9,0,588,3505,1645,47,6,3,8,10,484,459,94.8,6,Matches
132,Marko Dmitrović\Marko-Dmitrovic,rs SRB,GK,Eibar,29-115,1992,34.7,1159,973,1146,12,5,2,803,1,1,100.0,1,0,516,2882,1574,0,0,0,0,0,444,443,99.8,0,Matches
133,Jaume Doménech\Jaume-Domenech,es ESP,GK,Valencia,30-195,1990,28.0,986,878,977,10,0,0,653,1,1,100.0,1,0,424,1799,1051,0,0,0,0,0,355,351,98.9,0,Matches
134,Carlos Dominguez\Carlos-Dominguez,es ESP,DF,Celta Vigo,20-138,2001,3.0,133,38,103,38,1,1,130,0,0,,0,0,70,495,219,2,0,0,0,0,76,75,98.7,0,Matches
135,John Donald\John-Donald,es ESP,DF,Elche,20-262,2000,0.6,21,1,12,10,0,0,21,0,0,,0,0,18,124,65,0,0,0,1,0,21,20,95.2,0,Matches
136,Cheick Doukouré\Cheick-Doukoure,ci CIV,MF,Levante,28-250,1992,1.1,63,2,10,39,14,1,63,1,2,50.0,1,0,42,189,62,3,0,0,1,2,41,38,92.7,3,Matches
137,Idrissa Doumbia\Idrissa-Doumbia,ci CIV,MF,Huesca,23-035,1998,8.4,454,25,123,298,73,1,447,14,18,77.8,14,0,343,1846,695,28,8,0,8,7,351,319,90.9,4,Matches
138,Domingos Duarte\Domingos-Duarte,pt POR,DF,Granada,26-070,1995,26.3,1185,168,616,609,36,14,1138,4,5,80.0,4,0,626,3819,2209,52,7,0,3,6,651,627,96.3,2,Matches
139,Óscar Duarte\Oscar-Duarte,cr CRC,DF,Levante,31-350,1989,21.9,1335,266,806,566,29,16,1292,3,4,75.0,3,0,741,3583,1708,35,2,0,2,2,871,840,96.4,4,Matches
140,Rubén Duarte\Ruben-Duarte,es ESP,DF,Alavés,25-213,1995,27.3,1609,100,502,813,358,12,1311,4,10,40.0,5,1,698,3202,1662,80,25,1,8,7,790,738,93.4,15,Matches
141,Unai Dufur\Unai-Dufur,es ESP,DF,Eibar,22-138,1999,0.7,51,2,14,25,12,0,36,0,0,,0,0,22,84,31,1,0,0,1,0,22,21,95.5,0,Matches
142,Hugo Duro\Hugo-Duro,es ESP,FW,Real Madrid,21-190,1999,0.6,11,0,0,3,8,3,11,0,0,,0,0,6,28,6,0,0,0,2,0,24,8,33.3,4,Matches
143,Aritz Elustondo\Aritz-Elustondo,es ESP,DF,Real Sociedad,27-052,1994,19.9,1325,145,622,770,60,15,1281,6,6,100.0,6,0,889,6012,3650,105,11,2,6,2,917,898,97.9,9,Matches
144,Rodrigo Ely\Rodrigo-Ely,br BRA,DF,Alavés,27-197,1993,5.2,209,37,126,78,10,6,196,1,1,100.0,1,0,88,252,98,2,1,0,1,0,101,98,97.0,4,Matches
145,Emerson\Emerson,br BRA,DF,Betis,22-125,1999,32.2,2337,125,615,1087,758,83,2009,23,53,43.4,27,2,1359,6243,3492,171,57,19,43,30,1530,1382,90.3,86,Matches
146,Youssef En-Nesyri\Youssef-En-Nesyri,ma MAR,FW,Sevilla,23-352,1997,24.7,699,22,60,339,324,138,669,15,34,44.1,17,1,339,1237,598,42,8,12,73,29,1006,482,47.9,136,Matches
147,Sergi Enrich\Sergi-Enrich,es ESP,FW,Eibar,31-082,1990,14.8,606,11,35,276,312,89,584,11,18,61.1,13,1,298,1156,397,20,6,0,38,17,920,429,46.6,126,Matches
148,Aarón Escandell\Aaron-Escandell,es ESP,GK,Granada,25-234,1995,4.0,142,113,140,2,0,0,99,0,0,,0,0,54,332,248,0,0,0,0,0,43,43,100.0,0,Matches
149,Dani Escriche\Dani-Escriche,es ESP,FWMF,Huesca,23-056,1998,9.5,408,7,63,240,147,27,401,18,47,38.3,21,4,298,1528,891,37,18,5,23,20,430,284,66.0,53,Matches
150,Sergio Escudero\Sergio-Escudero,es ESP,DF,Sevilla,31-259,1989,5.5,386,15,115,187,107,7,327,2,4,50.0,2,0,227,931,539,24,13,0,4,5,263,251,95.4,12,Matches
151,Alfonso Espino\Alfonso-Espino,uy URU,DF,Cádiz,29-134,1992,28.9,1370,91,556,624,253,16,1114,16,38,42.1,20,2,624,2938,1499,57,17,3,18,19,614,540,87.9,29,Matches
152,Vicente Esquerdo\Vicente-Esquerdo,es ESP,MF,Valencia,22-137,1999,2.6,128,8,40,73,19,0,126,2,4,50.0,2,0,77,273,82,5,0,0,1,2,89,80,89.9,3,Matches
153,Pervis Estupiñán\Pervis-Estupinan,ec ECU,DF,Villarreal,23-118,1998,13.0,845,45,256,353,295,37,744,14,23,60.9,14,0,522,2529,1569,75,34,10,23,27,552,486,88.0,65,Matches
154,Xabier Etxeita\Xabier-Etxeita,es ESP,DF,Getafe,33-200,1987,9.8,400,49,192,205,19,8,386,2,2,100.0,2,0,167,942,462,13,2,0,2,1,168,158,94.0,4,Matches
155,Edu Expósito\Edu-Exposito,es ESP,MF,Eibar,24-291,1996,27.3,1464,28,205,844,505,53,1403,42,62,67.7,46,3,921,4554,2374,117,47,9,36,36,1063,904,85.0,94,Matches
156,Fali\Fali,es ESP,DFMF,Cádiz,27-280,1993,28.3,971,167,406,506,89,20,908,7,8,87.5,7,0,423,1917,979,36,8,1,7,6,486,456,93.8,9,Matches
157,Ansu Fati\Ansu-Fati,es ESP,FW,Barcelona,18-200,2002,4.8,278,0,14,108,181,44,270,15,25,60.0,17,1,230,1369,908,57,19,16,5,15,301,229,76.1,49,Matches
158,Nabil Fekir\Nabil-Fekir,fr FRA,MFFW,Betis,27-305,1993,28.1,1728,3,102,840,909,122,1581,61,87,70.1,63,1,1382,7181,3835,218,73,34,67,94,1674,1313,78.4,198,Matches
159,Felipe\Felipe,br BRA,DF,Atlético Madrid,32-003,1989,21.9,1249,194,703,575,34,21,1216,3,3,100.0,3,0,706,3980,1753,25,2,0,1,3,757,729,96.3,5,Matches
160,João Félix\Joao-Felix,pt POR,FWMF,Atlético Madrid,21-190,1999,17.2,892,7,81,496,390,60,873,32,64,50.0,33,5,716,3125,1839,106,38,8,37,38,966,742,76.8,120,Matches
161,Aitor Fernández\Aitor-Fernandez,es ESP,GK,Levante,30-016,1991,29.0,995,881,990,6,0,0,727,0,0,,0,0,452,1582,992,0,0,0,0,1,435,433,99.5,0,Matches
162,Álex Fernández\Alex-Fernandez,es ESP,MF,Cádiz,28-216,1992,21.6,1072,28,208,604,318,21,919,13,24,54.2,17,1,639,3291,1663,70,22,3,18,25,753,619,82.2,31,Matches
163,Álvaro Fernández\Alvaro-Fernandez,es ESP,GK,Huesca,23-036,1998,21.0,844,758,839,5,0,0,611,0,0,,0,0,391,1653,891,0,0,0,0,0,409,406,99.3,0,Matches
164,Andrés Fernández\Andres-Fernandez,es ESP,GK,Huesca,34-153,1986,16.0,601,554,599,3,0,0,438,3,3,100.0,3,0,306,1259,652,0,0,0,0,0,287,287,100.0,0,Matches
165,Augusto Fernández\Augusto-Fernandez,ar ARG,MF,Cádiz,35-039,1986,3.5,141,6,38,90,18,2,140,0,0,,0,0,72,360,170,8,2,0,2,4,70,64,91.4,4,Matches
166,Carlos Fernández\Carlos-Fernandez,es ESP,FW,Sevilla,24-362,1996,1.6,57,1,7,32,20,6,55,1,2,50.0,1,0,33,184,86,5,1,1,4,3,58,39,67.2,12,Matches
167,Carlos Fernández\Carlos-Fernandez,es ESP,FWMF,Real Sociedad,24-362,1996,4.1,176,6,25,102,59,16,175,3,8,37.5,3,0,120,480,145,11,6,2,12,12,194,128,66.0,34,Matches
168,Joaquín Fernández\Joaquin-Fernandez,es ESP,DF,Valladolid,24-353,1996,23.0,1019,188,609,410,42,14,991,2,2,100.0,2,0,494,2549,1038,17,2,0,3,7,561,529,94.3,2,Matches
169,Fernando\Fernando,br BRA,MF,Sevilla,33-298,1987,28.3,1787,146,610,1070,187,18,1745,14,23,60.9,15,2,1165,4685,2149,48,13,1,14,19,1276,1204,94.4,27,Matches
170,David Ferreiro\David-Ferreiro,es ESP,MFFW,Huesca,33-048,1988,27.1,1301,17,183,591,623,47,1148,39,60,65.0,43,3,904,5961,3113,185,47,14,39,27,1088,828,76.1,136,Matches
171,Facundo Ferreyra\Facundo-Ferreyra,ar ARG,FW,Celta Vigo,30-066,1991,3.3,93,1,9,47,42,10,88,1,3,33.3,1,0,49,138,43,2,0,1,6,9,161,64,39.8,17,Matches
172,Fidel\Fidel,es ESP,MFDF,Elche,31-204,1989,25.6,1448,35,361,731,471,48,1271,47,82,57.3,50,6,976,5067,3070,155,52,16,43,50,1155,970,84.0,77,Matches
173,Junior Firpo\Junior-Firpo,es ESP,DF,Barcelona,24-270,1996,2.7,224,12,57,111,76,11,204,3,6,50.0,3,1,153,693,414,21,8,3,3,1,180,167,92.8,14,Matches
174,Kingsley Fobi\Kingsley-Fobi,gh GHA,DF,Granada,22-241,1998,0.5,15,2,7,6,3,0,10,0,0,,0,0,6,46,26,0,0,0,0,0,5,5,100.0,1,Matches
175,Ramón Folch\Ramon-Folch,es ESP,MF,Elche,31-227,1989,0.0,0,0,0,0,0,0,0,0,0,,0,0,0,0,0,0,0,0,0,0,0,0,,0,Matches
176,José Fontán\Jose-Fontan,es ESP,DF,Celta Vigo,21-097,2000,7.2,434,55,195,214,58,6,408,4,4,100.0,4,0,244,1569,1012,27,13,0,1,2,279,267,95.7,2,Matches
177,Dimitri Foulquier\Dimitri-Foulquier,fr FRA,DF,Granada,28-057,1993,28.6,1358,80,409,683,356,25,1040,25,53,47.2,27,3,653,3309,2211,89,40,6,19,32,678,602,88.8,32,Matches
178,Juan Foyth\Juan-Foyth,ar ARG,DFMF,Villarreal,23-127,1998,13.0,868,52,306,526,110,6,806,26,30,86.7,26,1,560,2976,1686,58,19,0,4,9,571,546,95.6,6,Matches
179,Jorge de Frutos\Jorge-de-Frutos,es ESP,MFFW,Levante,24-088,1997,23.3,991,20,189,419,477,93,933,46,81,56.8,52,6,687,3769,2335,105,38,17,61,46,903,668,74.0,159,Matches
180,Ramiro Funes Mori\Ramiro-Funes-Mori,ar ARG,DF,Villarreal,30-075,1991,8.1,571,79,298,326,31,5,552,0,3,0.0,1,0,385,3512,2341,56,16,0,1,1,401,390,97.3,2,Matches
181,Javi Galán\Javi-Galan,es ESP,DF,Huesca,26-181,1994,34.1,2260,107,761,1085,615,28,1894,114,147,77.6,118,2,1540,8986,5310,209,57,13,48,50,1459,1314,90.1,61,Matches
182,Enric Gallego\Enric-Gallego,es ESP,FW,Osasuna,34-249,1986,8.2,368,9,38,176,165,35,358,3,11,27.3,3,1,155,579,250,12,2,1,34,12,492,280,56.9,68,Matches
183,Kévin Gameiro\Kevin-Gameiro,fr FRA,FW,Valencia,34-010,1987,12.0,374,4,26,169,193,36,352,4,12,33.3,6,0,223,895,368,24,6,5,31,24,531,286,53.9,95,Matches
184,Aleix García\Aleix-Garcia,es ESP,MF,Eibar,23-325,1997,4.9,303,4,39,191,92,6,283,2,3,66.7,2,0,187,913,407,22,9,1,2,2,227,213,93.8,6,Matches
185,Borja García\Borja-Garcia,es ESP,MFFW,Huesca,30-198,1990,12.3,687,6,94,412,234,24,673,22,31,71.0,24,0,530,2365,1159,57,20,1,19,31,619,530,85.6,63,Matches
186,Dani García\Dani-Garcia,es ESP,MF,Athletic Club,30-360,1990,21.3,1208,53,265,851,146,8,1176,8,11,72.7,9,1,695,3171,1535,63,13,0,4,10,786,745,94.8,15,Matches
187,David García\David-Garcia,es ESP,DF,Osasuna,27-094,1994,34.0,1658,206,804,890,47,28,1613,1,1,100.0,1,0,702,4033,1826,45,2,0,7,1,767,751,97.9,4,Matches
188,Manu García\Manu-Garcia,es ESP,MF,Alavés,35-023,1986,11.5,482,22,115,318,69,12,472,2,6,33.3,4,1,258,991,444,18,6,0,7,11,339,280,82.6,33,Matches
189,Raúl García\Raul-Garcia,es ESP,FWMF,Athletic Club,34-312,1986,19.4,843,16,88,452,338,82,829,8,17,47.1,9,4,389,1557,746,36,17,5,28,22,942,585,62.1,124,Matches
190,Raúl García\Raul-Garcia,es ESP,DFMF,Valladolid,32-019,1989,5.6,346,18,80,166,118,4,278,7,9,77.8,7,1,173,789,440,20,9,1,4,2,202,177,87.6,14,Matches
191,Rubén García\Ruben-Garcia,es ESP,MFFW,Osasuna,27-309,1993,30.2,1539,40,224,734,681,59,1402,27,55,49.1,31,5,917,4234,2130,115,49,7,55,38,1400,1008,72.0,168,Matches
192,Sergi García\Sergi-Garcia,es ESP,MF,Alavés,22-035,1999,0.2,11,0,0,7,4,1,8,0,0,,0,0,4,49,26,2,0,0,1,0,7,5,71.4,1,Matches
193,Unai García\Unai-Garcia,es ESP,DF,Osasuna,29-105,1992,13.2,519,72,260,273,20,10,492,3,3,100.0,3,0,261,1619,941,31,3,0,5,0,254,244,96.1,0,Matches
194,Mario Gaspar\Mario-Gaspar,es ESP,DF,Villarreal,30-176,1990,19.6,1291,78,388,618,363,36,1080,10,18,55.6,10,1,704,3101,1933,87,32,3,15,6,871,770,88.4,48,Matches
195,Paulo Gazzaniga\Paulo-Gazzaniga,ar ARG,GK,Elche,29-137,1992,7.0,217,191,214,3,0,0,141,0,0,,0,0,97,501,321,0,0,0,0,0,74,74,100.0,0,Matches
196,David Gil\David-Gil,es ESP,GK,Cádiz,27-128,1994,3.0,92,80,92,0,0,0,54,0,0,,0,0,32,262,196,0,0,0,0,0,25,25,100.0,0,Matches
197,Álvaro Giménez\Alvaro-Gimenez,es ESP,FWMF,Cádiz,30-000,1991,4.5,138,0,12,62,72,11,135,0,1,0.0,0,0,69,206,64,2,2,0,18,6,216,101,46.8,22,Matches
198,Dani Gómez\Dani-Gomez,es ESP,FW,Levante,22-293,1998,17.8,522,7,43,244,277,74,503,32,54,59.3,35,2,411,1944,1132,59,22,19,43,49,768,391,50.9,123,Matches
199,Ibai Gómez\Ibai-Gomez,es ESP,MF,Athletic Club,31-189,1989,3.9,175,7,30,56,91,7,159,2,4,50.0,2,0,105,413,158,5,1,0,3,4,154,117,76.0,17,Matches
200,Maxi Gómez\Maxi-Gomez,uy URU,FW,Valencia,24-278,1996,29.0,805,27,74,441,328,79,778,12,21,57.1,14,1,444,1757,813,49,20,4,60,32,1126,615,54.6,122,Matches
201,Moi Gómez\Moi-Gomez,es ESP,MFFW,Villarreal,26-330,1994,28.4,1556,29,255,791,635,71,1485,44,72,61.1,45,4,1173,6161,2861,148,55,11,23,34,1429,1176,82.3,159,Matches
202,Papu Gómez\Papu-Gomez,ar ARG,MFFW,Sevilla,33-093,1988,10.0,704,12,84,403,268,25,673,13,21,61.9,13,1,559,3281,1844,97,28,11,16,21,636,557,87.6,57,Matches
203,Sergi Gómez\Sergi-Gomez,es ESP,DF,Sevilla,29-052,1992,8.0,594,105,362,249,2,1,586,0,0,,0,0,419,1707,781,12,0,0,0,0,480,475,99.0,0,Matches
204,Sergio Gómez\Sergio-Gomez,es ESP,MFFW,Huesca,20-257,2000,7.8,488,15,118,227,180,11,431,15,25,60.0,17,1,330,1702,920,42,10,2,15,12,376,307,81.6,25,Matches
205,Maxime Gonalons\Maxime-Gonalons,fr FRA,MF,Granada,32-070,1989,16.4,885,43,253,597,94,12,865,17,27,63.0,18,2,584,3185,1269,44,14,1,10,16,557,527,94.6,10,Matches
206,Bruno González\Bruno-Gonzalez,es ESP,DF,Valladolid,30-360,1990,25.1,1006,147,579,455,15,9,960,4,5,80.0,4,0,449,2697,1127,18,2,0,2,1,506,489,96.6,4,Matches
207,Diego González\Diego-Gonzalez,es ESP,DF,Elche,26-111,1995,14.2,861,145,513,372,24,10,842,6,6,100.0,6,0,580,3233,1740,48,1,0,3,2,600,592,98.7,1,Matches
208,Sergio González\Sergio-Gonzalez,es ESP,MF,Cádiz,24-005,1997,1.0,40,0,15,22,6,2,39,0,0,,0,0,17,57,37,1,1,0,2,3,25,22,88.0,3,Matches
209,Urko González\Urko-Gonzalez,es ESP,MF,Real Sociedad,20-060,2001,0.5,35,2,7,29,0,0,35,0,0,,0,0,27,164,81,4,0,0,1,0,28,27,96.4,2,Matches
210,Andoni Gorosabel\Andoni-Gorosabel,es ESP,DF,Real Sociedad,24-288,1996,25.5,1622,69,414,811,497,40,1339,11,23,47.8,11,0,978,4405,2542,109,41,5,24,15,1039,943,90.8,66,Matches
211,Antoine Griezmann\Antoine-Griezmann,fr FRA,FWMF,Barcelona,30-059,1991,27.9,1549,21,139,621,860,192,1504,22,34,64.7,24,1,1069,4360,1844,96,33,11,37,24,1604,1260,78.6,251,Matches
212,Andrés Guardado\Andres-Guardado,mx MEX,MF,Betis,34-233,1986,13.9,883,37,199,579,169,7,869,9,11,81.8,9,0,620,3168,1717,73,21,1,12,15,663,606,91.4,23,Matches
213,Sergi Guardiola\Sergi-Guardiola,es ESP,FW,Valladolid,29-355,1991,19.6,758,18,60,334,397,69,748,28,55,50.9,31,2,498,2032,958,55,15,14,61,37,975,581,59.6,140,Matches
214,Nemanja Gudelj\Nemanja-Gudelj,rs SRB,MF,Sevilla,29-184,1991,10.6,816,55,327,482,57,2,795,3,4,75.0,3,0,545,2821,1319,31,8,0,9,3,628,615,97.9,0,Matches
215,Gonçalo Guedes\Goncalo-Guedes,pt POR,MFFW,Valencia,24-171,1996,24.6,1082,13,126,516,570,82,1046,49,77,63.6,53,1,869,6398,3971,206,82,34,46,58,1085,812,74.8,158,Matches
216,Ander Guevara\Ander-Guevara,es ESP,MF,Real Sociedad,23-316,1997,22.1,1526,78,386,1015,224,12,1503,15,15,100.0,15,0,1040,5207,2823,107,24,2,16,21,1114,1062,95.3,30,Matches
217,John Guidetti\John-Guidetti,se SWE,FWMF,Alavés,29-034,1992,1.5,61,1,2,29,34,9,56,1,1,100.0,1,0,30,97,30,1,2,0,4,0,89,47,52.8,9,Matches
218,Hugo Guillamón\Hugo-Guillamon,es ESP,DF,Valencia,21-108,2000,21.1,1349,236,747,657,31,9,1303,2,4,50.0,2,0,846,5044,2870,80,7,0,8,5,900,889,98.8,0,Matches
219,Jon Guridi\Jon-Guridi,es ESP,MF,Real Sociedad,26-080,1995,9.2,453,12,53,282,154,15,448,16,24,66.7,16,0,334,1799,829,46,17,0,12,10,395,319,80.8,33,Matches
220,Raúl Guti\Raul-Guti,es ESP,MF,Elche,24-140,1996,30.8,1518,43,402,970,244,29,1486,44,68,64.7,49,9,1082,5127,2136,95,25,5,26,30,1182,1039,87.9,24,Matches
221,Marcos Mauro López Gutiérrez\Marcos-Mauro-Lopez-Gutierrez,ar ARG,DF,Cádiz,30-130,1991,20.3,664,120,332,330,17,8,630,0,0,,0,0,294,1119,418,11,0,0,1,1,320,307,95.9,1,Matches
222,Miguel Gutiérrez\Miguel-Gutierrez,es ESP,DF,Real Madrid,19-296,2001,2.8,250,6,63,119,85,4,223,4,6,66.7,4,0,179,1006,545,25,9,2,2,2,182,174,95.6,7,Matches
223,Munir El Haddadi\Munir-El-Haddadi,ma MAR,FW,Sevilla,25-260,1995,9.4,478,7,50,229,226,51,466,14,20,70.0,14,0,365,1724,939,50,13,7,20,25,485,359,74.0,76,Matches
224,Eden Hazard\Eden-Hazard,be BEL,FWMF,Real Madrid,30-132,1991,5.9,409,2,45,182,216,30,404,17,24,70.8,18,1,346,2196,1210,59,14,7,9,11,418,365,87.3,63,Matches
225,Mario Hermoso\Mario-Hermoso,es ESP,DF,Atlético Madrid,25-335,1995,28.0,2129,129,727,1308,196,21,1953,11,17,64.7,11,0,1329,6369,3440,126,21,1,8,11,1521,1474,96.9,13,Matches
226,Aridane Hernández\Aridane-Hernandez,gq EQG,DF,Osasuna,32-057,1989,22.5,962,150,556,429,20,11,930,6,6,100.0,6,0,403,2172,838,12,2,0,3,4,397,384,96.7,1,Matches
227,Héctor Herrera\Hector-Herrera,mx MEX,MF,Atlético Madrid,31-030,1990,7.5,738,22,165,495,114,6,709,3,5,60.0,3,0,498,2362,1042,41,8,1,3,4,570,551,96.7,9,Matches
228,Sergio Herrera\Sergio-Herrera,es ESP,GK,Osasuna,27-348,1993,32.9,1263,1037,1248,16,0,0,844,1,2,50.0,2,0,509,3589,2260,0,0,0,1,0,397,394,99.2,0,Matches
229,Yangel Herrera\Yangel-Herrera,ve VEN,MF,Granada,23-132,1998,25.7,1200,56,245,720,288,55,1196,15,27,55.6,16,2,631,2759,1204,51,21,2,22,24,908,706,77.8,62,Matches
230,Pablo Hervías\Pablo-Hervias,es ESP,DFMF,Valladolid,28-072,1993,13.3,851,27,211,404,324,19,719,19,32,59.4,20,0,565,4448,2241,101,42,8,7,17,591,519,87.8,27,Matches
231,Jordan Holsgrove\Jordan-Holsgrove,sco SCO,MF,Celta Vigo,21-251,1999,1.6,124,2,23,79,30,1,122,0,1,0.0,0,0,94,402,132,6,3,0,5,2,110,101,91.8,2,Matches
232,Vicente Iborra\Vicente-Iborra,es ESP,MF,Villarreal,33-123,1988,10.3,688,49,207,441,63,5,673,5,6,83.3,5,0,478,1724,795,30,5,0,5,4,524,502,95.8,9,Matches
233,Oussama Idrissi\Oussama-Idrissi,ma MAR,FWMF,Sevilla,25-082,1996,0.3,19,1,3,3,13,3,19,0,1,0.0,0,0,13,79,68,4,0,1,1,2,15,11,73.3,4,Matches
234,Iglesias\Iglesias,es ESP,DFMF,Getafe,22-320,1998,5.7,261,12,71,121,82,3,222,4,9,44.4,5,1,125,629,349,19,7,1,3,7,127,101,79.5,11,Matches
235,Borja Iglesias\Borja-Iglesias,es ESP,FW,Betis,28-122,1993,14.8,412,17,28,208,192,76,386,7,21,33.3,7,1,237,757,336,20,9,4,38,19,631,295,46.8,83,Matches
236,Ilaix\Ilaix,es ESP,MF,Barcelona,18-120,2003,5.4,420,7,45,255,154,23,416,11,13,84.6,11,0,322,1458,756,37,16,4,9,9,391,335,85.7,26,Matches
237,Asier Illarramendi\Asier-Illarramendi,es ESP,MF,Real Sociedad,31-072,1990,3.7,286,7,57,219,32,0,264,0,0,,0,0,194,1212,668,27,0,0,0,0,215,208,96.7,2,Matches
238,Pablo Insua\Pablo-Insua,es ESP,DF,Huesca,27-252,1993,17.6,901,156,605,321,26,7,876,3,3,100.0,3,0,560,2878,1465,23,5,0,0,2,600,590,98.3,2,Matches
239,Takashi Inui\Takashi-Inui,jp JPN,MFFW,Eibar,32-351,1988,19.2,722,6,65,294,418,44,691,29,60,48.3,33,1,537,3003,1769,107,32,13,45,37,749,511,68.2,87,Matches
240,Alexander Isak\Alexander-Isak,se SWE,FW,Real Sociedad,21-240,1999,25.0,696,7,26,337,376,152,645,33,62,53.2,38,3,476,2705,1448,70,25,22,54,35,1061,519,48.9,182,Matches
241,Isco\Isco,es ESP,MFFW,Real Madrid,29-028,1992,9.7,817,11,108,486,303,38,779,29,40,72.5,29,4,661,3968,2202,109,32,7,20,14,763,691,90.6,51,Matches
242,Jairo Izquierdo\Jairo-Izquierdo,es ESP,MFDF,Cádiz,27-209,1993,13.9,587,31,152,283,210,14,536,15,26,57.7,17,2,382,2733,1711,71,25,5,21,16,435,330,75.9,37,Matches
243,Saidy Janko\Saidy-Janko,ch SUI,DF,Valladolid,25-209,1995,12.7,689,50,216,341,182,15,569,15,27,55.6,16,0,374,2241,1278,67,22,4,12,6,424,356,84.0,32,Matches
244,Adnan Januzaj\Adnan-Januzaj,be BEL,FWMF,Real Sociedad,26-103,1995,11.2,743,8,57,357,396,49,675,39,63,61.9,41,2,581,2891,1802,114,34,12,33,31,689,566,82.1,85,Matches
245,Jason\Jason,es ESP,MFDF,Valencia,26-317,1994,4.9,227,11,58,103,96,7,220,8,20,40.0,10,2,150,969,592,25,15,2,14,10,187,145,77.5,19,Matches
246,Luis Javier Suárez\Luis-Javier-Suarez,co COL,FWMF,Granada,23-168,1997,17.7,503,12,56,216,268,78,491,23,39,59.0,24,2,332,1855,1138,64,20,11,41,29,752,338,44.9,98,Matches
247,Joaquín\Joaquin,es ESP,FWMF,Betis,39-302,1981,14.3,878,10,85,376,476,42,802,20,35,57.1,22,2,619,3159,1870,109,42,7,20,18,784,662,84.4,80,Matches
248,John Joe\John-Joe,ie IRL,MFDF,Getafe,17-237,2003,0.7,38,0,2,15,21,5,38,0,0,,0,0,27,49,22,2,0,0,6,6,32,27,84.4,5,Matches
249,Frenkie de Jong\Frenkie-de-Jong,nl NED,MFDF,Barcelona,24-007,1997,34.2,3004,104,669,1827,773,97,2965,48,62,77.4,48,4,2309,14048,7877,315,95,12,21,38,2693,2494,92.6,136,Matches
250,Luuk de Jong\Luuk-de-Jong,nl NED,FW,Sevilla,30-265,1990,13.9,495,15,47,291,172,61,474,11,15,73.3,12,1,256,690,244,15,4,4,31,23,656,371,56.6,79,Matches
251,Jony\Jony,es ESP,MFFW,Osasuna,29-314,1991,9.6,513,5,45,217,292,25,476,17,40,42.5,21,3,365,1587,978,52,15,6,30,29,495,369,74.5,47,Matches
252,Joan Jordán\Joan-Jordan,es ESP,MF,Sevilla,26-317,1994,26.1,2198,57,465,1309,522,35,2087,35,41,85.4,36,1,1504,6150,2968,129,33,5,26,26,1824,1698,93.1,90,Matches
253,Josan\Josan,es ESP,MFDF,Elche,31-167,1989,20.6,1021,43,307,476,322,29,927,39,74,52.7,42,3,692,4267,2622,117,36,11,31,41,811,667,82.2,54,Matches
254,Willian José\Willian-Jose,br BRA,FW,Real Sociedad,29-177,1991,7.7,295,8,27,154,128,31,275,4,4,100.0,4,0,200,863,289,13,6,0,16,10,379,235,62.0,42,Matches
255,Joselu\Joselu,es ESP,FW,Alavés,31-053,1990,33.4,1475,57,154,794,560,152,1448,29,64,45.3,34,3,704,2113,727,41,12,10,75,50,1766,1120,63.4,207,Matches
256,Josema\Josema,es ESP,DF,Elche,24-347,1996,21.6,1234,135,616,544,139,6,1106,8,11,72.7,8,0,675,3565,2151,57,17,0,7,6,768,731,95.2,16,Matches
257,Jota\Jota,es ESP,MF,Alavés,29-337,1991,15.5,646,15,120,380,208,15,596,22,45,48.9,27,3,470,2728,1467,60,25,3,23,21,547,414,75.7,36,Matches
258,Jota\Jota,pt POR,FW,Valladolid,22-050,1999,7.1,,,,,,,,,,,,,,,,,,,,,,,,,Matches
259,Luka Jović\Luka-Jovic,rs SRB,FWMF,Real Madrid,23-147,1997,1.7,52,0,4,21,29,12,49,1,1,100.0,1,0,23,89,49,3,2,2,3,0,65,41,63.1,13,Matches
260,Juanmi\Juanmi,es ESP,FWMF,Betis,27-364,1993,6.7,203,4,27,103,81,27,196,4,12,33.3,4,0,127,540,270,12,3,3,10,9,249,146,58.6,35,Matches
261,Vinicius Júnior\Vinicius-Junior,br BRA,FW,Real Madrid,20-311,2000,21.3,1146,9,136,439,708,146,1132,59,109,54.1,62,6,964,5786,3999,194,77,38,62,46,1174,918,78.2,187,Matches
262,Jens Jønsson\Jens-Jonsson,dk DEN,MF,Cádiz,28-129,1993,28.4,942,70,290,545,147,16,927,14,17,82.4,14,0,447,2530,948,29,12,2,15,8,501,430,85.8,21,Matches
263,Damian Kądzior\Damian-Kadzior,pl POL,FWMF,Eibar,28-337,1992,2.2,91,0,7,23,64,4,75,4,4,100.0,4,0,61,200,80,6,2,0,1,5,81,54,66.7,10,Matches
264,Lee Kangin\Lee-Kangin,kr KOR,FWMF,Valencia,20-089,2001,13.1,647,5,70,363,267,19,585,32,39,82.1,33,2,487,2765,1299,81,27,6,22,28,636,475,74.7,46,Matches
265,Stephane Keller\Stephane-Keller,cm CMR,DF,Alavés,19-272,2001,0.2,14,0,7,6,1,0,14,0,0,,0,0,11,47,23,1,0,0,0,0,10,10,100.0,0,Matches
266,Kenedy\Kenedy,br BRA,FWMF,Granada,25-100,1996,16.3,581,16,112,234,284,31,529,37,70,52.9,37,5,379,1922,1059,47,15,7,41,38,502,312,62.2,52,Matches
267,Kike\Kike,es ESP,FW,Eibar,31-175,1989,33.3,1360,29,72,614,744,167,1312,37,65,56.9,40,4,834,3684,1241,77,28,12,139,53,2046,1053,51.5,286,Matches
268,Giorgi Kochorashvili\Giorgi-Kochorashvili,ge GEO,MF,Levante,21-324,1999,0.3,16,0,1,7,9,0,15,1,1,100.0,1,0,12,36,14,2,0,0,0,0,18,13,72.2,1,Matches
269,Kenan Kodro\Kenan-Kodro,ba BIH,FWMF,Athletic Club,27-273,1993,0.5,12,0,1,4,7,1,12,0,1,0.0,0,0,8,44,30,1,0,0,1,0,18,12,66.7,5,Matches
270,Kenan Kodro\Kenan-Kodro,ba BIH,FW,Valladolid,27-273,1993,5.1,162,5,11,92,64,17,152,3,10,30.0,4,0,97,447,142,10,2,3,7,9,276,121,43.8,19,Matches
271,Koba Koindredi\Koba-Koindredi,fr FRA,MF,Valencia,19-204,2001,0.2,15,0,3,13,0,0,14,0,0,,0,0,9,75,41,2,0,0,0,0,10,10,100.0,0,Matches
272,Koke\Koke,es ESP,MF,Atlético Madrid,29-131,1992,32.6,2672,62,520,1695,568,33,2566,28,38,73.7,31,1,1840,7021,3339,161,27,4,26,25,2149,2014,93.7,56,Matches
273,Geoffrey Kondogbia\Geoffrey-Kondogbia,cf CTA,MF,Valencia,28-093,1993,4.9,238,15,78,156,21,0,229,6,9,66.7,6,0,157,906,427,11,2,0,0,3,153,146,95.4,3,Matches
274,Geoffrey Kondogbia\Geoffrey-Kondogbia,cf CTA,MFFW,Atlético Madrid,28-093,1993,6.7,457,21,119,319,46,3,455,7,11,63.6,7,0,324,1630,919,33,9,1,3,2,322,303,94.1,7,Matches
275,Youssouf Koné\Youssouf-Kone,ml MLI,DFFW,Elche,25-318,1995,0.8,39,1,19,6,14,2,28,3,4,75.0,3,0,24,55,19,0,0,0,3,1,27,19,70.4,6,Matches
276,Jules Koundé\Jules-Kounde,fr FRA,DF,Sevilla,22-188,1998,32.1,2587,339,1220,1322,222,53,2547,31,40,77.5,33,1,1847,9626,5475,169,44,5,19,13,2003,1950,97.4,24,Matches
277,Toni Kroos\Toni-Kroos,de GER,MF,Real Madrid,31-135,1990,23.5,2339,40,413,1418,635,32,2106,17,23,73.9,17,0,1640,7577,3989,199,50,10,13,11,1905,1836,96.4,38,Matches
278,Takefusa Kubo\Takefusa-Kubo,jp JPN,MFFW,Villarreal,19-349,2001,3.3,191,3,25,80,107,18,185,12,16,75.0,13,0,168,1025,605,34,7,7,8,9,197,145,73.6,27,Matches
279,Takefusa Kubo\Takefusa-Kubo,jp JPN,MFFW,Getafe,19-349,2001,7.9,320,7,29,116,198,30,302,19,42,45.2,21,2,234,1144,784,43,12,7,25,18,318,200,62.9,53,Matches
280,Kuki\Kuki,es ESP,MF,Valladolid,23-014,1998,0.3,15,0,3,7,5,0,15,0,0,,0,0,8,24,6,0,0,0,2,0,14,9,64.3,1,Matches
281,Víctor Laguardia\Victor-Laguardia,es ESP,DF,Alavés,31-195,1989,29.2,1332,203,812,550,33,18,1263,0,0,,0,0,653,3176,1868,29,1,0,3,3,762,736,96.6,1,Matches
282,Diego Lainez\Diego-Lainez,mx MEX,FWMF,Betis,20-344,2000,9.2,489,7,61,206,268,53,483,26,43,60.5,27,4,381,2434,1510,74,24,15,21,26,461,368,79.8,50,Matches
283,Toni Lato\Toni-Lato,es ESP,DF,Valencia,23-179,1997,7.1,386,20,140,175,89,6,330,6,7,85.7,6,0,202,864,395,17,6,1,3,2,249,215,86.3,16,Matches
284,Lauti\Lauti,uy URU,MFFW,Celta Vigo,20-099,2001,0.2,6,1,1,4,2,1,6,0,0,,0,0,5,4,0,0,0,0,0,2,8,5,62.5,0,Matches
285,Robin Le Normand\Robin-Le-Normand,fr FRA,DF,Real Sociedad,24-189,1996,29.5,1872,251,1003,952,69,30,1826,2,3,66.7,2,0,1158,7534,4243,85,16,0,5,6,1243,1214,97.7,7,Matches
286,Jeremías Ledesma\Jeremias-Ledesma,ar ARG,GK,Cádiz,28-095,1993,32.0,1101,932,1099,3,0,0,648,2,2,100.0,2,0,384,3242,2080,0,0,0,0,1,278,275,98.9,0,Matches
287,Florian Lejeune\Florian-Lejeune,fr FRA,DF,Alavés,29-364,1991,32.5,1756,300,1052,714,72,32,1677,9,11,81.8,9,1,898,4111,1918,29,2,0,5,5,996,968,97.2,6,Matches
288,Iñigo Lekue\Inigo-Lekue,es ESP,DF,Athletic Club,28-015,1993,6.2,424,27,110,218,131,6,354,14,23,60.9,14,0,252,1388,788,35,13,3,12,6,260,238,91.5,11,Matches
289,Thomas Lemar\Thomas-Lemar,fr FRA,MF,Atlético Madrid,25-188,1995,15.2,985,19,138,510,413,32,925,41,47,87.2,41,1,735,3927,1941,106,40,5,21,30,864,718,83.1,91,Matches
290,Clément Lenglet\Clement-Lenglet,fr FRA,DF,Barcelona,25-336,1995,27.5,2506,272,1002,1455,231,17,2456,11,16,68.8,11,0,1894,9951,5859,197,53,1,9,5,2010,1981,98.6,8,Matches
291,Pedro León\Pedro-Leon,es ESP,MFFW,Eibar,34-176,1986,9.9,464,3,42,192,257,17,401,13,20,65.0,15,0,266,1495,636,36,12,3,29,4,394,285,72.3,56,Matches
292,Sergio León\Sergio-Leon,es ESP,FW,Levante,32-133,1989,8.3,239,4,26,114,113,36,231,8,16,50.0,9,0,141,495,253,12,6,3,30,13,339,157,46.3,45,Matches
293,Diego Llorente\Diego-Llorente,es ESP,DF,Real Sociedad,27-276,1993,1.0,65,11,42,28,0,0,63,0,0,,0,0,40,246,189,5,0,0,0,0,45,44,97.8,0,Matches
294,Marcos Llorente\Marcos-Llorente,es ESP,MFDF,Atlético Madrid,26-109,1995,32.0,1680,47,286,837,655,109,1636,37,62,59.7,42,1,1241,6314,3163,153,51,21,38,55,1450,1177,81.2,206,Matches
295,Renan Lodi\Renan-Lodi,br BRA,DF,Atlético Madrid,23-041,1998,12.2,903,32,213,405,332,39,774,24,30,80.0,25,0,593,2857,1590,75,25,7,22,14,620,562,90.6,74,Matches
296,Pedro López Muñoz\Pedro-Lopez-Munoz,es ESP,DF,Huesca,37-199,1983,11.7,765,42,274,327,209,5,634,8,16,50.0,10,1,417,1893,977,42,19,0,5,6,487,438,89.9,17,Matches
297,Adrián López\Adrian-Lopez,es ESP,FWMF,Osasuna,33-131,1988,5.3,259,3,20,125,125,29,257,11,20,55.0,11,1,182,779,396,25,5,4,20,17,340,203,59.7,54,Matches
298,Javi López\Javi-Lopez,es ESP,DFMF,Alavés,19-138,2002,2.8,183,5,53,90,48,3,151,4,7,57.1,4,0,114,620,313,20,5,2,4,7,97,93,95.9,5,Matches
299,Roberto López\Roberto-Lopez,es ESP,MFFW,Real Sociedad,21-025,2000,5.6,300,5,31,151,136,11,274,3,5,60.0,3,0,195,756,351,19,4,1,7,7,253,207,81.8,32,Matches
300,Unai López\Unai-Lopez,es ESP,MF,Athletic Club,25-201,1995,14.8,1089,21,192,685,268,13,1031,16,21,76.2,17,2,704,3543,1524,64,25,4,12,15,844,780,92.4,25,Matches
301,Anthony Lozano\Anthony-Lozano,hn HON,FWMF,Cádiz,28-024,1993,16.9,495,10,33,256,242,69,483,23,35,65.7,25,1,303,1473,943,50,18,6,49,43,778,362,46.5,89,Matches
302,Jeison Lucumí\Jeison-Lucumi,co COL,FW,Elche,26-041,1995,0.5,15,1,1,12,3,0,15,1,2,50.0,1,0,12,61,31,1,0,0,0,1,15,9,60.0,1,Matches
303,José Luis Gayà\Jose-Luis-Gaya,es ESP,DF,Valencia,25-359,1995,31.6,1808,113,568,784,581,51,1556,32,47,68.1,33,2,1056,5750,3491,157,50,5,29,16,1232,1063,86.3,122,Matches
304,José Luis Morales\Jose-Luis-Morales,es ESP,FWMF,Levante,33-300,1987,26.8,1010,16,124,412,548,134,949,34,71,47.9,40,6,740,3781,2283,110,37,32,39,53,1081,734,67.9,206,Matches
305,Luisinho\Luisinho,pt POR,DF,Huesca,36-014,1985,2.0,142,9,52,74,23,1,127,1,1,100.0,1,0,85,368,232,8,2,0,0,1,97,92,94.8,3,Matches
306,Luismi\Luismi,es ESP,MFDF,Elche,29-014,1992,1.9,125,8,51,74,7,1,122,1,1,100.0,1,0,86,312,116,3,2,0,0,1,95,90,94.7,1,Matches
307,Darwin Machís\Darwin-Machis,ve VEN,FWMF,Granada,28-101,1993,22.0,837,19,133,354,437,62,783,50,84,59.5,53,10,583,3728,2138,119,35,25,40,44,783,518,66.2,95,Matches
308,Pablo Maffeo\Pablo-Maffeo,es ESP,DF,Huesca,23-311,1997,21.0,1248,58,381,607,339,24,1038,24,45,53.3,29,0,711,3897,2327,105,32,10,20,16,770,665,86.4,61,Matches
309,Abdallahi Mahmoud\Abdallahi-Mahmoud,mr MTN,MF,Alavés,21-015,2000,0.7,24,0,6,14,4,0,24,0,0,,0,0,12,30,14,2,0,0,0,1,18,11,61.1,0,Matches
310,Nemanja Maksimović\Nemanja-Maksimovic,rs SRB,MF,Getafe,26-113,1995,29.4,994,49,204,567,273,37,953,13,22,59.1,15,0,467,2536,1105,63,20,2,19,14,536,427,79.7,30,Matches
311,Filip Malbašić\Filip-Malbasic,rs SRB,FWMF,Cádiz,28-182,1992,9.4,278,4,43,110,138,27,270,5,11,45.5,6,0,168,960,648,34,8,9,23,14,345,184,53.3,36,Matches
312,Hugo Mallo\Hugo-Mallo,es ESP,DF,Celta Vigo,29-331,1991,28.9,2096,103,652,1027,513,35,1759,18,34,52.9,19,2,1094,4587,2445,107,34,4,31,18,1340,1183,88.3,47,Matches
313,Mickael Malsa\Mickael-Malsa,mq MTQ,MF,Levante,25-219,1995,25.1,1545,92,455,989,179,15,1532,20,28,71.4,20,0,1097,4728,2409,88,19,2,14,31,1137,1065,93.7,31,Matches
314,Aïssa Mandi\Aissa-Mandi,dz ALG,DF,Betis,29-209,1991,26.6,1719,215,906,854,40,23,1665,2,3,66.7,2,0,1142,5002,2365,52,4,0,7,1,1236,1217,98.5,5,Matches
315,Eliaquim Mangala\Eliaquim-Mangala,fr FRA,DF,Valencia,30-095,1991,3.5,147,29,86,60,6,3,144,1,1,100.0,1,0,54,311,165,4,1,0,1,1,71,61,85.9,2,Matches
316,Maranhão\Maranhao,br BRA,FW,Valladolid,24-211,1996,12.4,361,14,41,166,185,45,354,14,31,45.2,15,2,206,1107,637,31,9,7,36,20,530,262,49.4,70,Matches
317,Marcelo\Marcelo,br BRA,DF,Real Madrid,33-007,1988,11.4,973,25,191,456,372,31,878,16,23,69.6,19,0,657,2553,1538,82,27,5,9,9,766,717,93.6,61,Matches
318,Iván Marcone\Ivan-Marcone,ar ARG,MF,Elche,30-350,1990,29.1,1727,125,617,1096,132,9,1670,15,19,78.9,17,0,1183,5823,2867,81,13,0,14,14,1231,1178,95.7,13,Matches
319,Óscar de Marcos\Oscar-de-Marcos,es ESP,DFMF,Athletic Club,32-035,1989,16.8,890,43,228,416,310,26,768,7,13,53.8,8,0,479,2941,1797,81,36,8,17,6,657,512,77.9,68,Matches
320,José Mari\Jose-Mari,es ESP,MF,Cádiz,33-164,1987,15.1,601,47,183,360,84,5,571,20,31,64.5,21,3,303,1212,576,19,6,1,4,7,298,269,90.3,9,Matches
321,José María Giménez\Jose-Maria-Gimenez,uy URU,DF,Atlético Madrid,26-119,1995,18.6,1228,157,669,586,51,23,1179,1,2,50.0,2,0,789,4053,2448,48,4,0,4,2,902,876,97.1,2,Matches
322,Mariano\Mariano,do DOM,FW,Real Madrid,27-291,1993,5.4,159,8,17,69,87,27,149,11,17,64.7,11,0,104,415,191,8,5,2,14,12,233,122,52.4,36,Matches
323,Adrián Marín\Adrian-Marin,es ESP,DFMF,Alavés,24-130,1997,1.0,68,3,9,44,15,0,58,0,1,0.0,0,0,38,143,75,7,0,0,0,1,36,34,94.4,1,Matches
324,Adrián Marín\Adrian-Marin,es ESP,DFFW,Granada,24-130,1997,2.8,144,9,44,81,23,0,122,3,3,100.0,3,0,58,267,189,6,2,0,1,1,78,66,84.6,2,Matches
325,Roger Martí\Roger-Marti,es ESP,FW,Levante,30-136,1991,23.4,699,8,49,342,340,103,654,14,22,63.6,15,1,434,1628,576,34,11,8,50,27,1022,517,50.6,186,Matches
326,Aarón Martín\Aaron-Martin,es ESP,DF,Celta Vigo,24-027,1997,16.1,961,51,291,480,239,14,809,14,21,66.7,14,0,589,2471,1310,74,27,3,6,10,643,575,89.4,38,Matches
327,Álex Martín\Alex-Martin,es ESP,DF,Cádiz,23-114,1998,1.1,50,5,13,31,8,0,44,0,0,,0,0,28,79,55,1,0,0,0,0,30,28,93.3,0,Matches
328,Iñigo Martínez\Inigo-Martinez,es ESP,DF,Athletic Club,30-002,1991,28.0,1700,189,869,924,64,19,1626,6,8,75.0,7,0,1014,7378,4286,113,15,1,5,5,1105,1079,97.6,7,Matches
329,Javi Martínez\Javi-Martinez,es ESP,MFFW,Osasuna,21-148,1999,5.0,205,6,44,114,64,9,204,5,8,62.5,6,0,123,665,322,9,4,0,7,5,159,119,74.8,16,Matches
330,Marvin\Marvin,es ESP,DFFW,Real Madrid,20-320,2000,1.5,109,3,20,61,33,3,98,0,2,0.0,0,0,67,335,166,9,3,1,5,3,80,65,81.3,10,Matches
331,Jordi Masip\Jordi-Masip,es ESP,GK,Valladolid,32-136,1989,24.0,816,736,810,5,1,1,533,0,0,,0,0,332,1684,1082,0,0,0,0,0,297,296,99.7,0,Matches
332,Jaime Mata\Jaime-Mata,es ESP,FW,Getafe,32-207,1988,22.5,817,12,38,364,440,109,790,9,20,45.0,12,0,461,1699,685,38,10,10,63,29,1128,609,54.0,144,Matches
333,Borja Mayoral\Borja-Mayoral,es ESP,FW,Real Madrid,24-044,1997,0.3,9,0,1,3,7,3,9,0,1,0.0,0,0,7,14,5,0,0,0,0,2,16,7,43.8,5,Matches
334,Gonzalo Melero\Gonzalo-Melero,es ESP,MFFW,Levante,27-137,1994,19.6,1159,35,241,701,279,40,1131,16,25,64.0,17,2,813,3777,1854,97,27,2,17,13,1007,865,85.9,73,Matches
335,Brais Méndez\Brais-Mendez,es ESP,MFFW,Celta Vigo,24-132,1997,28.7,1530,33,273,808,527,76,1492,16,53,30.2,21,4,1035,3807,1917,96,37,10,52,54,1480,1091,73.7,142,Matches
336,Édgar Méndez\Edgar-Mendez,es ESP,MFFW,Alavés,31-137,1990,22.4,754,24,146,353,298,63,726,26,48,54.2,33,0,467,2468,1277,63,16,16,50,33,743,463,62.3,99,Matches
337,Eñaut Mendía\Enaut-Mendia,es ESP,FW,Eibar,21-328,1999,0.7,18,0,5,7,8,1,18,0,0,,0,0,11,44,33,0,0,0,2,1,14,10,71.4,3,Matches
338,Ferland Mendy\Ferland-Mendy,fr FRA,DF,Real Madrid,25-345,1995,24.5,1719,75,498,775,593,53,1550,36,62,58.1,40,2,1267,7208,4411,196,58,22,21,32,1351,1236,91.5,68,Matches
339,Mikel Merino\Mikel-Merino,es ESP,MF,Real Sociedad,24-331,1996,23.9,1516,50,240,917,428,59,1497,30,38,78.9,32,0,1005,3870,1846,95,28,3,32,31,1259,1071,85.1,101,Matches
340,Martín Merquelanz\Martin-Merquelanz,es ESP,FWMF,Real Sociedad,25-341,1995,6.1,341,15,53,131,181,22,299,3,8,37.5,3,0,226,1186,647,34,13,5,12,11,278,217,78.1,25,Matches
341,Roque Mesa\Roque-Mesa,es ESP,MF,Valladolid,31-346,1989,18.9,1134,48,234,716,291,20,1064,25,34,73.5,25,1,801,5028,2742,120,43,8,22,40,829,740,89.3,38,Matches
342,Lionel Messi\Lionel-Messi,ar ARG,FWMF,Barcelona,33-329,1987,33.6,2918,0,71,1387,1745,239,2689,147,228,64.5,156,7,2433,13410,8270,517,192,49,40,95,2929,2509,85.7,278,Matches
343,Omenuke Mfulu\Omenuke-Mfulu,cd COD,MF,Elche,27-060,1994,7.9,385,23,142,240,22,0,378,1,4,25.0,1,0,226,857,417,15,3,0,9,6,273,259,94.9,5,Matches
344,Míchel\Michel,es ESP,MF,Valladolid,32-294,1988,10.2,716,20,173,434,157,5,656,6,7,85.7,6,0,449,2277,1080,42,13,1,6,14,505,472,93.5,15,Matches
345,Éder Militão\Eder-Militao,br BRA,DF,Real Madrid,23-121,1998,11.6,842,122,484,359,39,12,826,2,4,50.0,2,0,551,3060,1244,26,4,0,4,3,604,594,98.3,2,Matches
346,Luis Milla\Luis-Milla,es ESP,MF,Granada,26-224,1994,13.9,649,24,152,405,134,9,591,10,12,83.3,10,1,395,2121,1110,35,8,1,10,17,413,368,89.1,25,Matches
347,Pere Milla\Pere-Milla,es ESP,FWMF,Elche,28-238,1992,21.0,803,27,131,527,199,44,782,17,30,56.7,19,5,531,2365,1214,54,25,3,60,37,914,574,62.8,100,Matches
348,Alejandro Millán\Alejandro-Millan,es ESP,FW,Villarreal,21-193,1999,0.0,1,0,0,1,0,0,1,0,0,,0,0,0,0,0,0,0,0,0,0,5,1,20.0,0,Matches
349,Santi Mina\Santi-Mina,es ESP,FW,Celta Vigo,25-163,1995,25.8,862,17,80,511,310,75,841,8,19,42.1,10,1,481,1747,873,39,19,6,62,30,1225,637,52.0,168,Matches
350,Óscar Mingueza\Oscar-Mingueza,es ESP,DF,Barcelona,22-006,1999,20.6,1807,132,601,1031,282,20,1708,7,10,70.0,7,1,1349,5780,3038,104,32,3,7,7,1421,1379,97.0,15,Matches
351,Rafa Mir\Rafa-Mir,es ESP,FW,Huesca,23-335,1997,31.0,794,29,93,368,375,149,758,16,26,61.5,16,3,373,2159,1280,59,20,16,87,35,1266,561,44.3,149,Matches
352,Jorge Miramón\Jorge-Miramon,es ESP,DF,Levante,31-351,1989,19.2,1253,91,447,529,351,23,1054,14,16,87.5,14,0,690,3677,1961,90,36,3,10,13,751,692,92.1,33,Matches
353,Juan Miranda\Juan-Miranda,es ESP,DF,Betis,21-120,2000,17.9,1134,51,306,575,288,21,946,5,11,45.5,6,1,562,1935,1110,62,20,0,9,12,711,630,88.6,27,Matches
354,Luka Modrić\Luka-Modric,hr CRO,MF,Real Madrid,35-252,1985,29.4,2481,50,466,1412,796,62,2377,53,73,72.6,54,6,1911,9735,4443,224,66,11,36,30,2135,1997,93.5,124,Matches
355,Johan Mojica\Johan-Mojica,co COL,DF,Elche,28-271,1992,13.2,827,47,305,379,207,6,717,13,30,43.3,14,2,539,2722,1381,61,20,2,11,8,531,482,90.8,14,Matches
356,Guillem Molina\Guillem-Molina,es ESP,DF,Valencia,21-016,2000,1.7,87,8,36,49,4,0,72,3,4,75.0,3,0,41,145,83,1,0,0,0,0,43,39,90.7,0,Matches
357,Jorge Molina\Jorge-Molina,es ESP,FWMF,Granada,39-027,1982,17.2,599,18,49,299,268,67,565,6,16,37.5,6,0,294,974,494,31,7,3,36,24,818,451,55.1,109,Matches
358,Victor Mollejo\Victor-Mollejo,es ESP,MFDF,Getafe,20-118,2001,0.8,44,0,2,25,22,3,41,2,4,50.0,2,0,35,195,130,7,3,1,0,3,41,35,85.4,5,Matches
359,Jon Moncayola\Jon-Moncayola,es ESP,MF,Osasuna,23-006,1998,29.1,1360,67,340,849,250,24,1339,11,16,68.8,12,1,747,3592,1920,60,26,2,19,15,912,813,89.1,43,Matches
360,Nacho Monreal\Nacho-Monreal,es ESP,DF,Real Sociedad,35-082,1986,22.1,1337,48,366,648,368,36,1126,8,14,57.1,8,1,766,2913,1330,58,19,2,12,7,875,777,88.8,55,Matches
361,Ángel Montoro\Angel-Montoro,es ESP,MF,Granada,32-328,1988,15.1,866,31,166,519,219,7,752,2,4,50.0,3,1,470,2113,755,33,6,0,8,12,608,528,86.8,29,Matches
362,Martín Montoya\Martin-Montoya,es ESP,DF,Betis,30-035,1991,2.7,192,10,36,108,55,3,162,2,4,50.0,2,0,105,380,198,9,3,0,1,3,122,115,94.3,8,Matches
363,Emre Mor\Emre-Mor,tr TUR,FWMF,Celta Vigo,23-299,1997,5.6,207,1,19,106,97,17,195,17,28,60.7,17,0,148,779,329,17,6,2,17,13,216,144,66.7,34,Matches
364,Jon Morcillo\Jon-Morcillo,es ESP,MFFW,Athletic Club,22-246,1998,15.1,674,10,85,243,402,41,610,12,27,44.4,12,1,455,3206,2090,91,33,10,22,24,658,464,70.5,84,Matches
365,Alberto Moreno\Alberto-Moreno,es ESP,DF,Villarreal,28-318,1992,2.1,124,4,34,60,44,5,110,3,4,75.0,3,1,82,616,400,18,9,1,0,1,84,79,94.0,5,Matches
366,Álex Moreno\Alex-Moreno,es ESP,DF,Betis,27-345,1993,19.3,1382,80,421,690,352,41,1210,21,36,58.3,22,0,832,4179,2306,109,32,15,21,26,853,785,92.0,40,Matches
367,Gerard Moreno\Gerard-Moreno,es ESP,FWMF,Villarreal,29-042,1992,28.8,1505,32,126,835,645,170,1476,76,117,65.0,80,6,1152,4930,2379,141,49,23,75,69,1683,1247,74.1,244,Matches
368,Tete Morente\Tete-Morente,es ESP,MFFW,Elche,24-166,1996,22.4,1025,32,215,494,393,42,990,49,76,64.5,49,3,704,3471,1772,82,25,4,44,46,946,717,75.8,86,Matches
369,Loren Morón\Loren-Moron,es ESP,FWMF,Betis,27-140,1993,10.9,339,14,38,164,156,36,329,10,23,43.5,12,4,218,759,352,18,9,1,31,30,504,242,48.0,50,Matches
370,Pedro Mosquera\Pedro-Mosquera,es ESP,MF,Huesca,33-028,1988,22.8,1389,65,430,938,117,6,1311,9,13,69.2,9,0,886,4412,2326,75,13,2,6,16,944,905,95.9,11,Matches
371,Javi Moyano\Javi-Moyano,es ESP,DF,Valladolid,35-085,1986,1.1,45,1,11,23,12,0,32,0,0,,0,0,15,74,14,1,1,0,0,0,22,18,81.8,1,Matches
372,Iker Muniain\Iker-Muniain,es ESP,MFFW,Athletic Club,28-151,1992,21.6,1272,5,80,691,585,50,1165,45,60,75.0,46,3,945,4680,2362,130,49,11,38,37,1187,954,80.4,148,Matches
373,Aihen Muñoz\Aihen-Munoz,es ESP,DF,Real Sociedad,23-276,1997,13.4,863,34,241,420,239,14,683,12,18,66.7,12,1,461,1809,1037,48,16,3,5,8,492,450,91.5,29,Matches
374,Joaquín Muñoz\Joaquin-Munoz,es ESP,FW,Huesca,22-070,1999,0.5,31,0,5,13,15,3,28,3,5,60.0,3,0,23,114,66,5,1,1,3,1,24,21,87.5,6,Matches
375,Jeison Murillo\Jeison-Murillo,co COL,DF,Celta Vigo,28-357,1992,30.0,1867,253,1102,841,34,16,1827,5,7,71.4,5,0,1195,5677,2945,51,7,0,6,6,1298,1275,98.2,6,Matches
376,Yunus Musah\Yunus-Musah,us USA,MF,Valencia,18-171,2002,16.9,654,24,139,305,275,37,645,27,54,50.0,32,0,457,2587,1561,77,29,6,41,32,635,453,71.3,76,Matches
377,Yoshinori Mutō\Yoshinori-Muto,jp JPN,FWMF,Eibar,28-308,1992,12.5,377,5,25,147,229,54,364,17,25,68.0,17,0,226,1020,542,29,14,5,28,34,522,248,47.5,79,Matches
378,Nacho\Nacho,es ESP,DF,Real Madrid,31-121,1990,22.0,1411,140,615,723,173,28,1350,7,11,63.6,7,0,922,4901,2775,79,33,5,6,5,1052,1001,95.2,24,Matches
379,Nacho\Nacho,es ESP,DF,Valladolid,32-073,1989,20.1,1261,56,388,600,343,20,1046,9,19,47.4,9,0,665,3328,1818,74,26,4,16,12,747,672,90.0,32,Matches
380,Nano\Nano,es ESP,FWMF,Cádiz,26-103,1995,0.1,4,0,1,2,1,0,4,1,2,50.0,1,0,4,4,0,0,0,0,0,0,7,2,28.6,1,Matches
381,Roberto Navarro\Roberto-Navarro,es ESP,MF,Real Sociedad,19-037,2002,0.4,28,0,2,16,14,1,25,0,2,0.0,0,0,15,98,54,3,3,0,1,0,20,16,80.0,2,Matches
382,Ximo Navarro\Ximo-Navarro,es ESP,DF,Alavés,31-116,1990,25.4,1307,84,487,682,229,8,1051,17,26,65.4,17,1,660,4031,1923,73,31,1,11,23,651,591,90.8,23,Matches
383,Jesús Navas\Jesus-Navas,es ESP,DF,Sevilla,35-179,1985,31.4,2351,99,646,964,881,51,2038,19,29,65.5,20,0,1486,7377,4632,251,73,14,21,13,1711,1570,91.8,107,Matches
384,Raúl Navas\Raul-Navas,es ESP,DF,Osasuna,33-008,1988,1.9,80,15,54,26,2,1,77,0,0,,0,0,35,199,85,1,0,0,0,0,36,35,97.2,1,Matches
385,Álvaro Negredo\Alvaro-Negredo,es ESP,FW,Cádiz,35-272,1985,23.6,773,23,48,446,304,76,718,27,42,64.3,29,5,363,1128,457,22,8,7,61,24,1103,584,52.9,99,Matches
386,Neto\Neto,br BRA,GK,Barcelona,31-304,1989,6.0,208,189,205,3,0,0,163,0,0,,0,0,119,418,252,0,0,0,0,2,113,113,100.0,0,Matches
387,Carlos Neva\Carlos-Neva,es ESP,DF,Granada,24-341,1996,20.0,812,53,290,365,191,11,606,7,12,58.3,9,0,325,1675,863,40,10,1,6,12,391,320,81.8,17,Matches
388,Mamor Niang\Mamor-Niang,sn SEN,FWMF,Getafe,19-104,2002,0.2,14,0,0,7,7,1,12,2,3,66.7,2,0,9,8,2,0,0,0,4,1,18,7,38.9,1,Matches
389,Nieto\Nieto,es ESP,FWMF,Cádiz,23-051,1998,0.2,8,0,2,2,5,1,8,0,0,,0,0,4,24,4,0,0,0,0,0,9,4,44.4,0,Matches
390,Saúl Ñíguez\Saul-Niguez,es ESP,MFDF,Atlético Madrid,26-179,1994,21.9,1401,44,287,779,388,55,1359,12,18,66.7,13,1,794,3395,1383,62,17,4,25,18,1159,975,84.1,89,Matches
391,Nino\Nino,es ESP,FWMF,Elche,40-343,1980,3.1,141,1,11,101,40,8,136,1,1,100.0,1,0,102,471,162,7,4,0,3,5,153,122,79.7,25,Matches
392,Fernando Niño\Fernando-Nino,es ESP,FW,Villarreal,20-207,2000,6.6,203,2,18,96,103,35,189,9,10,90.0,9,0,135,586,235,15,3,7,17,15,297,153,51.5,60,Matches
393,Nolito\Nolito,es ESP,MFFW,Celta Vigo,34-216,1986,28.2,1310,27,216,674,490,85,1241,24,50,48.0,26,1,854,3459,1982,110,36,17,41,33,1171,870,74.3,136,Matches
394,Unai Núñez\Unai-Nunez,es ESP,DF,Athletic Club,24-109,1997,22.4,1356,215,733,680,37,16,1321,7,8,87.5,7,0,812,4918,2925,55,5,0,4,8,889,865,97.3,1,Matches
395,Kelechi Nwakali\Kelechi-Nwakali,ng NGA,MFFW,Huesca,22-348,1998,1.6,96,5,37,61,6,0,93,3,4,75.0,3,0,74,373,157,2,0,0,4,2,79,71,89.9,2,Matches
396,Allan Nyom\Allan-Nyom,cm CMR,MFDF,Getafe,33-009,1988,24.8,1083,47,237,523,371,34,928,13,24,54.2,14,1,540,2485,1058,68,27,4,19,28,678,566,83.5,60,Matches
397,Jan Oblak\Jan-Oblak,si SVN,GK,Atlético Madrid,28-132,1993,37.0,1048,924,1041,10,0,0,669,1,1,100.0,1,0,407,2071,1183,0,0,0,0,0,372,370,99.5,0,Matches
398,Lucas Ocampos\Lucas-Ocampos,ar ARG,FW,Sevilla,26-312,1994,28.6,1408,41,170,615,710,145,1353,71,115,61.7,73,4,1017,5591,3433,203,50,33,54,58,1444,1035,71.7,206,Matches
399,Álvaro Odriozola\Alvaro-Odriozola,es ESP,DF,Real Madrid,25-156,1995,8.5,499,17,140,218,184,30,424,6,11,54.5,6,0,333,2154,1028,44,16,7,11,9,369,328,88.9,35,Matches
400,Shinji Okazaki\Shinji-Okazaki,jp JPN,FW,Huesca,35-033,1986,12.5,282,4,20,144,132,37,269,5,13,38.5,5,0,169,569,227,16,7,2,26,21,452,209,46.2,68,Matches
401,Lucas Olaza\Lucas-Olaza,uy URU,DF,Celta Vigo,26-302,1994,17.9,1161,48,367,598,265,14,1000,9,14,64.3,9,2,681,3160,1794,68,31,1,5,5,752,691,91.9,28,Matches
402,Lucas Olaza\Lucas-Olaza,uy URU,DF,Valladolid,26-302,1994,13.0,757,46,243,332,217,11,616,6,13,46.2,6,0,396,1635,985,47,22,4,3,3,411,387,94.2,6,Matches
403,Christian Oliva\Christian-Oliva,uy URU,MF,Valencia,24-352,1996,2.2,121,3,30,83,17,0,120,2,2,100.0,2,0,78,401,216,6,2,0,0,1,93,88,94.6,0,Matches
404,Kiko Olivas\Kiko-Olivas,es ESP,DFMF,Valladolid,32-271,1988,1.0,59,10,27,36,2,0,58,0,0,,0,0,43,278,160,6,2,0,0,0,42,40,95.2,0,Matches
405,Paulo Oliveira\Paulo-Oliveira,pt POR,DF,Eibar,29-131,1992,28.5,1462,155,664,815,41,22,1421,3,4,75.0,3,0,655,3931,1731,39,2,0,4,1,701,680,97.0,2,Matches
406,Mathías Olivera\Mathias-Olivera,uy URU,DF,Getafe,23-200,1997,29.0,1478,79,374,689,494,63,1203,22,33,66.7,23,2,683,3796,2288,105,43,9,28,25,676,589,87.1,40,Matches
407,Javier Ontiveros\Javier-Ontiveros,es ESP,FWMF,Huesca,23-252,1997,10.2,629,15,108,343,257,32,604,42,64,65.6,46,5,524,3548,2110,123,36,16,14,18,554,458,82.7,40,Matches
408,Fabián Orellana\Fabian-Orellana,cl CHI,MFFW,Valladolid,35-112,1986,23.8,1125,18,157,529,533,67,1033,30,68,44.1,32,3,775,4228,2606,130,45,14,49,60,988,757,76.6,133,Matches
409,Mikel Oyarzabal\Mikel-Oyarzabal,es ESP,FWMF,Real Sociedad,24-028,1997,25.9,1256,21,136,523,677,116,1119,30,60,50.0,34,2,824,4199,2273,113,43,15,46,42,1175,840,71.5,170,Matches
410,Fernando Pacheco\Fernando-Pacheco,es ESP,GK,Alavés,29-001,1992,37.0,1164,1037,1161,5,0,0,733,0,0,,0,0,441,2342,1515,0,0,0,0,0,401,399,99.5,0,Matches
411,Jon Pacheco\Jon-Pacheco,es ESP,DF,Real Sociedad,20-131,2001,0.4,52,5,12,38,3,1,52,1,1,100.0,1,0,47,268,140,8,1,0,0,0,47,47,100.0,0,Matches
412,Helibelton Palacios\Helibelton-Palacios,co COL,DF,Elche,27-344,1993,8.1,397,23,139,192,82,2,324,6,9,66.7,6,0,219,1078,564,19,3,1,3,6,214,199,93.0,5,Matches
413,Ante Palaversa\Ante-Palaversa,hr CRO,MFFW,Getafe,21-043,2000,0.1,12,0,0,6,6,0,8,0,0,,0,0,6,30,8,0,0,0,0,0,4,4,100.0,0,Matches
414,Daniel Parejo\Daniel-Parejo,es ESP,MF,Villarreal,32-033,1989,33.6,2963,77,604,1835,674,30,2755,31,41,75.6,32,4,1997,8289,3998,171,44,5,20,27,2320,2231,96.2,51,Matches
415,Thomas Partey\Thomas-Partey,gh GHA,MF,Atlético Madrid,27-340,1993,2.2,243,2,33,189,45,0,240,7,8,87.5,7,1,194,939,467,16,10,0,1,0,198,196,99.0,1,Matches
416,Gabriel Paulista\Gabriel-Paulista,br BRA,DF,Valencia,30-174,1990,29.2,1747,342,1044,779,48,18,1663,4,5,80.0,4,0,1071,6593,4053,73,7,0,4,3,1138,1118,98.2,4,Matches
417,Alfonso Pedraza\Alfonso-Pedraza,es ESP,DF,Villarreal,25-040,1996,22.3,1468,66,397,606,562,82,1284,24,49,49.0,30,5,903,4760,2901,144,44,23,39,31,1030,905,87.9,108,Matches
418,Pedri\Pedri,es ESP,MF,Barcelona,18-175,2002,26.8,2023,25,235,990,947,93,1976,25,45,55.6,26,2,1544,7335,3331,169,64,17,49,28,1820,1626,89.3,153,Matches
419,Facundo Pellistri\Facundo-Pellistri,uy URU,MF,Alavés,19-150,2001,5.3,166,2,32,86,66,10,164,16,22,72.7,16,1,128,842,562,32,8,6,15,15,160,102,63.8,21,Matches
420,Rubén Peña\Ruben-Pena,es ESP,DF,Villarreal,29-305,1991,12.1,718,27,170,356,247,24,634,26,42,61.9,28,5,465,2590,1526,77,21,9,18,18,517,450,87.0,47,Matches
421,Pepe\Pepe,es ESP,DF,Granada,21-078,2000,1.8,74,9,37,32,6,0,61,0,0,,0,0,20,88,34,0,0,0,0,1,23,22,95.7,0,Matches
422,Alberto Perea\Alberto-Perea,es ESP,MF,Cádiz,30-151,1990,16.4,727,19,138,379,287,33,692,65,87,74.7,68,9,582,3347,1901,113,34,10,24,41,644,501,77.8,29,Matches
423,Iñigo Pérez\Inigo-Perez,es ESP,MFDF,Osasuna,33-121,1988,14.1,720,17,111,437,189,16,618,1,5,20.0,3,1,387,1298,636,24,5,1,12,13,538,441,82.0,34,Matches
424,Juan Pérez\Juan-Perez,es ESP,GK,Osasuna,24-308,1996,2.0,57,51,57,0,0,0,33,0,0,,0,0,19,128,59,0,0,0,0,0,11,11,100.0,0,Matches
425,Kike Pérez\Kike-Perez,es ESP,MF,Valladolid,24-094,1997,12.8,679,25,133,406,190,22,663,19,27,70.4,19,3,459,2537,1377,62,13,4,16,19,564,449,79.6,36,Matches
426,Lucas Pérez\Lucas-Perez,es ESP,FW,Alavés,32-251,1988,19.4,840,5,46,371,476,80,661,27,41,65.9,28,2,516,3081,1608,97,32,20,52,33,871,515,59.1,126,Matches
427,Luis Pérez\Luis-Perez,es ESP,DF,Valladolid,26-104,1995,14.4,792,67,288,366,173,2,650,3,8,37.5,4,0,334,1814,974,38,15,0,4,5,431,361,83.8,12,Matches
428,Nehuén Pérez\Nehuen-Perez,ar ARG,DF,Granada,20-329,2000,8.2,267,59,162,115,7,5,255,2,2,100.0,2,0,119,836,539,7,0,0,0,0,134,128,95.5,0,Matches
429,Pablo Piatti\Pablo-Piatti,ar ARG,MFFW,Elche,32-049,1989,3.3,150,0,14,76,70,2,144,2,9,22.2,3,0,115,608,230,10,3,1,6,4,152,112,73.7,21,Matches
430,Cristiano Piccini\Cristiano-Piccini,it ITA,DF,Valencia,28-235,1992,0.7,41,9,20,13,11,2,37,0,2,0.0,0,0,26,129,65,4,0,0,1,1,28,26,92.9,2,Matches
431,Tomás Pina Isla\Tomas-Pina-Isla,es ESP,MF,Alavés,33-217,1987,27.6,1139,73,289,741,170,27,1121,20,23,87.0,21,0,674,3268,1192,55,19,2,20,12,731,640,87.6,20,Matches
432,Yeremi Pino\Yeremi-Pino,es ESP,FWMF,Villarreal,18-211,2002,8.0,410,12,53,173,214,54,406,20,39,51.3,24,1,312,1648,1077,59,14,16,25,13,416,314,75.5,80,Matches
433,Gerard Piqué\Gerard-Pique,es ESP,DF,Barcelona,34-106,1987,16.5,1368,161,576,859,39,14,1329,1,1,100.0,1,0,961,5549,3297,83,10,0,2,3,1046,1015,97.0,7,Matches
434,Miralem Pjanić\Miralem-Pjanic,ba BIH,MF,Barcelona,31-047,1990,6.8,815,18,159,484,220,9,782,9,11,81.8,9,1,531,2452,1089,44,13,2,5,7,693,669,96.5,21,Matches
435,Óscar Plano\Oscar-Plano,es ESP,MFFW,Valladolid,30-097,1991,27.0,1156,54,241,561,425,72,1125,12,25,48.0,12,0,701,3602,1628,71,27,1,42,30,961,717,74.6,114,Matches
436,Dani Plomer\Dani-Plomer,es ESP,FW,Granada,22-170,1998,0.5,6,1,1,3,2,0,6,0,0,,0,0,3,4,1,0,0,0,0,1,11,4,36.4,0,Matches
437,Jorge Pombo\Jorge-Pombo,es ESP,FWMF,Cádiz,27-086,1994,5.6,262,2,36,149,112,14,252,13,23,56.5,14,1,200,1204,803,38,16,2,26,11,232,187,80.6,23,Matches
438,Pere Pons\Pere-Pons,es ESP,MF,Alavés,28-088,1993,12.4,488,15,94,282,138,26,482,9,18,50.0,11,0,271,1298,690,28,6,3,19,22,378,284,75.1,40,Matches
439,Francisco Portillo\Francisco-Portillo,es ESP,MFFW,Getafe,30-340,1990,4.6,313,2,35,146,149,11,301,8,15,53.3,8,0,250,1018,511,31,8,2,6,9,283,238,84.1,24,Matches
440,Portu\Portu,es ESP,FWMF,Real Sociedad,28-363,1992,23.4,738,11,80,271,429,131,720,15,26,57.7,16,0,508,2970,1866,95,27,21,31,34,919,530,57.7,172,Matches
441,Sergio Postigo\Sergio-Postigo,es ESP,DF,Levante,32-196,1988,18.0,1024,194,611,449,21,2,977,3,3,100.0,3,0,585,3427,2051,44,6,0,1,1,650,639,98.3,1,Matches
442,Darío Poveda\Dario-Poveda,es ESP,FW,Getafe,24-067,1997,0.1,8,0,0,1,7,1,8,0,0,,0,0,2,0,0,0,0,0,2,0,8,6,75.0,1,Matches
443,Alejandro Pozo Pozo\Alejandro-Pozo-Pozo,es ESP,DFMF,Eibar,22-086,1999,24.2,1348,47,303,690,408,17,1155,14,32,43.8,17,4,784,3471,1855,97,22,7,17,16,883,767,86.9,28,Matches
444,Antonio Puertas\Antonio-Puertas,es ESP,FWMF,Granada,29-087,1992,23.1,911,28,142,380,452,70,866,43,66,65.2,46,2,609,3469,1868,106,24,14,52,47,974,612,62.8,125,Matches
445,Riqui Puig\Riqui-Puig,es ESP,MF,Barcelona,21-279,1999,2.8,337,1,28,231,107,7,332,6,7,85.7,6,0,252,1564,725,42,20,2,6,1,319,303,95.0,14,Matches
446,Jorge Pulido\Jorge-Pulido,es ESP,DF,Huesca,30-041,1991,31.1,1854,282,1070,776,150,23,1790,6,9,66.7,6,0,1169,7302,4119,103,31,0,4,8,1254,1222,97.4,9,Matches
447,Domingos Quina\Domingos-Quina,pt POR,MF,Granada,21-182,1999,3.8,150,2,13,82,65,10,149,7,12,58.3,7,0,109,405,181,12,5,2,9,7,138,98,71.0,16,Matches
448,Quini\Quini,es ESP,DF,Granada,31-237,1989,13.2,666,50,242,283,167,12,538,15,24,62.5,17,1,319,1505,674,35,8,5,9,17,307,272,88.6,23,Matches
449,Quique\Quique,es ESP,FWMF,Eibar,31-003,1990,1.7,61,0,2,29,32,5,59,1,1,100.0,1,0,27,91,29,2,1,0,4,1,90,45,50.0,16,Matches
450,Dani Raba\Dani-Raba,es ESP,MF,Villarreal,25-202,1995,1.6,108,0,11,54,49,4,102,4,7,57.1,5,2,75,405,153,7,3,0,7,5,96,78,81.3,10,Matches
451,Uroš Račić\Uros-Racic,rs SRB,MF,Valencia,23-063,1998,23.3,1291,79,326,829,213,24,1276,18,29,62.1,19,1,781,4249,1759,77,21,1,13,22,922,833,90.3,26,Matches
452,Nemanja Radoja\Nemanja-Radoja,rs SRB,MF,Levante,28-102,1993,12.5,777,20,189,517,122,9,767,6,8,75.0,6,0,542,2706,1320,56,16,0,6,15,594,563,94.8,21,Matches
453,Ivan Rakitić\Ivan-Rakitic,hr CRO,MF,Sevilla,33-070,1988,24.4,1922,66,407,1203,436,43,1843,15,30,50.0,16,1,1279,5478,2780,107,33,2,21,29,1622,1490,91.9,66,Matches
454,Jonás Ramalho\Jonas-Ramalho,es ESP,DF,Osasuna,27-343,1993,3.0,146,10,47,78,31,1,113,3,6,50.0,5,0,72,440,217,10,6,0,2,1,78,69,88.5,4,Matches
455,Sandro Ramírez\Sandro-Ramirez,es ESP,FWMF,Huesca,25-314,1995,13.3,490,5,58,259,212,50,470,20,40,50.0,21,4,357,1876,893,45,18,8,45,25,559,350,62.6,82,Matches
456,Sergio Ramos\Sergio-Ramos,es ESP,DF,Real Madrid,35-050,1986,14.2,1225,159,574,645,73,17,1194,5,6,83.3,5,0,815,4399,2501,52,6,0,2,2,960,929,96.8,6,Matches
457,Recio\Recio,es ESP,MF,Eibar,30-128,1991,8.2,511,4,42,277,220,20,469,7,11,63.6,8,1,350,1923,809,44,14,1,14,10,411,359,87.3,18,Matches
458,Francisco Reis Ferreira\Francisco-Reis-Ferreira,pt POR,DF,Valencia,24-054,1997,2.0,84,8,47,41,1,0,79,0,0,,0,0,56,173,71,0,0,0,0,1,60,60,100.0,0,Matches
459,Karim Rekik\Karim-Rekik,nl NED,DF,Sevilla,26-168,1994,6.3,477,28,165,251,89,8,418,5,6,83.3,5,0,327,1444,931,32,5,0,2,5,352,336,95.5,9,Matches
460,Álex Remiro\Alex-Remiro,es ESP,GK,Real Sociedad,26-056,1995,37.0,1239,1117,1231,9,0,0,912,1,1,100.0,1,0,643,3115,1510,0,0,0,0,0,601,600,99.8,0,Matches
461,Oriol Rey\Oriol-Rey,es ESP,MF,Valladolid,23-083,1998,0.2,14,1,3,9,2,0,14,0,0,,0,0,9,47,19,1,0,0,0,0,11,11,100.0,1,Matches
462,Ricard\Ricard,es ESP,DF,Atlético Madrid,21-086,2000,0.3,25,0,6,8,11,1,21,0,0,,0,0,12,23,13,0,0,0,1,0,16,15,93.8,0,Matches
463,Mikel Rico\Mikel-Rico,es ESP,MF,Huesca,36-196,1984,23.5,1085,47,276,614,262,46,1056,28,44,63.6,34,2,719,3235,1542,62,18,2,26,37,895,739,82.6,81,Matches
464,Emiliano Rigoni\Emiliano-Rigoni,ar ARG,MFFW,Elche,28-104,1993,12.7,541,13,91,266,223,22,475,18,38,47.4,23,3,360,2078,1176,55,19,7,28,18,475,365,76.8,53,Matches
465,Luis Rioja\Luis-Rioja,es ESP,MFDF,Alavés,27-215,1993,23.0,902,29,171,407,400,59,835,43,71,60.6,44,1,621,3771,2527,125,40,26,36,38,771,550,71.3,99,Matches
466,Rober\Rober,es ESP,DFMF,Levante,26-092,1995,14.8,956,136,513,464,37,7,926,6,6,100.0,6,0,587,3493,2010,36,5,1,6,4,619,605,97.7,3,Matches
467,Roberto\Roberto,es ESP,GK,Valladolid,35-098,1986,13.0,441,371,440,1,0,0,254,0,0,,0,0,163,706,403,0,0,0,0,0,148,148,100.0,0,Matches
468,Sergi Roberto\Sergi-Roberto,es ESP,DF,Barcelona,29-101,1992,10.5,966,42,224,466,336,26,890,8,9,88.9,8,0,677,2843,1517,71,23,4,6,4,790,733,92.8,44,Matches
469,Joel Robles\Joel-Robles,es ESP,GK,Betis,30-336,1990,18.0,595,495,588,7,0,0,423,0,0,,0,0,271,1324,682,0,0,0,0,0,259,257,99.2,0,Matches
470,Rubén Rochina\Ruben-Rochina,es ESP,MF,Levante,30-057,1991,15.6,1056,28,221,548,355,22,1001,41,52,78.8,45,2,736,3579,1746,63,22,1,32,36,848,732,86.3,68,Matches
471,Rodrigo\Rodrigo,es ESP,FWMF,Betis,21-003,2000,5.3,296,1,36,153,128,16,288,5,8,62.5,5,0,239,1113,498,29,7,4,9,11,263,224,85.2,28,Matches
472,Kévin Rodrigues\Kevin-Rodrigues,pt POR,DFMF,Eibar,27-075,1994,12.2,700,22,139,345,256,12,615,14,27,51.9,15,2,423,1845,951,43,15,0,16,30,500,413,82.6,30,Matches
473,Óscar Rodríguez Arnaiz\Oscar-Rodriguez-Arnaiz,es ESP,MFFW,Sevilla,22-325,1998,5.3,392,3,43,200,170,23,362,10,20,50.0,11,2,270,1240,642,35,9,4,12,12,328,286,87.2,45,Matches
474,Ángel Rodríguez\Angel-Rodriguez,es ESP,FWMF,Getafe,34-023,1987,15.3,519,8,24,239,283,67,505,9,29,31.0,10,1,345,1484,616,41,10,7,49,31,764,388,50.8,136,Matches
475,Guido Rodríguez\Guido-Rodriguez,ar ARG,MF,Betis,27-037,1994,30.8,1993,99,540,1298,216,29,1943,28,32,87.5,29,0,1236,4751,1962,76,16,1,16,24,1317,1257,95.4,18,Matches
476,Miguel Rodríguez\Miguel-Rodriguez,es ESP,FWMF,Celta Vigo,18-020,2003,0.3,19,0,3,10,7,1,19,1,1,100.0,1,0,14,107,62,4,0,0,0,0,22,14,63.6,3,Matches
477,Víctor Rodríguez\Victor-Rodriguez,es ESP,MF,Elche,31-300,1989,4.7,366,10,88,232,64,2,359,2,5,40.0,2,0,286,1380,658,29,8,0,4,4,311,290,93.2,8,Matches
478,Rodrygo\Rodrygo,br BRA,FW,Real Madrid,20-130,2001,10.5,563,6,62,257,295,59,555,17,40,42.5,19,0,447,2381,1631,86,32,13,26,20,570,448,78.6,75,Matches
479,Facundo Roncaglia\Facundo-Roncaglia,ar ARG,DF,Osasuna,34-098,1987,13.7,679,48,279,330,111,9,555,3,6,50.0,3,1,309,1836,934,30,14,0,6,6,308,273,88.6,12,Matches
480,Rubén\Ruben,es ESP,GKMF,Osasuna,36-331,1984,2.1,65,51,64,1,0,0,39,0,0,,0,0,26,103,60,0,0,0,0,0,24,24,100.0,0,Matches
481,Waldo Rubio\Waldo-Rubio,es ESP,FW,Valladolid,25-275,1995,4.2,165,11,48,67,65,9,161,5,11,45.5,5,1,124,708,385,13,7,1,4,7,151,110,72.8,14,Matches
482,Aitor Ruibal\Aitor-Ruibal,es ESP,FWMF,Betis,25-058,1996,17.2,783,9,103,348,391,69,771,37,65,56.9,39,2,597,2777,1720,88,22,16,29,45,730,557,76.3,121,Matches
483,Isma Ruiz\Isma-Ruiz,es ESP,MF,Granada,20-094,2001,0.7,27,2,5,21,2,1,27,0,0,,0,0,12,69,21,1,0,0,0,1,17,14,82.4,1,Matches
484,Víctor Ruiz\Victor-Ruiz,es ESP,DF,Betis,32-114,1989,23.0,1442,160,706,782,30,6,1392,3,3,100.0,3,0,877,4910,2482,63,8,0,5,7,966,951,98.4,2,Matches
485,Gerónimo Rulli\Geronimo-Rulli,ar ARG,GK,Villarreal,28-364,1992,1.0,47,34,47,0,0,0,41,0,0,,0,0,34,147,107,0,0,0,0,0,31,31,100.0,0,Matches
486,Modibo Sagnan\Modibo-Sagnan,ml MLI,DF,Real Sociedad,22-035,1999,6.9,453,61,236,239,14,7,441,2,3,66.7,2,0,316,1724,969,22,2,0,0,5,325,317,97.5,1,Matches
487,Borja Sainz\Borja-Sainz,es ESP,MFFW,Alavés,20-107,2001,5.0,199,0,29,97,98,19,197,8,24,33.3,10,0,152,1025,504,22,6,6,15,17,211,130,61.6,30,Matches
488,Salvi\Salvi,es ESP,MFFW,Cádiz,30-050,1991,21.5,808,34,179,304,380,29,724,9,25,36.0,11,0,452,2592,1569,72,28,4,47,29,732,483,66.0,75,Matches
489,Fede San Emeterio\Fede-San-Emeterio,es ESP,MF,Valladolid,24-064,1997,15.3,638,51,205,379,71,4,629,3,3,100.0,3,0,295,938,321,10,2,0,5,4,389,349,89.7,3,Matches
490,Antonio Sanabria\Antonio-Sanabria,py PAR,FW,Betis,25-076,1996,10.4,330,8,20,197,144,39,310,9,13,69.2,11,0,209,1088,472,23,16,3,32,14,405,238,58.8,56,Matches
491,Oihan Sancet\Oihan-Sancet,es ESP,FWMF,Athletic Club,21-024,2000,10.9,452,10,51,235,203,37,437,16,26,61.5,16,0,322,1922,983,55,23,7,20,21,526,345,65.6,99,Matches
492,Juan Sánchez Miño\Juan-Sanchez-Mino,ar ARG,DFMF,Elche,31-138,1990,5.5,335,22,112,188,47,1,308,7,11,63.6,8,2,219,958,508,17,5,0,6,5,257,229,89.1,15,Matches
493,Germán Sánchez\German-Sanchez,es ESP,DF,Granada,34-200,1986,28.3,1194,212,685,533,30,14,1146,3,3,100.0,3,0,556,2514,1255,20,2,0,2,3,671,622,92.7,9,Matches
494,Javi Sánchez\Javi-Sanchez,es ESP,DF,Valladolid,24-066,1997,10.2,468,73,296,189,13,3,453,2,2,100.0,2,0,255,1416,753,16,4,0,3,0,276,273,98.9,2,Matches
495,Manuel Sánchez\Manuel-Sanchez,es ESP,DF,Atlético Madrid,20-268,2000,0.5,36,3,13,14,12,1,30,0,0,,0,0,20,190,67,1,0,0,0,0,24,21,87.5,0,Matches
496,Manuel Sánchez\Manuel-Sanchez,es ESP,DF,Osasuna,20-268,2000,9.8,589,18,108,298,210,16,490,6,13,46.2,7,1,329,1531,851,43,11,4,12,6,397,332,83.6,28,Matches
497,Oier Sanjurjo\Oier-Sanjurjo,es ESP,MF,Osasuna,34-359,1986,22.2,1034,56,222,644,198,25,1021,6,12,50.0,7,0,487,1986,913,34,11,1,14,16,638,527,82.6,34,Matches
498,Ivan Šaponjić\Ivan-Saponjic,rs SRB,FW,Cádiz,23-290,1997,4.3,135,3,13,78,51,16,128,2,7,28.6,2,0,69,240,85,3,1,0,8,7,216,97,44.9,17,Matches
499,Stefan Savić\Stefan-Savic,me MNE,DF,Atlético Madrid,30-131,1991,32.8,2005,239,972,1110,50,13,1954,6,7,85.7,6,0,1283,6732,4126,118,9,0,4,3,1360,1336,98.2,1,Matches
500,Jaime Seoane\Jaime-Seoane,es ESP,MF,Huesca,24-117,1997,22.0,1055,38,257,631,248,35,1033,19,38,50.0,22,1,699,4126,2195,84,29,7,27,24,803,692,86.2,53,Matches
501,Edgar Sevikyan\Edgar-Sevikyan,ru RUS,MF,Levante,19-284,2001,0.1,6,0,3,3,1,0,6,1,1,100.0,1,0,5,25,19,0,0,0,0,0,4,4,100.0,1,Matches
502,Sidnei\Sidnei,br BRA,DF,Betis,31-269,1989,7.7,591,70,332,278,13,3,578,0,1,0.0,0,0,388,1985,772,20,6,0,1,2,421,420,99.8,0,Matches
503,David Silva\David-Silva,es ESP,MF,Real Sociedad,35-131,1986,14.7,956,13,81,551,378,51,923,26,42,61.9,29,1,712,3723,1827,94,30,6,14,17,840,738,87.9,77,Matches
504,Gastón Silva\Gaston-Silva,uy URU,DF,Huesca,27-075,1994,6.4,372,41,180,210,19,2,353,0,0,,0,0,231,1676,1017,18,3,0,1,1,242,237,97.9,0,Matches
505,Rui Silva\Rui-Silva,pt POR,GK,Granada,27-101,1994,32.0,1144,974,1133,13,0,0,750,1,1,100.0,1,0,465,2595,1560,0,0,0,0,0,417,415,99.5,0,Matches
506,Unai Simón\Unai-Simon,es ESP,GK,Athletic Club,23-342,1997,37.0,1120,976,1117,3,1,0,753,1,1,100.0,1,0,533,2611,1465,0,0,0,1,0,423,423,100.0,0,Matches
507,Dimitris Siovas\Dimitris-Siovas,gr GRE,DF,Huesca,32-245,1988,33.1,2140,316,1290,896,98,54,2054,11,13,84.6,11,0,1152,7308,4269,72,14,0,15,5,1412,1359,96.2,9,Matches
508,Rafa Soares\Rafa-Soares,pt POR,DF,Eibar,26-010,1995,11.6,778,37,203,378,229,13,602,2,7,28.6,3,0,364,1724,982,29,14,1,2,6,400,353,88.3,16,Matches
509,Rubén Sobrino\Ruben-Sobrino,es ESP,MFFW,Valencia,28-352,1992,0.5,34,1,5,17,16,2,34,0,0,,0,0,20,113,89,6,3,0,1,2,30,19,63.3,3,Matches
510,Rubén Sobrino\Ruben-Sobrino,es ESP,FWMF,Cádiz,28-352,1992,11.4,386,14,89,186,140,23,380,18,28,64.3,20,0,253,1334,841,30,12,5,30,15,413,242,58.6,43,Matches
511,Augusto Solari\Augusto-Solari,ar ARG,MF,Celta Vigo,29-136,1992,5.0,260,8,50,131,93,17,255,6,13,46.2,10,0,174,692,419,17,5,3,7,9,207,162,78.3,23,Matches
512,Roberto Soldado\Roberto-Soldado,es ESP,FW,Granada,35-357,1985,15.7,480,15,33,210,248,76,441,5,14,35.7,6,2,219,762,312,23,7,8,29,10,679,314,46.2,107,Matches
513,Carlos Soler\Carlos-Soler,es ESP,MF,Valencia,24-137,1997,29.4,1806,92,419,1078,442,35,1601,22,38,57.9,26,0,1114,6797,3861,149,43,2,21,20,1303,1189,91.3,39,Matches
514,Son\Son,es ESP,DFMF,Levante,27-050,1994,11.4,703,39,162,310,267,31,582,12,24,50.0,16,1,406,1830,1004,45,22,1,15,11,463,393,84.9,41,Matches
515,David Soria\David-Soria,es ESP,GK,Getafe,28-045,1993,28.0,927,719,910,17,1,0,584,0,0,,0,0,377,2778,2019,0,0,0,0,0,264,258,97.7,0,Matches
516,Alberto Soro\Alberto-Soro,es ESP,FWMF,Granada,22-071,1999,3.9,159,3,18,73,80,10,151,2,5,40.0,3,0,109,685,362,20,7,1,5,9,150,97,64.7,23,Matches
517,Hugo Sotelo\Hugo-Sotelo,es ESP,MF,Celta Vigo,17-151,2003,0.0,0,0,0,0,0,0,0,0,0,,0,0,0,0,0,0,0,0,0,0,0,0,,0,Matches
518,Damián Suárez\Damian-Suarez,uy URU,DF,Getafe,33-022,1988,26.3,1520,43,364,774,439,9,1156,19,32,59.4,20,6,650,2806,1647,70,27,2,10,19,697,649,93.1,26,Matches
519,Denis Suárez\Denis-Suarez,es ESP,MF,Celta Vigo,27-133,1994,30.7,2214,32,345,1457,587,19,2040,38,64,59.4,42,2,1555,8392,4422,231,87,4,40,27,1781,1626,91.3,74,Matches
520,Luis Suárez\Luis-Suarez,uy URU,FW,Atlético Madrid,34-115,1987,26.9,872,14,48,371,481,174,840,10,37,27.0,16,9,493,1495,801,53,9,13,55,31,1285,691,53.8,228,Matches
521,Suso\Suso,es ESP,FW,Sevilla,27-181,1993,23.7,1404,9,149,580,770,63,1344,50,65,76.9,53,2,1153,5841,2990,187,46,20,42,44,1349,1156,85.7,166,Matches
522,Tachi\Tachi,es ESP,DF,Alavés,23-251,1997,8.4,410,55,220,202,15,7,377,1,1,100.0,1,0,197,1017,630,14,0,0,2,0,243,236,97.1,0,Matches
523,Renato Tapia\Renato-Tapia,pe PER,MF,Celta Vigo,25-295,1995,30.0,1939,111,691,1187,183,17,1902,25,28,89.3,25,1,1186,5563,3092,100,31,0,10,28,1278,1210,94.7,15,Matches
524,Tomás Tavares\Tomas-Tavares,pt POR,MFDF,Alavés,20-073,2001,0.7,24,1,4,10,11,1,23,0,0,,0,0,18,95,52,1,1,0,0,0,20,15,75.0,3,Matches
525,Álvaro Tejero\Alvaro-Tejero,es ESP,DF,Eibar,24-303,1996,1.2,114,4,27,55,35,1,94,0,0,,0,0,62,255,159,7,2,0,1,0,67,66,98.5,4,Matches
526,Cristian Tello\Cristian-Tello,es ESP,FWMF,Betis,29-281,1991,13.9,642,6,78,290,321,59,628,17,34,50.0,21,3,470,2680,1650,85,25,20,28,11,611,476,77.9,71,Matches
527,Marc-André ter Stegen\Marc-Andre-ter-Stegen,de GER,GK,Barcelona,29-019,1992,31.0,1091,969,1086,5,1,1,899,0,1,0.0,1,0,645,2404,1380,0,0,0,0,0,638,635,99.5,0,Matches
528,David Timor\David-Timor,es ESP,MFDF,Getafe,31-214,1989,15.5,757,52,200,427,154,5,677,2,3,66.7,2,0,304,1623,797,41,7,1,4,3,357,338,94.7,6,Matches
529,Toño\Tono,es ESP,DF,Levante,31-193,1989,7.4,419,21,145,176,122,7,360,9,15,60.0,10,0,286,1312,759,36,13,2,6,9,302,269,89.1,27,Matches
530,Lucas Torreira\Lucas-Torreira,uy URU,MFFW,Atlético Madrid,25-097,1996,5.8,372,16,103,237,43,5,370,1,1,100.0,1,0,220,971,484,19,3,2,2,8,278,261,93.9,5,Matches
531,Óliver Torres\Oliver-Torres,es ESP,MFFW,Sevilla,26-190,1994,15.2,1133,6,149,693,366,31,1089,26,34,76.5,30,0,858,4143,1925,86,33,3,18,25,999,893,89.4,80,Matches
532,Pau Torres\Pau-Torres,es ESP,DF,Villarreal,24-123,1997,32.0,2260,338,1248,1146,84,19,2197,29,34,85.3,31,0,1606,10936,7086,167,33,0,14,10,1682,1657,98.5,3,Matches
533,Roberto Torres\Roberto-Torres,es ESP,MFFW,Osasuna,32-073,1989,20.0,913,26,158,432,371,48,826,23,41,56.1,26,4,571,2398,1317,58,20,2,24,17,785,601,76.6,67,Matches
534,Lucas Torró\Lucas-Torro,es ESP,MF,Osasuna,26-304,1994,16.7,847,66,202,520,152,26,842,11,15,73.3,12,0,449,1674,651,29,4,2,14,13,575,466,81.0,24,Matches
535,Manu Trigueros\Manu-Trigueros,es ESP,MF,Villarreal,29-214,1991,27.1,1842,34,316,1152,480,35,1808,20,26,76.9,21,1,1393,5613,2580,115,37,2,32,40,1661,1441,86.8,106,Matches
536,Francisco Trincão\Francisco-Trincao,pt POR,FWMF,Barcelona,21-141,1999,7.3,477,6,55,174,287,55,466,20,34,58.8,20,0,386,2405,1320,68,12,8,12,20,489,400,81.8,73,Matches
537,Kieran Trippier\Kieran-Trippier,eng ENG,DF,Atlético Madrid,30-242,1990,26.5,1987,78,528,879,665,18,1728,16,21,76.2,16,4,1192,4189,2280,93,33,2,15,15,1365,1263,92.5,87,Matches
538,Samuel Umtiti\Samuel-Umtiti,fr FRA,DF,Barcelona,27-186,1993,6.7,615,68,261,384,9,2,606,1,1,100.0,1,0,449,2209,1423,37,1,0,2,1,493,479,97.2,0,Matches
539,Enes Ünal\Enes-Unal,tr TUR,FW,Getafe,24-009,1997,13.7,527,13,25,231,291,72,512,14,23,60.9,15,0,296,1144,569,29,10,5,52,48,700,395,56.4,92,Matches
540,Tomáš Vaclík\Tomas-Vaclik,cz CZE,GK,Sevilla,32-051,1989,4.0,125,118,125,0,0,0,105,0,0,,0,0,74,219,114,0,0,0,0,0,75,75,100.0,0,Matches
541,Eugeni Valderrama\Eugeni-Valderrama,es ESP,FWMF,Huesca,26-304,1994,1.3,93,4,24,61,14,0,84,1,2,50.0,1,0,65,303,129,4,0,0,0,1,67,65,97.0,1,Matches
542,Jesús Vallejo\Jesus-Vallejo,es ESP,DF,Granada,24-134,1997,14.5,611,97,346,268,26,5,585,4,4,100.0,4,1,313,1712,983,22,2,0,5,0,349,333,95.4,1,Matches
543,Manu Vallejo\Manu-Vallejo,es ESP,FW,Valencia,24-094,1997,10.4,399,1,32,182,215,48,377,9,27,33.3,10,1,258,1255,718,41,12,8,27,25,484,276,57.0,76,Matches
544,Federico Valverde\Federico-Valverde,uy URU,MF,Real Madrid,22-301,1998,13.8,862,7,125,473,340,29,851,23,30,76.7,26,0,638,3695,2104,92,36,4,10,10,754,670,88.9,54,Matches
545,Raphaël Varane\Raphael-Varane,fr FRA,DF,Real Madrid,28-024,1993,29.2,1927,280,1019,992,68,24,1881,7,10,70.0,8,0,1280,9029,4227,93,16,0,5,3,1414,1378,97.5,6,Matches
546,Denis Vavro\Denis-Vavro,sk SVK,DF,Huesca,25-039,1996,6.0,339,30,182,169,21,2,329,1,2,50.0,1,0,194,1025,547,20,4,0,1,1,223,217,97.3,1,Matches
547,Franco Vázquez\Franco-Vazquez,ar ARG,FWMF,Sevilla,32-086,1989,1.2,97,3,13,51,36,4,96,1,2,50.0,1,1,66,186,67,2,1,0,1,4,88,73,83.0,6,Matches
548,Kevin Vázquez\Kevin-Vazquez,es ESP,DF,Celta Vigo,28-057,1993,5.3,376,18,143,179,70,1,309,1,4,25.0,1,0,190,657,299,10,3,1,4,4,207,198,95.7,4,Matches
549,Lucas Vázquez\Lucas-Vazquez,es ESP,DFFW,Real Madrid,29-322,1991,20.5,1681,54,424,717,628,77,1553,29,44,65.9,29,0,1219,5567,3152,142,31,17,38,23,1434,1253,87.4,108,Matches
550,Koke Vegas\Koke-Vegas,es ESP,GK,Levante,25-234,1995,1.0,32,27,32,0,0,0,18,0,0,,0,0,9,48,18,0,0,0,0,0,6,6,100.0,0,Matches
551,Gabriel Veiga\Gabriel-Veiga,es ESP,MFDF,Celta Vigo,18-357,2002,1.3,48,0,11,23,17,2,48,1,1,100.0,1,0,30,160,118,5,2,0,4,2,48,33,68.8,8,Matches
552,Unai Vencedor Paris\Unai-Vencedor-Paris,es ESP,MF,Athletic Club,20-185,2000,18.5,1009,40,227,680,150,6,980,9,10,90.0,10,0,648,2993,1299,45,8,0,11,10,716,670,93.6,17,Matches
553,Gonzalo Verdú\Gonzalo-Verdu,es ESP,DF,Elche,32-210,1988,32.0,1827,314,1141,748,32,17,1748,10,11,90.9,10,1,1087,5811,2967,48,1,0,4,5,1229,1204,98.0,1,Matches
554,Mikel Vesga\Mikel-Vesga,es ESP,MF,Athletic Club,27-363,1993,18.5,1068,50,235,708,187,25,1059,8,11,72.7,9,0,638,3331,1559,65,20,5,11,14,751,684,91.1,29,Matches
555,Rúben Vezo\Ruben-Vezo,pt POR,DF,Levante,27-024,1994,25.7,1597,260,905,733,88,14,1515,7,11,63.6,7,0,944,6598,3630,89,21,0,2,9,995,978,98.3,5,Matches
556,Iñigo Vicente\Inigo-Vicente,es ESP,FW,Athletic Club,23-133,1998,0.4,47,0,2,12,37,1,44,4,4,100.0,4,1,39,135,83,5,2,1,0,0,34,33,97.1,5,Matches
557,Fede Vico\Fede-Vico,es ESP,MFFW,Granada,26-319,1994,7.5,374,7,56,195,153,14,352,15,24,62.5,16,0,266,1581,835,50,15,5,11,13,330,248,75.2,42,Matches
558,Aleix Vidal\Aleix-Vidal,es ESP,DF,Sevilla,31-271,1989,5.6,490,11,115,246,156,9,430,4,6,66.7,4,0,304,1407,796,30,9,3,4,7,355,327,92.1,17,Matches
559,Nacho Vidal\Nacho-Vidal,es ESP,DF,Osasuna,26-115,1995,25.1,1281,106,440,604,304,25,1080,13,29,44.8,14,1,602,2852,1406,46,29,1,18,18,676,581,85.9,37,Matches
560,Toni Villa\Toni-Villa,es ESP,MFFW,Valladolid,26-132,1995,10.1,531,8,68,270,234,32,510,20,50,40.0,29,4,386,1913,1187,66,20,13,17,23,475,382,80.4,48,Matches
561,Asier Villalibre\Asier-Villalibre,es ESP,FW,Athletic Club,23-231,1997,16.7,445,15,27,220,222,74,437,6,11,54.5,6,1,257,1323,762,45,12,12,45,21,735,357,48.6,122,Matches
562,Iván Villar\Ivan-Villar,es ESP,GK,Celta Vigo,23-314,1997,18.8,712,644,712,1,0,0,484,0,0,,0,0,313,1637,888,0,0,0,0,0,275,273,99.3,0,Matches
563,Vitolo\Vitolo,es ESP,MFFW,Atlético Madrid,31-198,1989,3.3,191,2,26,96,81,19,188,1,1,100.0,1,0,135,757,468,27,7,4,10,5,196,155,79.1,33,Matches
564,Šime Vrsaljko\Sime-Vrsaljko,hr CRO,DF,Atlético Madrid,29-129,1992,5.8,376,16,89,187,117,0,309,2,3,66.7,2,0,177,719,343,19,9,0,5,3,261,208,79.7,15,Matches
565,Nikola Vukčević\Nikola-Vukcevic,me MNE,MF,Levante,29-157,1991,9.0,385,24,132,243,27,3,377,1,2,50.0,1,0,210,887,385,15,1,1,1,3,279,261,93.5,6,Matches
566,Daniel Wass\Daniel-Wass,dk DEN,MFDF,Valencia,31-353,1989,33.1,1949,114,520,1046,485,42,1770,12,17,70.6,12,0,1022,4828,2496,99,43,5,22,20,1388,1230,88.6,72,Matches
567,Shon Weissman\Shon-Weissman,il ISR,FW,Valladolid,25-094,1996,22.7,500,8,44,233,240,77,459,8,16,50.0,9,1,255,1048,501,27,7,6,40,20,854,308,36.1,92,Matches
568,Iñaki Williams\Inaki-Williams,es ESP,FW,Athletic Club,26-338,1994,26.1,872,23,57,377,501,158,846,29,60,48.3,33,2,584,3233,1844,99,25,34,65,63,1278,701,54.9,257,Matches
569,Nico Williams\Nico-Williams,es ESP,MF,Athletic Club,18-311,2002,0.6,25,0,5,9,15,5,25,2,2,100.0,2,0,19,141,99,4,1,2,3,0,22,18,81.8,4,Matches
570,Jawad El Yamiq\Jawad-El-Yamiq,ma MAR,DF,Valladolid,29-079,1992,14.3,791,121,428,358,34,14,755,2,3,66.7,3,0,384,1984,971,34,8,0,5,0,395,382,96.7,4,Matches
571,Rubén Yáñez\Ruben-Yanez,es ESP,GK,Getafe,27-219,1993,9.0,251,216,250,2,0,0,162,0,0,,0,0,112,928,626,0,0,0,0,0,97,96,99.0,0,Matches
572,Yoel\Yoel,es ESP,GK,Eibar,32-264,1988,2.3,87,72,87,0,0,0,72,0,0,,0,0,57,359,213,0,0,0,0,0,40,40,100.0,0,Matches
573,Okay Yokuşlu\Okay-Yokuslu,tr TUR,MF,Celta Vigo,27-071,1994,5.1,335,16,107,217,42,4,329,6,9,66.7,6,0,221,1277,599,18,7,1,4,3,237,217,91.6,3,Matches
574,Joseba Zaldúa\Joseba-Zaldua,es ESP,DF,Real Sociedad,28-329,1992,7.1,467,20,120,224,147,9,377,1,8,12.5,1,0,225,1040,567,32,13,1,8,2,276,257,93.1,17,Matches
575,Oier Zarraga\Oier-Zarraga,es ESP,MF,Athletic Club,22-135,1999,1.1,50,0,8,33,14,3,49,3,5,60.0,3,0,45,304,192,9,2,0,0,1,44,40,90.9,3,Matches
576,Igor Zubeldia\Igor-Zubeldia,es ESP,DF,Real Sociedad,24-050,1997,21.8,1382,171,685,756,56,12,1343,7,9,77.8,7,0,927,6537,3715,72,4,0,7,4,937,922,98.4,4,Matches
577,Martín Zubimendi\Martin-Zubimendi,es ESP,MF,Real Sociedad,22-106,1999,19.9,1218,78,335,827,152,12,1187,10,14,71.4,11,0,785,4605,2587,90,28,1,6,15,859,831,96.7,18,Matches
578,Martin Ødegaard\Martin-Odegaard,no NOR,MFFW,Real Madrid,22-153,1998,2.6,189,0,27,103,76,6,180,1,1,100.0,1,0,134,768,366,20,8,1,2,4,177,159,89.8,21,Matches