Rk,Player,Nation,Pos,Squad,Age,Born,90s,Cmp,Att,Cmp%,TotDist,PrgDist,Cmp,Att,Cmp%,Cmp,Att,Cmp%,Cmp,Att,Cmp%,Ast,xA,A-xA,KP,1/3,PPA,CrsPA,Prog,Matches
1,Sabit Abdulai\Sabit-Abdulai,gh GHA,MF,Getafe,22-008,1999,0.6,7,11,63.6,133,9,2,2,100.0,4,5,80.0,1,3,33.3,0,0.0,0.0,0,0,1,0,1,Matches
2,Marcos Acuña\Marcos-Acuna,ar ARG,DF,Sevilla,29-203,1991,25.9,1426,1771,80.5,28082,11413,558,612,91.2,656,750,87.5,196,359,54.6,2,2.9,-0.9,33,110,36,18,122,Matches
3,Bobby Adekanye\Bobby-Adekanye,nl NED,FWMF,Cádiz,22-094,1999,0.4,7,10,70.0,99,1,3,3,100.0,3,4,75.0,0,2,0.0,0,0.0,0.0,0,0,0,0,0,Matches
4,Martin Agirregabiria\Martin-Agirregabiria,es ESP,DFMF,Alavés,25-009,1996,17.3,520,727,71.5,9660,4691,229,272,84.2,225,300,75.0,57,121,47.1,1,0.9,+0.1,12,40,16,8,45,Matches
5,Joseph Aidoo\Joseph-Aidoo,gh GHA,DF,Celta Vigo,25-232,1995,14.3,518,627,82.6,11583,3515,118,130,90.8,300,335,89.6,97,146,66.4,0,0.6,-0.6,2,36,2,0,39,Matches
6,Carlos Akapo\Carlos-Akapo,gq EQG,DF,Cádiz,28-068,1993,8.6,210,320,65.6,3990,1723,87,103,84.5,92,135,68.1,28,72,38.9,0,0.3,-0.3,2,9,5,3,13,Matches
7,Paul Akouokou\Paul-Akouokou,ci CIV,MF,Betis,23-150,1997,4.2,168,183,91.8,3248,590,59,64,92.2,83,86,96.5,22,28,78.6,0,0.4,-0.4,2,14,1,1,6,Matches
8,Jony Álamo\Jony-Alamo,es ESP,MF,Elche,19-236,2001,0.8,14,16,87.5,289,41,3,3,100.0,8,9,88.9,2,2,100.0,0,0.0,0.0,0,1,0,0,0,Matches
9,Jordi Alba\Jordi-Alba,es ESP,DF,Barcelona,32-059,1989,33.1,2469,2882,85.7,39210,12297,1373,1488,92.3,892,1032,86.4,168,259,64.9,5,7.4,-2.4,51,124,82,19,208,Matches
10,Raúl Albiol\Raul-Albiol,es ESP,DF,Villarreal,35-257,1985,33.6,1765,1975,89.4,41800,11873,378,410,92.2,937,999,93.8,442,544,81.3,0,1.0,-1.0,4,98,5,0,110,Matches
11,Paco Alcácer\Paco-Alcacer,es ESP,FW,Villarreal,27-262,1993,17.0,199,270,73.7,2815,478,127,160,79.4,38,57,66.7,18,24,75.0,4,3.2,+0.8,17,5,7,1,9,Matches
12,Pedro Alcalá\Pedro-Alcala,es ESP,DF,Cádiz,32-061,1989,9.4,197,259,76.1,5186,1484,32,36,88.9,101,109,92.7,61,108,56.5,0,0.0,0.0,0,14,0,0,11,Matches
13,Rubén Alcaraz\Ruben-Alcaraz,es ESP,MF,Valladolid,30-018,1991,24.1,962,1157,83.1,20505,5059,350,392,89.3,398,443,89.8,199,286,69.6,0,0.6,-0.6,9,95,13,0,71,Matches
14,Iván Alejo\Ivan-Alejo,es ESP,MFFW,Cádiz,26-098,1995,9.2,130,231,56.3,2133,820,72,97,74.2,50,73,68.5,8,39,20.5,1,0.8,+0.2,11,9,11,6,20,Matches
15,Carles Aleñá\Carles-Alena,es ESP,MF,Barcelona,23-134,1998,0.5,38,42,90.5,725,166,14,17,82.4,14,15,93.3,8,8,100.0,0,0.0,0.0,0,2,0,0,6,Matches
16,Carles Aleñá\Carles-Alena,es ESP,MFFW,Getafe,23-134,1998,14.2,371,532,69.7,7495,2429,157,189,83.1,137,176,77.8,71,144,49.3,2,1.9,+0.1,22,55,22,5,59,Matches
17,Alfon\Alfon,es ESP,MF,Celta Vigo,22-015,1999,0.4,15,15,100.0,197,27,10,10,100.0,5,5,100.0,0,0,,0,0.1,-0.1,1,1,1,0,1,Matches
18,Sergio Álvarez\Sergio-Alvarez,es ESP,MFDF,Eibar,29-116,1992,17.1,525,676,77.7,10619,2280,185,220,84.1,243,296,82.1,85,131,64.9,0,0.9,-0.9,8,51,2,1,34,Matches
19,Yeray Álvarez\Yeray-Alvarez,es ESP,DF,Athletic Club,26-115,1995,20.6,841,998,84.3,19609,6336,223,252,88.5,409,459,89.1,199,265,75.1,0,0.4,-0.4,5,51,4,0,50,Matches
20,Emmanuel Amankwaa Akurugu\Emmanuel-Amankwaa-Akurugu,gh GHA,DF,Getafe,19-180,2001,0.5,8,12,66.7,157,38,3,4,75.0,4,4,100.0,1,3,33.3,0,0.0,0.0,0,1,0,0,1,Matches
21,Jon Ander Garrido\Jon-Ander-Garrido,es ESP,MF,Cádiz,31-222,1989,8.5,187,237,78.9,3466,929,70,80,87.5,85,103,82.5,22,34,64.7,0,0.1,-0.1,3,22,1,1,12,Matches
22,Ángel\Angel,es ESP,GK,Granada,18-331,2002,1.0,16,30,53.3,760,668,0,0,,5,5,100.0,11,25,44.0,0,0.0,0.0,0,0,0,0,0,Matches
23,Miguel Ángel Rubio\Miguel-Angel-Rubio,es ESP,DF,Valladolid,23-069,1998,1.5,39,50,78.0,839,321,9,10,90.0,23,24,95.8,6,15,40.0,0,0.0,0.0,0,2,0,0,3,Matches
24,José Ángel\Jose-Angel,es ESP,DF,Eibar,31-256,1989,10.0,509,681,74.7,10712,4232,194,215,90.2,214,262,81.7,99,190,52.1,0,0.9,-0.9,10,43,14,8,51,Matches
25,José Antonio Miranda\Jose-Antonio-Miranda,gq EQG,MFDF,Getafe,22-301,1998,0.3,8,14,57.1,81,11,8,10,80.0,0,2,0.0,0,1,0.0,0,0.0,0.0,0,0,0,0,0,Matches
26,Aritz Arambarri\Aritz-Arambarri,es ESP,DF,Real Sociedad,23-108,1998,0.3,15,20,75.0,312,146,2,2,100.0,11,12,91.7,2,5,40.0,0,0.0,0.0,0,1,0,0,1,Matches
27,Mauro Arambarri\Mauro-Arambarri,uy URU,MF,Getafe,25-231,1995,33.1,754,1076,70.1,17074,4295,251,303,82.8,295,384,76.8,190,348,54.6,0,2.1,-2.1,21,83,26,10,88,Matches
28,Néstor Araujo\Nestor-Araujo,mx MEX,DF,Celta Vigo,29-263,1991,26.0,1273,1499,84.9,28707,8217,296,328,90.2,716,773,92.6,252,372,67.7,0,0.7,-0.7,4,81,3,1,72,Matches
29,Ronald Araújo\Ronald-Araujo,uy URU,DF,Barcelona,22-073,1999,15.8,908,982,92.5,18363,4016,271,284,95.4,512,533,96.1,118,154,76.6,1,0.1,+0.9,1,45,0,0,23,Matches
30,Anaitz Arbilla\Anaitz-Arbilla,es ESP,DF,Eibar,34-004,1987,30.2,1411,1836,76.9,33790,11807,417,464,89.9,596,700,85.1,381,631,60.4,1,0.9,+0.1,12,154,15,6,146,Matches
31,Unai Arietaleanizbeaskoa\Unai-Arietaleanizbeaskoa,es ESP,FWMF,Eibar,22-138,1999,0.5,4,7,57.1,51,15,2,4,50.0,2,2,100.0,0,0,,0,0.0,0.0,0,0,0,0,1,Matches
32,Sergio Arribas\Sergio-Arribas,es ESP,FWDF,Real Madrid,19-231,2001,1.5,76,92,82.6,1168,317,38,43,88.4,29,34,85.3,4,5,80.0,0,0.0,0.0,1,3,4,1,9,Matches
33,Sergio Asenjo\Sergio-Asenjo,es ESP,GK,Villarreal,31-325,1989,36.0,1033,1307,79.0,29726,17194,176,176,100.0,512,520,98.5,340,606,56.1,0,0.0,0.0,0,11,0,0,0,Matches
34,Marco Asensio\Marco-Asensio,es ESP,FWMF,Real Madrid,25-118,1996,20.2,789,983,80.3,12998,2962,437,480,91.0,248,295,84.1,86,151,57.0,2,3.0,-1.0,36,43,38,10,73,Matches
35,Iago Aspas\Iago-Aspas,es ESP,FW,Celta Vigo,33-291,1987,30.8,936,1220,76.7,14896,3461,504,620,81.3,299,373,80.2,89,121,73.6,12,8.3,+3.7,59,56,48,5,110,Matches
36,Miguel Atienza\Miguel-Atienza,es ESP,MF,Eibar,21-357,1999,8.3,249,307,81.1,4527,881,107,129,82.9,103,121,85.1,32,44,72.7,0,0.1,-0.1,2,26,4,1,20,Matches
37,Ezequiel Ávila\Ezequiel-Avila,ar ARG,MFFW,Osasuna,27-102,1994,2.2,32,57,56.1,650,176,13,22,59.1,12,18,66.7,6,12,50.0,0,0.0,0.0,0,4,3,0,5,Matches
38,Ramon Azeez\Ramon-Azeez,ng NGA,MFDF,Granada,28-158,1992,1.1,28,38,73.7,416,47,17,22,77.3,11,15,73.3,0,1,0.0,0,0.0,0.0,0,3,0,0,0,Matches
39,Carlos Bacca\Carlos-Bacca,co COL,FW,Villarreal,34-253,1986,8.0,104,157,66.2,1617,383,56,71,78.9,22,39,56.4,13,22,59.1,0,0.9,-0.9,6,9,6,1,12,Matches
40,Édgar Badía\Edgar-Badia,es ESP,GK,Elche,29-096,1992,30.0,867,1147,75.6,27112,17618,125,126,99.2,354,357,99.2,353,629,56.1,0,0.0,0.0,1,12,0,0,1,Matches
41,Alex Baena\Alex-Baena,es ESP,MF,Villarreal,19-303,2001,1.5,42,55,76.4,693,110,20,25,80.0,19,25,76.0,3,5,60.0,0,0.1,-0.1,2,3,1,0,3,Matches
42,Miguel Baeza\Miguel-Baeza,es ESP,MFFW,Celta Vigo,21-053,2000,5.9,170,210,81.0,2843,653,86,103,83.5,58,68,85.3,19,27,70.4,0,0.6,-0.6,6,11,6,2,13,Matches
43,Mikel Balenziaga\Mikel-Balenziaga,es ESP,DF,Athletic Club,33-079,1988,17.8,658,877,75.0,11992,3999,285,334,85.3,292,358,81.6,73,143,51.0,1,0.6,+0.4,7,57,8,6,42,Matches
44,Barcia\Barcia,es ESP,DF,Granada,20-139,2000,1.0,13,34,38.2,252,104,5,9,55.6,6,13,46.2,2,10,20.0,0,0.0,0.0,0,2,0,0,1,Matches
45,Enis Bardhi\Enis-Bardhi,mk MKD,MF,Levante,25-321,1995,18.0,647,867,74.6,12663,3600,281,333,84.4,246,304,80.9,110,194,56.7,2,1.1,+0.9,20,60,30,12,80,Matches
46,Kike Barja\Kike-Barja,es ESP,MFFW,Osasuna,24-048,1997,15.0,325,473,68.7,5534,1547,174,210,82.9,112,154,72.7,31,72,43.1,3,1.9,+1.1,17,16,19,9,41,Matches
47,Marc Baró\Marc-Baro,es ESP,DF,Cádiz,21-269,1999,1.0,10,19,52.6,211,150,5,6,83.3,3,6,50.0,2,6,33.3,0,0.3,-0.3,2,0,0,0,0,Matches
48,Antonio Barragán\Antonio-Barragan,es ESP,DF,Elche,33-341,1987,23.8,1067,1290,82.7,21188,7788,389,424,91.7,505,574,88.0,160,259,61.8,3,1.0,+2.0,9,53,15,7,67,Matches
49,Ander Barrenetxea\Ander-Barrenetxea,es ESP,MFFW,Real Sociedad,19-143,2001,14.4,292,407,71.7,4783,1105,150,183,82.0,111,146,76.0,24,48,50.0,0,2.0,-2.0,14,20,12,3,28,Matches
50,Marc Bartra\Marc-Bartra,es ESP,DF,Betis,30-124,1991,17.8,761,934,81.5,16726,4658,216,234,92.3,401,459,87.4,139,232,59.9,0,0.0,0.0,2,31,1,0,27,Matches
51,Rodrigo Battaglia\Rodrigo-Battaglia,ar ARG,MF,Alavés,29-311,1991,27.5,869,1032,84.2,16502,3410,358,403,88.8,381,424,89.9,115,168,68.5,0,0.2,-0.2,3,56,4,1,49,Matches
52,Jon Bautista\Jon-Bautista,es ESP,FWMF,Real Sociedad,25-320,1995,4.1,55,89,61.8,853,149,26,39,66.7,21,32,65.6,4,9,44.4,1,0.2,+0.8,4,3,1,0,4,Matches
53,Fran Beltrán\Fran-Beltran,es ESP,MF,Celta Vigo,22-105,1999,14.6,662,731,90.6,12474,2621,265,287,92.3,303,325,93.2,86,101,85.1,0,0.3,-0.3,6,48,8,2,31,Matches
54,Sergio Benito\Sergio-Benito,es ESP,FW,Valladolid,22-057,1999,0.0,0,0,,0,0,0,0,,0,0,,0,0,,0,0.0,0.0,0,0,0,0,0,Matches
55,Karim Benzema\Karim-Benzema,fr FRA,FW,Real Madrid,33-151,1987,31.2,1018,1218,83.6,14916,2632,620,696,89.1,294,345,85.2,70,99,70.7,8,6.2,+1.8,36,55,35,1,79,Matches
56,Yuri Berchiche\Yuri-Berchiche,es ESP,DF,Athletic Club,31-098,1990,18.7,922,1124,82.0,17364,6946,402,462,87.0,388,451,86.0,117,166,70.5,3,1.9,+1.1,18,63,39,17,122,Matches
57,Álex Berenguer\Alex-Berenguer,es ESP,MFFW,Athletic Club,25-319,1995,24.3,592,881,67.2,9371,3143,332,407,81.6,202,269,75.1,44,144,30.6,4,3.7,+0.3,36,22,38,8,78,Matches
58,Pedro Bigas\Pedro-Bigas,es ESP,DF,Eibar,30-246,1990,16.8,450,627,71.8,11554,3780,82,111,73.9,240,289,83.0,124,217,57.1,0,0.0,0.0,0,26,1,0,37,Matches
59,Blanco\Blanco,es ESP,MFDF,Real Madrid,20-300,2000,2.4,161,175,92.0,2911,611,78,82,95.1,56,62,90.3,23,26,88.5,0,0.1,-0.1,2,15,1,1,10,Matches
60,Alejandro Blanco\Alejandro-Blanco,es ESP,MF,Valencia,22-154,1998,6.4,105,144,72.9,1492,189,63,79,79.7,37,48,77.1,3,6,50.0,0,0.5,-0.5,6,4,1,1,2,Matches
61,Rubén Blanco\Ruben-Blanco,es ESP,GK,Celta Vigo,25-298,1995,18.2,470,664,70.8,13914,8364,96,97,99.0,199,200,99.5,173,365,47.4,0,0.0,0.0,0,7,1,0,0,Matches
62,Yann Bodiger\Yann-Bodiger,fr FRA,MF,Cádiz,26-099,1995,2.8,67,96,69.8,1154,271,33,43,76.7,24,28,85.7,7,17,41.2,0,0.1,-0.1,2,7,0,0,4,Matches
63,Yassine Bounou\Yassine-Bounou,ma MAR,GK,Sevilla,30-044,1991,33.0,865,1096,78.9,26072,12892,121,121,100.0,409,411,99.5,332,560,59.3,0,0.0,0.0,1,4,0,0,1,Matches
64,Lucas Boyé\Lucas-Boye,ar ARG,FW,Elche,25-080,1996,28.9,497,630,78.9,7759,1143,284,335,84.8,144,178,80.9,46,63,73.0,1,1.0,0.0,9,43,7,1,29,Matches
65,Martin Braithwaite\Martin-Braithwaite,dk DEN,FW,Barcelona,29-348,1991,12.6,220,272,80.9,2864,339,149,167,89.2,52,73,71.2,11,16,68.8,2,2.0,0.0,10,5,6,0,8,Matches
66,Darko Brašanac\Darko-Brasanac,rs SRB,MF,Osasuna,29-096,1992,10.1,229,315,72.7,3658,868,118,138,85.5,90,126,71.4,14,24,58.3,0,0.2,-0.2,6,25,7,2,27,Matches
67,Álvaro Bravo\Alvaro-Bravo,es ESP,MF,Granada,23-104,1998,0.2,8,11,72.7,126,19,4,6,66.7,4,5,80.0,0,0,,0,0.0,0.0,0,1,0,0,0,Matches
68,Claudio Bravo\Claudio-Bravo,cl CHI,GK,Betis,38-036,1983,19.0,407,622,65.4,13413,8545,74,75,98.7,148,148,100.0,180,394,45.7,0,0.3,-0.3,3,12,0,0,0,Matches
69,Yan Brice Eteki\Yan-Brice-Eteki,cm CMR,MF,Granada,23-266,1997,13.7,267,344,77.6,4654,897,125,146,85.6,112,134,83.6,27,50,54.0,0,0.0,0.0,2,25,2,1,24,Matches
70,Juan Brunet\Juan-Brunet,ar ARG,MF,Granada,23-115,1998,0.3,5,6,83.3,59,20,4,4,100.0,1,2,50.0,0,0,,0,0.0,0.0,0,0,0,0,1,Matches
71,Bryan\Bryan,es ESP,FW,Sevilla,20-097,2001,0.1,5,7,71.4,68,9,3,4,75.0,2,2,100.0,0,0,,0,0.0,0.0,0,0,0,0,0,Matches
72,Bryan\Bryan,es ESP,MFFW,Eibar,20-097,2001,24.7,676,990,68.3,10941,3503,391,459,85.2,210,301,69.8,62,164,37.8,3,5.0,-2.0,48,43,51,17,86,Matches
73,Ante Budimir\Ante-Budimir,hr CRO,FW,Osasuna,29-301,1991,17.8,245,392,62.5,3336,602,149,221,67.4,68,114,59.6,12,21,57.1,0,0.6,-0.6,8,20,5,0,21,Matches
74,Esteban Burgos\Esteban-Burgos,ar ARG,DF,Eibar,29-130,1992,12.3,417,547,76.2,11228,2783,76,93,81.7,190,234,81.2,149,211,70.6,1,0.1,+0.9,2,23,0,0,27,Matches
75,Burgui\Burgui,es ESP,MF,Alavés,27-202,1993,0.2,8,9,88.9,131,45,5,5,100.0,2,2,100.0,1,2,50.0,0,0.0,0.0,0,1,0,0,1,Matches
76,Sergio Busquets\Sergio-Busquets,es ESP,MF,Barcelona,32-307,1988,27.3,2419,2638,91.7,42978,11439,1079,1146,94.2,1022,1084,94.3,260,326,79.8,5,3.6,+1.4,30,287,31,0,211,Matches
77,Erick Cabaco\Erick-Cabaco,uy URU,DF,Getafe,26-030,1995,14.7,297,439,67.7,8673,3473,65,83,78.3,114,150,76.0,114,195,58.5,0,0.0,0.0,0,38,0,0,34,Matches
78,Cala\Cala,es ESP,DF,Cádiz,31-174,1989,25.2,508,688,73.8,13594,4275,89,108,82.4,250,287,87.1,164,282,58.2,0,0.3,-0.3,4,36,2,0,24,Matches
79,Jonathan Calleri\Jonathan-Calleri,ar ARG,FW,Osasuna,27-238,1993,17.2,218,355,61.4,3399,690,115,170,67.6,81,122,66.4,12,32,37.5,2,1.3,+0.7,10,18,8,1,26,Matches
80,Dani Calvo\Dani-Calvo,es ESP,DF,Elche,27-048,1994,18.8,604,703,85.9,13052,3979,177,188,94.1,317,337,94.1,105,167,62.9,0,0.0,0.0,0,22,0,0,22,Matches
81,José Campaña\Jose-Campana,es ESP,MF,Levante,27-353,1993,8.3,387,504,76.8,6912,2652,185,216,85.6,144,173,83.2,48,92,52.2,2,1.4,+0.6,12,44,22,4,64,Matches
82,Sergio Canales\Sergio-Canales,es ESP,MFFW,Betis,30-092,1991,27.8,1478,1745,84.7,30106,5804,601,665,90.4,560,632,88.6,274,366,74.9,6,5.1,+0.9,61,111,46,11,115,Matches
83,Álex Cantero\Alex-Cantero,es ESP,FW,Levante,20-345,2000,2.4,,,,,,,,,,,,,,,0,,,,,,,,Matches
84,Ander Capa\Ander-Capa,es ESP,DF,Athletic Club,29-100,1992,23.7,915,1201,76.2,15968,6125,415,476,87.2,405,501,80.8,75,160,46.9,1,1.6,-0.6,16,58,19,5,94,Matches
85,Étienne Capoue\Etienne-Capoue,fr FRA,MF,Villarreal,32-312,1988,12.4,648,709,91.4,11846,2765,277,292,94.9,293,310,94.5,72,95,75.8,0,0.1,-0.1,3,67,5,0,48,Matches
86,Isaac Carcelen\Isaac-Carcelen,es ESP,DF,Cádiz,28-026,1993,27.7,759,1069,71.0,15089,6965,311,362,85.9,315,412,76.5,125,253,49.4,0,0.9,-0.9,13,77,11,5,73,Matches
87,Cárdenas\Cardenas,es ESP,GK,Levante,24-052,1997,7.0,175,239,73.2,4873,2980,44,44,100.0,65,67,97.0,63,124,50.8,0,0.0,0.0,0,5,0,0,1,Matches
88,Marc Cardona\Marc-Cardona,es ESP,FWMF,Osasuna,25-315,1995,0.6,17,28,60.7,210,73,13,15,86.7,3,5,60.0,0,5,0.0,0,0.0,0.0,0,0,1,0,4,Matches
89,Diego Carlos\Diego-Carlos,br BRA,DF,Sevilla,28-065,1993,31.0,1742,1919,90.8,40632,11245,417,438,95.2,918,953,96.3,394,507,77.7,0,0.6,-0.6,6,65,1,0,50,Matches
90,Juan Carlos\Juan-Carlos,es ESP,MFFW,Huesca,30-065,1991,3.2,73,97,75.3,1180,322,40,50,80.0,26,34,76.5,6,10,60.0,1,0.3,+0.7,4,4,2,0,13,Matches
91,Yannick Carrasco\Yannick-Carrasco,be BEL,DFMF,Atlético Madrid,27-257,1993,23.2,758,1017,74.5,11810,3692,434,500,86.8,260,331,78.5,50,147,34.0,9,5.4,+3.6,42,34,41,6,89,Matches
92,Sergio Carreira\Sergio-Carreira,es ESP,DF,Celta Vigo,20-218,2000,2.9,91,118,77.1,1559,556,40,51,78.4,46,53,86.8,4,10,40.0,0,0.0,0.0,0,3,2,0,10,Matches
93,Guido Carrillo\Guido-Carrillo,ar ARG,FW,Elche,29-359,1991,11.1,226,317,71.3,3320,598,141,172,82.0,57,93,61.3,15,26,57.7,2,1.3,+0.7,10,25,3,0,26,Matches
94,Dani Carvajal\Dani-Carvajal,es ESP,DF,Real Madrid,29-128,1992,10.6,700,822,85.2,13226,3622,307,335,91.6,286,320,89.4,100,132,75.8,2,0.8,+1.2,9,29,18,5,52,Matches
95,William Carvalho\William-Carvalho,pt POR,MF,Betis,29-042,1992,13.3,810,950,85.3,15289,3536,343,381,90.0,349,389,89.7,105,156,67.3,0,0.5,-0.5,10,84,11,0,69,Matches
96,Casemiro\Casemiro,br BRA,MF,Real Madrid,29-085,1992,31.5,1605,1915,83.8,32176,7914,626,695,90.1,688,776,88.7,266,372,71.5,4,3.6,+0.4,25,149,24,0,110,Matches
97,Sofian Chakla\Sofian-Chakla,ma MAR,DF,Getafe,27-259,1993,10.0,128,207,61.8,2599,881,41,54,75.9,62,82,75.6,22,63,34.9,0,0.1,-0.1,1,9,0,0,17,Matches
98,Sofian Chakla\Sofian-Chakla,ma MAR,DF,Villarreal,27-259,1993,0.1,4,7,57.1,99,41,1,1,100.0,1,1,100.0,2,5,40.0,0,0.0,0.0,0,0,0,0,0,Matches
99,Chema\Chema,es ESP,DFMF,Getafe,29-077,1992,5.2,67,112,59.8,1699,794,18,30,60.0,29,43,67.4,19,36,52.8,0,0.1,-0.1,1,13,0,0,10,Matches
100,Denis Cheryshev\Denis-Cheryshev,ru RUS,MF,Valencia,30-144,1990,12.1,206,334,61.7,3742,1217,99,126,78.6,80,131,61.1,25,50,50.0,3,2.4,+0.6,15,20,14,5,35,Matches
101,Samuel Chukwueze\Samuel-Chukwueze,ng NGA,MFFW,Villarreal,21-362,1999,15.2,397,532,74.6,6638,1586,189,228,82.9,175,227,77.1,26,52,50.0,2,2.6,-0.6,28,16,30,6,47,Matches
102,Víctor Chust\Victor-Chust,es ESP,DF,Real Madrid,21-075,2000,1.1,65,70,92.9,1454,434,14,15,93.3,39,39,100.0,11,15,73.3,0,0.0,0.0,0,5,0,0,2,Matches
103,Cifu\Cifu,es ESP,DF,Elche,30-226,1990,5.0,162,219,74.0,2697,985,82,93,88.2,59,81,72.8,17,30,56.7,0,0.0,0.0,0,8,0,0,8,Matches
104,Alberto Cifuentes\Alberto-Cifuentes,es ESP,GK,Cádiz,41-355,1979,2.0,31,69,44.9,1673,1368,1,1,100.0,3,3,100.0,27,65,41.5,0,0.0,0.0,1,1,0,0,0,Matches
105,Jasper Cillessen\Jasper-Cillessen,nl NED,GK,Valencia,32-027,1989,9.0,171,277,61.7,5921,4054,37,37,100.0,50,50,100.0,80,186,43.0,0,0.0,0.0,0,3,0,0,0,Matches
106,Carlos Clerc\Carlos-Clerc,es ESP,DF,Levante,29-087,1992,30.6,1290,1682,76.7,22599,9552,663,743,89.2,490,603,81.3,125,275,45.5,3,3.3,-0.3,23,96,38,16,158,Matches
107,Coke\Coke,es ESP,DF,Levante,34-023,1987,9.2,349,430,81.2,6682,2484,143,162,88.3,156,178,87.6,48,74,64.9,0,0.1,-0.1,3,17,10,0,40,Matches
108,Francis Coquelin\Francis-Coquelin,fr FRA,MF,Villarreal,30-006,1991,7.9,445,507,87.8,7617,1484,222,247,89.9,181,197,91.9,34,44,77.3,0,0.5,-0.5,3,26,4,0,21,Matches
109,Iñigo Córdoba\Inigo-Cordoba,es ESP,FWMF,Athletic Club,24-067,1997,1.1,17,36,47.2,220,97,9,17,52.9,6,10,60.0,0,6,0.0,0,0.0,0.0,0,0,1,0,2,Matches
110,Iñigo Córdoba\Inigo-Cordoba,es ESP,MF,Alavés,24-067,1997,2.4,49,77,63.6,871,367,18,26,69.2,20,29,69.0,7,13,53.8,0,0.3,-0.3,3,1,4,2,5,Matches
111,Ángel Correa\Angel-Correa,ar ARG,FWMF,Atlético Madrid,26-071,1995,25.7,690,886,77.9,9897,2192,411,487,84.4,199,247,80.6,42,86,48.8,8,5.7,+2.3,34,45,33,3,67,Matches
112,Rober Correa\Rober-Correa,es ESP,DF,Eibar,28-241,1992,11.8,400,573,69.8,7670,2918,172,205,83.9,164,235,69.8,58,115,50.4,2,0.8,+1.2,7,34,9,7,27,Matches
113,Thierry Correia\Thierry-Correia,pt POR,DF,Valencia,22-071,1999,22.7,880,1155,76.2,16948,6204,365,421,86.7,376,470,80.0,124,211,58.8,1,1.3,-0.3,16,42,24,15,54,Matches
114,Diego Costa\Diego-Costa,es ESP,FW,Atlético Madrid,32-224,1988,2.3,56,73,76.7,801,77,39,48,81.3,11,15,73.3,4,4,100.0,0,0.3,-0.3,4,1,4,0,4,Matches
115,Jaume Costa\Jaume-Costa,es ESP,DFMF,Villarreal,33-062,1988,3.9,200,237,84.4,3693,1366,91,102,89.2,88,100,88.0,20,31,64.5,1,0.3,+0.7,5,9,5,1,9,Matches
116,Thibaut Courtois\Thibaut-Courtois,be BEL,GK,Real Madrid,29-008,1992,37.0,1046,1277,81.9,27823,14295,156,158,98.7,606,608,99.7,280,506,55.3,0,0.0,0.0,0,11,1,0,0,Matches
117,Philippe Coutinho\Philippe-Coutinho,br BRA,MFFW,Barcelona,28-341,1992,7.3,454,523,86.8,6951,1476,257,280,91.8,158,179,88.3,29,48,60.4,2,0.9,+1.1,7,40,15,2,44,Matches
118,Juan Cruz Armada\Juan-Cruz-Armada,es ESP,DF,Osasuna,28-295,1992,21.8,606,870,69.7,11287,5974,261,308,84.7,265,362,73.2,74,162,45.7,0,0.5,-0.5,12,45,13,7,55,Matches
119,Sergio Cubero Ezcurra\Sergio-Cubero-Ezcurra,es ESP,MF,Eibar,21-256,1999,0.0,0,0,,0,0,0,0,,0,0,,0,0,,0,0.0,0.0,0,0,0,0,0,Matches
120,Cucho\Cucho,co COL,FWMF,Getafe,22-029,1999,16.0,336,505,66.5,5215,1432,192,250,76.8,97,159,61.0,30,55,54.5,3,1.1,+1.9,16,21,16,3,36,Matches
121,Marc Cucurella\Marc-Cucurella,es ESP,MF,Getafe,22-301,1998,35.1,894,1266,70.6,14559,4912,490,599,81.8,307,420,73.1,77,174,44.3,2,3.0,-1.0,35,65,35,12,103,Matches
122,Patrick Cutrone\Patrick-Cutrone,it ITA,FW,Valencia,23-136,1998,1.2,15,20,75.0,280,44,6,7,85.7,5,6,83.3,2,4,50.0,0,0.2,-0.2,1,1,2,0,3,Matches
123,Moussa Dembélé\Moussa-Dembele,fr FRA,FWMF,Atlético Madrid,24-311,1996,1.1,20,33,60.6,281,23,14,20,70.0,6,11,54.5,0,1,0.0,0,0.0,0.0,1,0,1,0,1,Matches
124,Ousmane Dembélé\Ousmane-Dembele,fr FRA,FWDF,Barcelona,24-004,1997,18.7,818,988,82.8,12993,2815,463,514,90.1,283,341,83.0,58,85,68.2,3,4.9,-1.9,36,39,42,6,73,Matches
125,Sergiño Dest\Sergino-Dest,us USA,DF,Barcelona,20-197,2000,20.0,1117,1250,89.4,15546,4026,699,749,93.3,351,386,90.9,32,48,66.7,1,2.6,-1.6,22,43,25,6,57,Matches
126,Deyverson\Deyverson,br BRA,FW,Alavés,30-011,1991,9.7,155,310,50.0,3155,1052,71,129,55.0,51,98,52.0,28,60,46.7,3,1.6,+1.4,7,24,8,3,22,Matches
127,Abdoulay Diaby\Abdoulay-Diaby,ml MLI,MF,Getafe,29-363,1991,0.2,5,10,50.0,69,11,4,5,80.0,1,2,50.0,0,2,0.0,0,0.1,-0.1,1,0,0,0,0,Matches
128,Mouctar Diakhaby\Mouctar-Diakhaby,fr FRA,DF,Valencia,24-151,1996,22.1,819,952,86.0,19126,5678,195,216,90.3,439,465,94.4,183,256,71.5,0,0.0,0.0,0,43,1,0,37,Matches
129,Víctor Díaz\Victor-Diaz,es ESP,DF,Granada,32-341,1988,8.7,254,372,68.3,5578,2627,79,90,87.8,121,151,80.1,52,116,44.8,2,0.3,+1.7,7,22,6,4,25,Matches
130,Papakouli Diop\Papakouli-Diop,sn SEN,MF,Eibar,35-061,1986,25.1,616,881,69.9,13023,3189,207,266,77.8,285,391,72.9,115,195,59.0,1,1.1,-0.1,14,91,10,2,74,Matches
131,Djené\Djene,tg TOG,DF,Getafe,29-139,1991,31.7,691,904,76.4,15659,4988,181,218,83.0,349,412,84.7,155,263,58.9,1,0.1,+0.9,4,54,2,1,56,Matches
132,Marko Dmitrović\Marko-Dmitrovic,rs SRB,GK,Eibar,29-115,1992,34.7,580,1074,54.0,27390,21416,49,49,100.0,169,172,98.3,359,849,42.3,0,0.5,-0.5,4,68,2,0,1,Matches
133,Jaume Doménech\Jaume-Domenech,es ESP,GK,Valencia,30-195,1990,28.0,623,897,69.5,22663,15899,88,89,98.9,220,222,99.1,312,583,53.5,0,0.0,0.0,0,6,0,0,1,Matches
134,Carlos Dominguez\Carlos-Dominguez,es ESP,DF,Celta Vigo,20-138,2001,3.0,77,97,79.4,1728,627,20,20,100.0,43,51,84.3,14,24,58.3,0,0.1,-0.1,1,1,0,0,2,Matches
135,John Donald\John-Donald,es ESP,DF,Elche,20-262,2000,0.6,19,20,95.0,379,146,10,11,90.9,5,5,100.0,4,4,100.0,0,0.0,0.0,0,0,0,0,0,Matches
136,Cheick Doukouré\Cheick-Doukoure,ci CIV,MF,Levante,28-250,1992,1.1,39,45,86.7,796,101,14,15,93.3,16,19,84.2,8,10,80.0,0,0.1,-0.1,1,3,0,0,1,Matches
137,Idrissa Doumbia\Idrissa-Doumbia,ci CIV,MF,Huesca,23-035,1998,8.4,358,391,91.6,6682,1182,141,154,91.6,175,185,94.6,40,46,87.0,0,0.0,0.0,1,19,1,0,16,Matches
138,Domingos Duarte\Domingos-Duarte,pt POR,DF,Granada,26-070,1995,26.3,761,948,80.3,17453,6258,186,212,87.7,397,445,89.2,172,274,62.8,0,1.0,-1.0,5,56,4,1,85,Matches
139,Óscar Duarte\Oscar-Duarte,cr CRC,DF,Levante,31-350,1989,21.9,936,1075,87.1,21314,6710,223,241,92.5,492,521,94.4,206,291,70.8,0,0.2,-0.2,4,39,0,0,54,Matches
140,Rubén Duarte\Ruben-Duarte,es ESP,DF,Alavés,25-213,1995,27.3,909,1284,70.8,17691,9268,399,456,87.5,371,488,76.0,131,300,43.7,1,2.4,-1.4,26,71,24,10,114,Matches
141,Unai Dufur\Unai-Dufur,es ESP,DF,Eibar,22-138,1999,0.7,34,43,79.1,697,313,8,9,88.9,21,25,84.0,5,7,71.4,0,0.0,0.0,0,2,0,0,4,Matches
142,Hugo Duro\Hugo-Duro,es ESP,FW,Real Madrid,21-190,1999,0.6,5,5,100.0,53,5,5,5,100.0,0,0,,0,0,,0,0.1,-0.1,1,0,1,0,1,Matches
143,Aritz Elustondo\Aritz-Elustondo,es ESP,DF,Real Sociedad,27-052,1994,19.9,1001,1148,87.2,21586,6620,280,303,92.4,534,581,91.9,178,250,71.2,0,0.2,-0.2,3,87,5,2,83,Matches
144,Rodrigo Ely\Rodrigo-Ely,br BRA,DF,Alavés,27-197,1993,5.2,125,159,78.6,3190,1013,27,33,81.8,61,70,87.1,35,53,66.0,0,0.1,-0.1,1,4,1,0,5,Matches
145,Emerson\Emerson,br BRA,DF,Betis,22-125,1999,32.2,1534,1891,81.1,24624,9043,828,920,90.0,561,668,84.0,110,207,53.1,4,2.2,+1.8,30,82,42,16,111,Matches
146,Youssef En-Nesyri\Youssef-En-Nesyri,ma MAR,FW,Sevilla,23-352,1997,24.7,276,401,68.8,4015,447,164,203,80.8,84,130,64.6,16,32,50.0,0,1.3,-1.3,11,8,0,0,9,Matches
147,Sergi Enrich\Sergi-Enrich,es ESP,FW,Eibar,31-082,1990,14.8,341,444,76.8,5091,745,203,251,80.9,100,131,76.3,24,33,72.7,0,0.9,-0.9,13,22,8,2,25,Matches
148,Aarón Escandell\Aaron-Escandell,es ESP,GK,Granada,25-234,1995,4.0,55,120,45.8,2165,1608,7,7,100.0,18,19,94.7,30,94,31.9,0,0.0,0.0,0,5,0,0,0,Matches
149,Dani Escriche\Dani-Escriche,es ESP,FWMF,Huesca,23-056,1998,9.5,198,267,74.2,2850,467,116,143,81.1,70,86,81.4,7,21,33.3,1,1.3,-0.3,6,10,2,0,15,Matches
150,Sergio Escudero\Sergio-Escudero,es ESP,DF,Sevilla,31-259,1989,5.5,280,342,81.9,4940,1794,129,140,92.1,123,140,87.9,21,48,43.8,0,0.5,-0.5,7,15,9,3,18,Matches
151,Alfonso Espino\Alfonso-Espino,uy URU,DF,Cádiz,29-134,1992,28.9,666,1039,64.1,13322,6944,267,313,85.3,279,408,68.4,102,256,39.8,3,1.3,+1.7,14,48,13,10,59,Matches
152,Vicente Esquerdo\Vicente-Esquerdo,es ESP,MF,Valencia,22-137,1999,2.6,77,97,79.4,1445,319,38,42,90.5,26,32,81.3,11,17,64.7,0,0.1,-0.1,2,3,1,0,7,Matches
153,Pervis Estupiñán\Pervis-Estupinan,ec ECU,DF,Villarreal,23-118,1998,13.0,523,667,78.4,9534,3076,235,273,86.1,220,260,84.6,61,98,62.2,0,1.3,-1.3,15,14,22,15,32,Matches
154,Xabier Etxeita\Xabier-Etxeita,es ESP,DF,Getafe,33-200,1987,9.8,195,289,67.5,5002,1287,30,43,69.8,104,120,86.7,59,118,50.0,0,0.2,-0.2,1,13,0,0,18,Matches
155,Edu Expósito\Edu-Exposito,es ESP,MF,Eibar,24-291,1996,27.3,879,1179,74.6,17085,4672,339,422,80.3,382,461,82.9,137,242,56.6,3,2.8,+0.2,41,103,19,3,119,Matches
156,Fali\Fali,es ESP,DFMF,Cádiz,27-280,1993,28.3,489,696,70.3,11966,3588,129,154,83.8,219,272,80.5,135,255,52.9,0,0.7,-0.7,8,55,8,3,53,Matches
157,Ansu Fati\Ansu-Fati,es ESP,FW,Barcelona,18-200,2002,4.8,174,205,84.9,2150,459,122,137,89.1,40,47,85.1,3,5,60.0,0,1.4,-1.4,9,3,7,0,11,Matches
158,Nabil Fekir\Nabil-Fekir,fr FRA,MFFW,Betis,27-305,1993,28.1,1050,1292,81.3,17676,4819,524,591,88.7,366,424,86.3,118,203,58.1,6,5.2,+0.8,51,118,47,5,117,Matches
159,Felipe\Felipe,br BRA,DF,Atlético Madrid,32-003,1989,21.9,854,987,86.5,18121,5655,277,302,91.7,413,458,90.2,155,213,72.8,0,0.2,-0.2,3,34,0,0,39,Matches
160,João Félix\Joao-Felix,pt POR,FWMF,Atlético Madrid,21-190,1999,17.2,556,669,83.1,8232,2516,339,381,89.0,151,184,82.1,39,56,69.6,5,3.8,+1.2,20,63,20,0,72,Matches
161,Aitor Fernández\Aitor-Fernandez,es ESP,GK,Levante,30-016,1991,29.0,698,921,75.8,18559,10955,145,146,99.3,303,307,98.7,228,446,51.1,0,0.0,0.0,0,9,0,0,0,Matches
162,Álex Fernández\Alex-Fernandez,es ESP,MF,Cádiz,28-216,1992,21.6,667,898,74.3,13364,3973,247,295,83.7,283,333,85.0,122,233,52.4,1,1.8,-0.8,24,70,14,6,60,Matches
163,Álvaro Fernández\Alvaro-Fernandez,es ESP,GK,Huesca,23-036,1998,21.0,591,788,75.0,17609,9565,78,79,98.7,271,275,98.5,229,421,54.4,0,0.1,-0.1,1,10,0,0,0,Matches
164,Andrés Fernández\Andres-Fernandez,es ESP,GK,Huesca,34-153,1986,16.0,386,566,68.2,10986,6751,70,70,100.0,183,184,99.5,127,305,41.6,0,0.0,0.0,0,2,0,0,0,Matches
165,Augusto Fernández\Augusto-Fernandez,ar ARG,MF,Cádiz,35-039,1986,3.5,81,102,79.4,1608,305,26,32,81.3,37,41,90.2,15,24,62.5,0,0.0,0.0,0,3,1,0,7,Matches
166,Carlos Fernández\Carlos-Fernandez,es ESP,FW,Sevilla,24-362,1996,1.6,29,39,74.4,374,82,17,20,85.0,10,14,71.4,0,2,0.0,0,0.1,-0.1,1,2,0,0,2,Matches
167,Carlos Fernández\Carlos-Fernandez,es ESP,FWMF,Real Sociedad,24-362,1996,4.1,75,112,67.0,1081,320,45,60,75.0,22,31,71.0,5,10,50.0,2,0.4,+1.6,4,3,3,0,11,Matches
168,Joaquín Fernández\Joaquin-Fernandez,es ESP,DF,Valladolid,24-353,1996,23.0,622,763,81.5,14262,4337,153,170,90.0,319,359,88.9,143,219,65.3,0,0.3,-0.3,2,32,2,0,29,Matches
169,Fernando\Fernando,br BRA,MF,Sevilla,33-298,1987,28.3,1391,1537,90.5,27707,6641,487,524,92.9,697,744,93.7,194,243,79.8,4,3.4,+0.6,19,96,10,0,92,Matches
170,David Ferreiro\David-Ferreiro,es ESP,MFFW,Huesca,33-048,1988,27.1,696,1063,65.5,14086,4543,273,335,81.5,276,376,73.4,135,301,44.9,4,5.3,-1.3,67,57,43,19,82,Matches
171,Facundo Ferreyra\Facundo-Ferreyra,ar ARG,FW,Celta Vigo,30-066,1991,3.3,36,55,65.5,536,80,20,28,71.4,10,17,58.8,3,3,100.0,0,0.0,0.0,0,1,0,0,2,Matches
172,Fidel\Fidel,es ESP,MFDF,Elche,31-204,1989,25.6,855,1162,73.6,15572,5068,413,476,86.8,300,382,78.5,121,249,48.6,3,5.0,-2.0,47,62,21,11,77,Matches
173,Junior Firpo\Junior-Firpo,es ESP,DF,Barcelona,24-270,1996,2.7,180,198,90.9,2538,717,102,109,93.6,69,74,93.2,3,6,50.0,1,0.7,+0.3,5,8,1,0,12,Matches
174,Kingsley Fobi\Kingsley-Fobi,gh GHA,DF,Granada,22-241,1998,0.5,8,12,66.7,127,68,4,6,66.7,4,6,66.7,0,0,,0,0.0,0.0,0,0,1,0,1,Matches
175,Ramón Folch\Ramon-Folch,es ESP,MF,Elche,31-227,1989,0.0,0,0,,0,0,0,0,,0,0,,0,0,,0,0.0,0.0,0,0,0,0,0,Matches
176,José Fontán\Jose-Fontan,es ESP,DF,Celta Vigo,21-097,2000,7.2,278,340,81.8,5415,1782,95,102,93.1,151,171,88.3,28,56,50.0,0,0.0,0.0,0,23,2,0,29,Matches
177,Dimitri Foulquier\Dimitri-Foulquier,fr FRA,DF,Granada,28-057,1993,28.6,812,1063,76.4,14388,6624,374,425,88.0,342,424,80.7,84,165,50.9,4,1.8,+2.2,10,50,12,5,76,Matches
178,Juan Foyth\Juan-Foyth,ar ARG,DFMF,Villarreal,23-127,1998,13.0,650,734,88.6,12360,3842,269,295,91.2,291,315,92.4,86,106,81.1,0,0.2,-0.2,3,47,11,1,56,Matches
179,Jorge de Frutos\Jorge-de-Frutos,es ESP,MFFW,Levante,24-088,1997,23.3,467,683,68.4,8024,2595,223,286,78.0,179,242,74.0,50,110,45.5,9,5.2,+3.8,37,29,25,11,56,Matches
180,Ramiro Funes Mori\Ramiro-Funes-Mori,ar ARG,DF,Villarreal,30-075,1991,8.1,420,477,88.1,8549,2835,151,164,92.1,199,217,91.7,67,90,74.4,0,0.0,0.0,0,21,1,0,25,Matches
181,Javi Galán\Javi-Galan,es ESP,DF,Huesca,26-181,1994,34.1,1424,1820,78.2,25505,9419,679,753,90.2,576,690,83.5,151,307,49.2,2,3.1,-1.1,40,70,50,27,114,Matches
182,Enric Gallego\Enric-Gallego,es ESP,FW,Osasuna,34-249,1986,8.2,151,260,58.1,2370,649,81,128,63.3,54,88,61.4,11,26,42.3,2,0.7,+1.3,8,25,5,1,22,Matches
183,Kévin Gameiro\Kevin-Gameiro,fr FRA,FW,Valencia,34-010,1987,12.0,210,265,79.2,3052,337,123,141,87.2,68,91,74.7,10,13,76.9,1,1.2,-0.2,4,6,4,0,9,Matches
184,Aleix García\Aleix-Garcia,es ESP,MF,Eibar,23-325,1997,4.9,225,271,83.0,4760,980,85,97,87.6,92,103,89.3,45,65,69.2,1,0.8,+0.2,8,25,4,2,20,Matches
185,Borja García\Borja-Garcia,es ESP,MFFW,Huesca,30-198,1990,12.3,472,552,85.5,7876,1509,254,277,91.7,164,185,88.6,47,66,71.2,0,1.2,-1.2,21,33,12,0,39,Matches
186,Dani García\Dani-Garcia,es ESP,MF,Athletic Club,30-360,1990,21.3,866,1036,83.6,18651,4104,261,311,83.9,422,467,90.4,168,229,73.4,1,0.4,+0.6,7,95,2,1,75,Matches
187,David García\David-Garcia,es ESP,DF,Osasuna,27-094,1994,34.0,945,1252,75.5,22517,9074,230,277,83.0,487,579,84.1,214,370,57.8,0,0.3,-0.3,4,88,2,0,103,Matches
188,Manu García\Manu-Garcia,es ESP,MF,Alavés,35-023,1986,11.5,254,359,70.8,4697,1063,109,137,79.6,105,145,72.4,30,54,55.6,0,0.3,-0.3,4,26,1,1,23,Matches
189,Raúl García\Raul-Garcia,es ESP,FWMF,Athletic Club,34-312,1986,19.4,372,597,62.3,6021,2033,188,258,72.9,128,206,62.1,37,79,46.8,1,1.3,-0.3,18,55,18,0,71,Matches
190,Raúl García\Raul-Garcia,es ESP,DFMF,Valladolid,32-019,1989,5.6,199,287,69.3,3439,1632,99,119,83.2,80,108,74.1,15,41,36.6,0,0.2,-0.2,5,14,5,3,18,Matches
191,Rubén García\Ruben-Garcia,es ESP,MFFW,Osasuna,27-309,1993,30.2,803,1212,66.3,16148,5160,354,462,76.6,265,381,69.6,162,298,54.4,5,5.1,-0.1,51,70,41,22,76,Matches
192,Sergi García\Sergi-Garcia,es ESP,MF,Alavés,22-035,1999,0.2,5,8,62.5,115,0,1,3,33.3,3,4,75.0,1,1,100.0,0,0.0,0.0,0,0,0,0,0,Matches
193,Unai García\Unai-Garcia,es ESP,DF,Osasuna,29-105,1992,13.2,319,407,78.4,8595,2710,57,67,85.1,158,184,85.9,103,149,69.1,0,0.2,-0.2,3,29,2,0,26,Matches
194,Mario Gaspar\Mario-Gaspar,es ESP,DF,Villarreal,30-176,1990,19.6,895,1060,84.4,15617,5908,391,432,90.5,423,472,89.6,64,109,58.7,2,1.7,+0.3,12,47,23,10,58,Matches
195,Paulo Gazzaniga\Paulo-Gazzaniga,ar ARG,GK,Elche,29-137,1992,7.0,123,208,59.1,5250,4239,15,15,100.0,45,45,100.0,62,147,42.2,0,0.1,-0.1,1,21,3,0,0,Matches
196,David Gil\David-Gil,es ESP,GK,Cádiz,27-128,1994,3.0,30,86,34.9,1476,1164,0,0,,5,6,83.3,25,80,31.3,0,0.0,0.0,0,0,0,0,0,Matches
197,Álvaro Giménez\Alvaro-Gimenez,es ESP,FWMF,Cádiz,30-000,1991,4.5,58,93,62.4,890,161,33,48,68.8,20,30,66.7,4,8,50.0,1,0.0,+1.0,1,6,3,0,6,Matches
198,Dani Gómez\Dani-Gomez,es ESP,FW,Levante,22-293,1998,17.8,238,318,74.8,3312,674,148,174,85.1,65,82,79.3,12,23,52.2,2,1.1,+0.9,12,11,11,3,19,Matches
199,Ibai Gómez\Ibai-Gomez,es ESP,MF,Athletic Club,31-189,1989,3.9,94,142,66.2,1642,720,51,62,82.3,29,44,65.9,13,34,38.2,1,0.6,+0.4,6,6,3,2,15,Matches
200,Maxi Gómez\Maxi-Gomez,uy URU,FW,Valencia,24-278,1996,29.0,366,545,67.2,6171,1186,202,263,76.8,108,176,61.4,45,73,61.6,1,0.9,+0.1,11,34,6,2,43,Matches
201,Moi Gómez\Moi-Gomez,es ESP,MFFW,Villarreal,26-330,1994,28.4,1083,1325,81.7,18725,3974,540,590,91.5,424,503,84.3,104,178,58.4,0,2.5,-2.5,30,64,34,4,95,Matches
202,Papu Gómez\Papu-Gomez,ar ARG,MFFW,Sevilla,33-093,1988,10.0,501,575,87.1,9096,1907,243,262,92.7,185,203,91.1,64,92,69.6,1,0.8,+0.2,14,42,10,2,33,Matches
203,Sergi Gómez\Sergi-Gomez,es ESP,DF,Sevilla,29-052,1992,8.0,506,540,93.7,11057,2517,106,113,93.8,314,321,97.8,85,101,84.2,0,0.0,0.0,0,9,0,0,10,Matches
204,Sergio Gómez\Sergio-Gomez,es ESP,MFFW,Huesca,20-257,2000,7.8,269,378,71.2,4629,1628,148,175,84.6,90,107,84.1,30,81,37.0,1,1.0,0.0,12,26,5,2,25,Matches
205,Maxime Gonalons\Maxime-Gonalons,fr FRA,MF,Granada,32-070,1989,16.4,602,726,82.9,13256,3342,181,206,87.9,295,329,89.7,119,171,69.6,1,0.6,+0.4,6,70,3,0,59,Matches
206,Bruno González\Bruno-Gonzalez,es ESP,DF,Valladolid,30-360,1990,25.1,597,764,78.1,13996,3896,138,163,84.7,299,349,85.7,152,234,65.0,0,0.0,0.0,1,23,0,0,28,Matches
207,Diego González\Diego-Gonzalez,es ESP,DF,Elche,26-111,1995,14.2,656,726,90.4,14441,4489,164,172,95.3,373,387,96.4,115,159,72.3,0,0.1,-0.1,1,21,0,0,31,Matches
208,Sergio González\Sergio-Gonzalez,es ESP,MF,Cádiz,24-005,1997,1.0,20,29,69.0,382,77,9,13,69.2,6,7,85.7,4,8,50.0,0,0.0,0.0,1,0,0,0,0,Matches
209,Urko González\Urko-Gonzalez,es ESP,MF,Real Sociedad,20-060,2001,0.5,27,30,90.0,566,136,8,8,100.0,15,17,88.2,4,5,80.0,0,0.0,0.0,1,4,0,0,2,Matches
210,Andoni Gorosabel\Andoni-Gorosabel,es ESP,DF,Real Sociedad,24-288,1996,25.5,1115,1382,80.7,18160,7605,574,636,90.3,437,528,82.8,79,159,49.7,1,2.3,-1.3,22,84,38,8,100,Matches
211,Antoine Griezmann\Antoine-Griezmann,fr FRA,FWMF,Barcelona,30-059,1991,27.9,1128,1282,88.0,16974,2812,649,720,90.1,364,405,89.9,75,87,86.2,7,5.6,+1.4,41,63,35,2,68,Matches
212,Andrés Guardado\Andres-Guardado,mx MEX,MF,Betis,34-233,1986,13.9,643,764,84.2,12850,2858,250,278,89.9,285,322,88.5,93,136,68.4,0,0.5,-0.5,7,63,9,1,58,Matches
213,Sergi Guardiola\Sergi-Guardiola,es ESP,FW,Valladolid,29-355,1991,19.6,328,502,65.3,4951,1032,212,297,71.4,71,108,65.7,31,52,59.6,2,1.6,+0.4,9,14,10,2,23,Matches
214,Nemanja Gudelj\Nemanja-Gudelj,rs SRB,MF,Sevilla,29-184,1991,10.6,664,706,94.1,13281,2689,220,227,96.9,347,360,96.4,88,105,83.8,0,0.0,0.0,2,30,2,0,20,Matches
215,Gonçalo Guedes\Goncalo-Guedes,pt POR,MFFW,Valencia,24-171,1996,24.6,557,763,73.0,10163,2971,273,335,81.5,205,268,76.5,70,114,61.4,5,3.5,+1.5,27,51,48,13,80,Matches
216,Ander Guevara\Ander-Guevara,es ESP,MF,Real Sociedad,23-316,1997,22.1,1107,1332,83.1,21185,4950,457,518,88.2,487,563,86.5,149,205,72.7,1,0.6,+0.4,11,102,10,0,101,Matches
217,John Guidetti\John-Guidetti,se SWE,FWMF,Alavés,29-034,1992,1.5,30,48,62.5,555,145,13,22,59.1,8,12,66.7,6,9,66.7,0,0.0,0.0,0,3,1,0,2,Matches
218,Hugo Guillamón\Hugo-Guillamon,es ESP,DF,Valencia,21-108,2000,21.1,995,1116,89.2,23267,7301,218,241,90.5,546,575,95.0,225,288,78.1,0,0.0,0.0,0,79,2,0,76,Matches
219,Jon Guridi\Jon-Guridi,es ESP,MF,Real Sociedad,26-080,1995,9.2,292,355,82.3,4901,1086,157,179,87.7,108,127,85.0,23,35,65.7,1,0.7,+0.3,5,35,7,1,24,Matches
220,Raúl Guti\Raul-Guti,es ESP,MF,Elche,24-140,1996,30.8,1041,1239,84.0,19510,4133,440,490,89.8,437,494,88.5,139,205,67.8,1,0.5,+0.5,6,80,6,1,70,Matches
221,Marcos Mauro López Gutiérrez\Marcos-Mauro-Lopez-Gutierrez,ar ARG,DF,Cádiz,30-130,1991,20.3,421,497,84.7,9959,2436,91,101,90.1,216,233,92.7,106,150,70.7,0,0.1,-0.1,2,8,0,0,15,Matches
222,Miguel Gutiérrez\Miguel-Gutierrez,es ESP,DF,Real Madrid,19-296,2001,2.8,194,218,89.0,2928,908,110,119,92.4,68,74,91.9,12,17,70.6,1,0.2,+0.8,4,13,6,3,8,Matches
223,Munir El Haddadi\Munir-El-Haddadi,ma MAR,FW,Sevilla,25-260,1995,9.4,272,345,78.8,4545,837,133,161,82.6,110,130,84.6,20,36,55.6,2,1.6,+0.4,11,13,11,4,24,Matches
224,Eden Hazard\Eden-Hazard,be BEL,FWMF,Real Madrid,30-132,1991,5.9,303,344,88.1,4491,793,193,215,89.8,81,89,91.0,21,22,95.5,2,0.8,+1.2,6,12,6,0,19,Matches
225,Mario Hermoso\Mario-Hermoso,es ESP,DF,Atlético Madrid,25-335,1995,28.0,1584,1864,85.0,30518,11136,643,685,93.9,731,819,89.3,199,321,62.0,1,0.4,+0.6,9,151,16,2,145,Matches
226,Aridane Hernández\Aridane-Hernandez,gq EQG,DF,Osasuna,32-057,1989,22.5,563,687,82.0,13734,4203,133,159,83.6,276,306,90.2,148,207,71.5,0,0.5,-0.5,6,32,2,0,37,Matches
227,Héctor Herrera\Hector-Herrera,mx MEX,MF,Atlético Madrid,31-030,1990,7.5,591,663,89.1,10846,2837,258,279,92.5,234,259,90.3,79,97,81.4,1,0.3,+0.7,6,64,8,1,57,Matches
228,Sergio Herrera\Sergio-Herrera,es ESP,GK,Osasuna,27-348,1993,32.9,631,1144,55.2,32058,25732,33,36,91.7,94,98,95.9,502,1006,49.9,0,0.0,0.0,0,64,0,0,1,Matches
229,Yangel Herrera\Yangel-Herrera,ve VEN,MF,Granada,23-132,1998,25.7,597,882,67.7,10706,3343,255,351,72.6,277,370,74.9,53,113,46.9,1,1.1,-0.1,9,99,9,1,90,Matches
230,Pablo Hervías\Pablo-Hervias,es ESP,DFMF,Valladolid,28-072,1993,13.3,552,731,75.5,9750,3645,269,296,90.9,209,257,81.3,66,148,44.6,5,3.3,+1.7,31,37,19,12,40,Matches
231,Jordan Holsgrove\Jordan-Holsgrove,sco SCO,MF,Celta Vigo,21-251,1999,1.6,92,104,88.5,1497,271,47,49,95.9,34,35,97.1,8,15,53.3,0,0.0,0.0,1,10,0,0,3,Matches
232,Vicente Iborra\Vicente-Iborra,es ESP,MF,Villarreal,33-123,1988,10.3,545,604,90.2,10868,2560,193,212,91.0,261,278,93.9,81,98,82.7,0,0.2,-0.2,2,39,6,0,28,Matches
233,Oussama Idrissi\Oussama-Idrissi,ma MAR,FWMF,Sevilla,25-082,1996,0.3,8,10,80.0,232,24,3,4,75.0,2,2,100.0,3,3,100.0,0,0.0,0.0,0,0,1,1,0,Matches
234,Iglesias\Iglesias,es ESP,DFMF,Getafe,22-320,1998,5.7,94,170,55.3,1803,880,39,49,79.6,36,56,64.3,15,57,26.3,0,0.2,-0.2,3,8,5,4,7,Matches
235,Borja Iglesias\Borja-Iglesias,es ESP,FW,Betis,28-122,1993,14.8,190,259,73.4,2841,382,114,149,76.5,49,62,79.0,17,24,70.8,0,0.5,-0.5,5,6,3,1,11,Matches
236,Ilaix\Ilaix,es ESP,MF,Barcelona,18-120,2003,5.4,311,338,92.0,4693,715,175,186,94.1,114,124,91.9,15,18,83.3,2,0.8,+1.2,7,22,3,0,13,Matches
237,Asier Illarramendi\Asier-Illarramendi,es ESP,MF,Real Sociedad,31-072,1990,3.7,238,261,91.2,4476,1359,95,99,96.0,115,122,94.3,25,36,69.4,0,0.0,0.0,1,29,2,0,25,Matches
238,Pablo Insua\Pablo-Insua,es ESP,DF,Huesca,27-252,1993,17.6,647,756,85.6,14965,4326,154,171,90.1,359,392,91.6,131,186,70.4,0,0.1,-0.1,2,23,1,0,19,Matches
239,Takashi Inui\Takashi-Inui,jp JPN,MFFW,Eibar,32-351,1988,19.2,338,499,67.7,5642,1433,177,213,83.1,122,172,70.9,30,84,35.7,0,1.9,-1.9,14,23,21,10,33,Matches
240,Alexander Isak\Alexander-Isak,se SWE,FW,Real Sociedad,21-240,1999,25.0,320,439,72.9,5030,765,166,203,81.8,115,152,75.7,24,37,64.9,2,1.7,+0.3,10,13,19,2,33,Matches
241,Isco\Isco,es ESP,MFFW,Real Madrid,29-028,1992,9.7,618,713,86.7,10598,2784,316,335,94.3,214,246,87.0,69,101,68.3,2,1.7,+0.3,20,67,15,0,65,Matches
242,Jairo Izquierdo\Jairo-Izquierdo,es ESP,MFDF,Cádiz,27-209,1993,13.9,328,457,71.8,5327,1764,166,202,82.2,126,159,79.2,27,69,39.1,0,0.9,-0.9,8,21,7,4,20,Matches
243,Saidy Janko\Saidy-Janko,ch SUI,DF,Valladolid,25-209,1995,12.7,407,548,74.3,7130,2571,190,223,85.2,168,220,76.4,39,78,50.0,1,0.4,+0.6,8,25,12,7,29,Matches
244,Adnan Januzaj\Adnan-Januzaj,be BEL,FWMF,Real Sociedad,26-103,1995,11.2,404,568,71.1,7519,2778,198,230,86.1,136,172,79.1,58,130,44.6,4,4.0,0.0,23,30,38,8,65,Matches
245,Jason\Jason,es ESP,MFDF,Valencia,26-317,1994,4.9,94,142,66.2,1596,537,47,63,74.6,38,51,74.5,9,26,34.6,0,0.6,-0.6,6,6,5,3,11,Matches
246,Luis Javier Suárez\Luis-Javier-Suarez,co COL,FWMF,Granada,23-168,1997,17.7,177,286,61.9,3017,815,83,119,69.7,77,114,67.5,13,27,48.1,1,1.4,-0.4,13,15,11,3,25,Matches
247,Joaquín\Joaquin,es ESP,FWMF,Betis,39-302,1981,14.3,605,753,80.3,9516,2602,357,392,91.1,185,224,82.6,45,96,46.9,6,2.5,+3.5,32,32,31,11,57,Matches
248,John Joe\John-Joe,ie IRL,MFDF,Getafe,17-237,2003,0.7,11,21,52.4,177,44,5,9,55.6,6,8,75.0,0,0,,0,0.0,0.0,0,0,0,0,1,Matches
249,Frenkie de Jong\Frenkie-de-Jong,nl NED,MFDF,Barcelona,24-007,1997,34.2,2521,2752,91.6,42426,11640,1183,1278,92.6,1082,1140,94.9,194,231,84.0,4,5.5,-1.5,49,224,33,2,181,Matches
250,Luuk de Jong\Luuk-de-Jong,nl NED,FW,Sevilla,30-265,1990,13.9,256,343,74.6,3626,383,154,183,84.2,76,115,66.1,14,20,70.0,0,1.1,-1.1,12,13,2,0,9,Matches
251,Jony\Jony,es ESP,MFFW,Osasuna,29-314,1991,9.6,228,391,58.3,4777,2216,93,129,72.1,82,134,61.2,51,106,48.1,2,2.3,-0.3,22,22,33,14,51,Matches
252,Joan Jordán\Joan-Jordan,es ESP,MF,Sevilla,26-317,1994,26.1,1736,1975,87.9,35350,7497,696,763,91.2,701,772,90.8,311,387,80.4,6,2.8,+3.2,37,163,33,9,134,Matches
253,Josan\Josan,es ESP,MFDF,Elche,31-167,1989,20.6,582,781,74.5,9891,3323,308,357,86.3,211,265,79.6,55,114,48.2,2,1.6,+0.4,16,29,15,11,48,Matches
254,Willian José\Willian-Jose,br BRA,FW,Real Sociedad,29-177,1991,7.7,186,241,77.2,3585,710,81,106,76.4,69,78,88.5,28,36,77.8,1,0.9,+0.1,7,12,6,1,19,Matches
255,Joselu\Joselu,es ESP,FW,Alavés,31-053,1990,33.4,606,1020,59.4,9996,2597,340,511,66.5,180,315,57.1,70,136,51.5,3,3.0,0.0,25,66,16,3,82,Matches
256,Josema\Josema,es ESP,DF,Elche,24-347,1996,21.6,779,1010,77.1,15138,6025,311,350,88.9,358,437,81.9,101,195,51.8,1,0.6,+0.4,6,42,8,6,35,Matches
257,Jota\Jota,es ESP,MF,Alavés,29-337,1991,15.5,369,499,73.9,6970,2128,173,201,86.1,137,167,82.0,52,109,47.7,2,1.9,+0.1,16,37,18,4,49,Matches
258,Jota\Jota,pt POR,FW,Valladolid,22-050,1999,7.1,,,,,,,,,,,,,,,0,,,,,,,,Matches
259,Luka Jović\Luka-Jovic,rs SRB,FWMF,Real Madrid,23-147,1997,1.7,34,41,82.9,475,43,22,23,95.7,9,13,69.2,2,2,100.0,0,0.1,-0.1,2,1,0,0,0,Matches
260,Juanmi\Juanmi,es ESP,FWMF,Betis,27-364,1993,6.7,112,144,77.8,1461,262,76,91,83.5,25,30,83.3,5,11,45.5,0,0.1,-0.1,3,2,2,0,3,Matches
261,Vinicius Júnior\Vinicius-Junior,br BRA,FW,Real Madrid,20-311,2000,21.3,664,803,82.7,9401,2040,424,462,91.8,197,243,81.1,29,52,55.8,3,3.1,-0.1,30,18,31,9,49,Matches
262,Jens Jønsson\Jens-Jonsson,dk DEN,MF,Cádiz,28-129,1993,28.4,529,689,76.8,9488,2266,250,301,83.1,213,271,78.6,57,100,57.0,0,1.7,-1.7,11,35,6,0,46,Matches
263,Damian Kądzior\Damian-Kadzior,pl POL,FWMF,Eibar,28-337,1992,2.2,44,76,57.9,709,214,26,29,89.7,12,19,63.2,5,22,22.7,0,0.0,0.0,1,2,1,1,3,Matches
264,Lee Kangin\Lee-Kangin,kr KOR,FWMF,Valencia,20-089,2001,13.1,412,512,80.5,7857,1798,192,211,91.0,154,178,86.5,59,105,56.2,4,2.4,+1.6,18,44,17,1,59,Matches
265,Stephane Keller\Stephane-Keller,cm CMR,DF,Alavés,19-272,2001,0.2,11,13,84.6,281,66,2,3,66.7,6,6,100.0,3,4,75.0,0,0.0,0.0,0,0,0,0,0,Matches
266,Kenedy\Kenedy,br BRA,FWMF,Granada,25-100,1996,16.3,211,330,63.9,3853,1483,105,125,84.0,65,99,65.7,32,84,38.1,3,2.6,+0.4,17,18,11,5,23,Matches
267,Kike\Kike,es ESP,FW,Eibar,31-175,1989,33.3,601,897,67.0,8680,1095,360,460,78.3,171,268,63.8,37,87,42.5,2,2.1,-0.1,25,30,9,4,31,Matches
268,Giorgi Kochorashvili\Giorgi-Kochorashvili,ge GEO,MF,Levante,21-324,1999,0.3,6,12,50.0,79,21,4,5,80.0,2,3,66.7,0,1,0.0,0,0.0,0.0,1,0,0,0,1,Matches
269,Kenan Kodro\Kenan-Kodro,ba BIH,FWMF,Athletic Club,27-273,1993,0.5,6,8,75.0,124,0,3,3,100.0,2,3,66.7,1,1,100.0,0,0.0,0.0,0,0,0,0,0,Matches
270,Kenan Kodro\Kenan-Kodro,ba BIH,FW,Valladolid,27-273,1993,5.1,82,114,71.9,1170,145,53,71,74.6,18,24,75.0,6,9,66.7,0,0.1,-0.1,4,3,0,0,2,Matches
271,Koba Koindredi\Koba-Koindredi,fr FRA,MF,Valencia,19-204,2001,0.2,9,11,81.8,159,25,3,3,100.0,5,6,83.3,1,2,50.0,0,0.0,0.0,0,1,0,0,0,Matches
272,Koke\Koke,es ESP,MF,Atlético Madrid,29-131,1992,32.6,2095,2380,88.0,37121,10279,989,1050,94.2,802,886,90.5,249,352,70.7,2,2.2,-0.2,35,206,35,3,211,Matches
273,Geoffrey Kondogbia\Geoffrey-Kondogbia,cf CTA,MF,Valencia,28-093,1993,4.9,161,189,85.2,3833,793,53,60,88.3,70,78,89.7,38,51,74.5,0,0.0,0.0,0,21,0,0,14,Matches
274,Geoffrey Kondogbia\Geoffrey-Kondogbia,cf CTA,MFFW,Atlético Madrid,28-093,1993,6.7,333,384,86.7,6226,1473,149,161,92.5,130,148,87.8,48,63,76.2,0,0.3,-0.3,4,29,4,0,29,Matches
275,Youssouf Koné\Youssouf-Kone,ml MLI,DFFW,Elche,25-318,1995,0.8,24,29,82.8,396,158,13,15,86.7,8,8,100.0,2,5,40.0,0,0.0,0.0,0,0,0,0,1,Matches
276,Jules Koundé\Jules-Kounde,fr FRA,DF,Sevilla,22-188,1998,32.1,2060,2277,90.5,40978,14032,692,736,94.0,1084,1132,95.8,269,375,71.7,1,0.7,+0.3,8,159,11,1,138,Matches
277,Toni Kroos\Toni-Kroos,de GER,MF,Real Madrid,31-135,1990,23.5,1949,2172,89.7,41573,12310,772,807,95.7,727,769,94.5,422,550,76.7,10,6.7,+3.3,66,272,35,3,198,Matches
278,Takefusa Kubo\Takefusa-Kubo,jp JPN,MFFW,Villarreal,19-349,2001,3.3,102,139,73.4,1634,456,51,64,79.7,42,52,80.8,7,17,41.2,0,0.5,-0.5,9,8,6,2,15,Matches
279,Takefusa Kubo\Takefusa-Kubo,jp JPN,MFFW,Getafe,19-349,2001,7.9,136,188,72.3,2108,648,78,93,83.9,44,62,71.0,11,22,50.0,1,0.7,+0.3,8,6,5,0,17,Matches
280,Kuki\Kuki,es ESP,MF,Valladolid,23-014,1998,0.3,8,11,72.7,108,16,5,6,83.3,3,4,75.0,0,1,0.0,1,0.1,+0.9,1,0,0,0,0,Matches
281,Víctor Laguardia\Victor-Laguardia,es ESP,DF,Alavés,31-195,1989,29.2,814,1047,77.7,21333,8784,164,187,87.7,392,442,88.7,251,404,62.1,1,1.0,0.0,5,58,5,0,55,Matches
282,Diego Lainez\Diego-Lainez,mx MEX,FWMF,Betis,20-344,2000,9.2,280,353,79.3,3990,1083,171,195,87.7,80,97,82.5,15,31,48.4,2,0.9,+1.1,13,15,11,4,29,Matches
283,Toni Lato\Toni-Lato,es ESP,DF,Valencia,23-179,1997,7.1,256,334,76.6,4675,1567,113,126,89.7,114,145,78.6,25,52,48.1,0,0.3,-0.3,3,18,2,2,20,Matches
284,Lauti\Lauti,uy URU,MFFW,Celta Vigo,20-099,2001,0.2,3,3,100.0,30,0,1,1,100.0,1,1,100.0,0,0,,0,0.0,0.0,0,0,0,0,0,Matches
285,Robin Le Normand\Robin-Le-Normand,fr FRA,DF,Real Sociedad,24-189,1996,29.5,1372,1568,87.5,29789,7516,355,388,91.5,761,827,92.0,248,330,75.2,1,0.1,+0.9,1,62,6,1,74,Matches
286,Jeremías Ledesma\Jeremias-Ledesma,ar ARG,GK,Cádiz,28-095,1993,32.0,462,997,46.3,24626,20494,26,30,86.7,68,72,94.4,367,893,41.1,0,0.0,0.0,0,36,0,0,0,Matches
287,Florian Lejeune\Florian-Lejeune,fr FRA,DF,Alavés,29-364,1991,32.5,1086,1352,80.3,27486,10057,234,273,85.7,551,608,90.6,291,447,65.1,1,0.3,+0.7,6,52,2,0,43,Matches
288,Iñigo Lekue\Inigo-Lekue,es ESP,DF,Athletic Club,28-015,1993,6.2,269,339,79.4,4977,1878,118,133,88.7,113,134,84.3,36,61,59.0,0,0.4,-0.4,6,12,9,3,26,Matches
289,Thomas Lemar\Thomas-Lemar,fr FRA,MF,Atlético Madrid,25-188,1995,15.2,661,810,81.6,11628,2973,334,369,90.5,222,268,82.8,89,137,65.0,3,2.0,+1.0,20,61,21,2,68,Matches
290,Clément Lenglet\Clement-Lenglet,fr FRA,DF,Barcelona,25-336,1995,27.5,2129,2293,92.8,40648,13671,819,849,96.5,1039,1086,95.7,253,328,77.1,0,0.9,-0.9,7,215,17,2,134,Matches
291,Pedro León\Pedro-Leon,es ESP,MFFW,Eibar,34-176,1986,9.9,211,360,58.6,3771,1366,100,130,76.9,80,116,69.0,27,87,31.0,2,2.2,-0.2,16,11,16,11,19,Matches
292,Sergio León\Sergio-Leon,es ESP,FW,Levante,32-133,1989,8.3,97,137,70.8,1361,199,60,73,82.2,30,36,83.3,5,14,35.7,0,0.3,-0.3,6,6,3,0,9,Matches
293,Diego Llorente\Diego-Llorente,es ESP,DF,Real Sociedad,27-276,1993,1.0,48,54,88.9,1057,236,12,13,92.3,27,29,93.1,9,12,75.0,0,0.0,0.0,0,1,0,0,1,Matches
294,Marcos Llorente\Marcos-Llorente,es ESP,MFDF,Atlético Madrid,26-109,1995,32.0,1064,1294,82.2,18313,4153,535,599,89.3,380,447,85.0,112,160,70.0,11,5.2,+5.8,42,75,36,14,93,Matches
295,Renan Lodi\Renan-Lodi,br BRA,DF,Atlético Madrid,23-041,1998,12.2,584,744,78.5,10897,3216,254,285,89.1,250,300,83.3,68,121,56.2,2,1.1,+0.9,15,23,15,5,38,Matches
296,Pedro López Muñoz\Pedro-Lopez-Munoz,es ESP,DF,Huesca,37-199,1983,11.7,533,652,81.7,10176,3809,226,253,89.3,229,264,86.7,75,118,63.6,1,0.8,+0.2,7,35,13,8,43,Matches
297,Adrián López\Adrian-Lopez,es ESP,FWMF,Osasuna,33-131,1988,5.3,134,184,72.8,1870,417,81,100,81.0,43,61,70.5,6,12,50.0,1,0.8,+0.2,5,10,6,0,17,Matches
298,Javi López\Javi-Lopez,es ESP,DFMF,Alavés,19-138,2002,2.8,113,146,77.4,2187,797,51,59,86.4,44,55,80.0,16,28,57.1,0,0.1,-0.1,3,4,4,2,7,Matches
299,Roberto López\Roberto-Lopez,es ESP,MFFW,Real Sociedad,21-025,2000,5.6,188,248,75.8,3320,918,92,104,88.5,68,87,78.2,24,45,53.3,0,1.7,-1.7,10,22,6,1,22,Matches
300,Unai López\Unai-Lopez,es ESP,MF,Athletic Club,25-201,1995,14.8,796,949,83.9,17415,4059,279,313,89.1,318,360,88.3,187,249,75.1,0,1.2,-1.2,16,96,17,4,70,Matches
301,Anthony Lozano\Anthony-Lozano,hn HON,FWMF,Cádiz,28-024,1993,16.9,170,278,61.2,2437,659,99,133,74.4,54,90,60.0,9,25,36.0,1,1.0,0.0,10,28,10,2,23,Matches
302,Jeison Lucumí\Jeison-Lucumi,co COL,FW,Elche,26-041,1995,0.5,8,11,72.7,106,2,4,5,80.0,3,3,100.0,0,0,,0,0.0,0.0,0,0,0,0,0,Matches
303,José Luis Gayà\Jose-Luis-Gaya,es ESP,DF,Valencia,25-359,1995,31.6,1184,1515,78.2,23258,7442,425,497,85.5,589,677,87.0,156,295,52.9,7,4.7,+2.3,38,66,38,17,100,Matches
304,José Luis Morales\Jose-Luis-Morales,es ESP,FWMF,Levante,33-300,1987,26.8,503,731,68.8,8924,2256,236,290,81.4,190,266,71.4,62,123,50.4,3,3.6,-0.6,33,38,29,8,53,Matches
305,Luisinho\Luisinho,pt POR,DF,Huesca,36-014,1985,2.0,100,119,84.0,1830,617,46,50,92.0,43,53,81.1,11,14,78.6,0,0.0,0.0,0,5,1,0,8,Matches
306,Luismi\Luismi,es ESP,MFDF,Elche,29-014,1992,1.9,94,109,86.2,2239,518,24,26,92.3,43,49,87.8,25,32,78.1,0,0.0,0.0,0,8,0,0,4,Matches
307,Darwin Machís\Darwin-Machis,ve VEN,FWMF,Granada,28-101,1993,22.0,340,546,62.3,6303,2086,165,211,78.2,109,160,68.1,56,135,41.5,5,4.2,+0.8,26,28,16,10,32,Matches
308,Pablo Maffeo\Pablo-Maffeo,es ESP,DF,Huesca,23-311,1997,21.0,728,1037,70.2,14021,5332,305,359,85.0,307,409,75.1,104,212,49.1,4,1.8,+2.2,15,50,26,15,66,Matches
309,Abdallahi Mahmoud\Abdallahi-Mahmoud,mr MTN,MF,Alavés,21-015,2000,0.7,13,18,72.2,194,61,6,8,75.0,5,6,83.3,1,2,50.0,0,0.0,0.0,1,2,0,0,0,Matches
310,Nemanja Maksimović\Nemanja-Maksimovic,rs SRB,MF,Getafe,26-113,1995,29.4,547,716,76.4,9379,2009,229,275,83.3,206,267,77.2,64,106,60.4,0,1.1,-1.1,19,39,17,7,49,Matches
311,Filip Malbašić\Filip-Malbasic,rs SRB,FWMF,Cádiz,28-182,1992,9.4,96,173,55.5,1619,454,45,66,68.2,40,61,65.6,8,24,33.3,1,0.0,+1.0,1,9,4,2,14,Matches
312,Hugo Mallo\Hugo-Mallo,es ESP,DF,Celta Vigo,29-331,1991,28.9,1339,1741,76.9,23283,9748,656,741,88.5,537,680,79.0,128,261,49.0,1,2.3,-1.3,15,79,27,10,128,Matches
313,Mickael Malsa\Mickael-Malsa,mq MTQ,MF,Levante,25-219,1995,25.1,1095,1281,85.5,21428,5651,434,471,92.1,483,547,88.3,166,235,70.6,0,0.4,-0.4,10,99,8,1,104,Matches
314,Aïssa Mandi\Aissa-Mandi,dz ALG,DF,Betis,29-209,1991,26.6,1378,1496,92.1,31221,10170,361,384,94.0,690,726,95.0,317,368,86.1,1,0.1,+0.9,3,48,2,0,55,Matches
315,Eliaquim Mangala\Eliaquim-Mangala,fr FRA,DF,Valencia,30-095,1991,3.5,73,105,69.5,1378,452,27,34,79.4,38,46,82.6,7,19,36.8,0,0.0,0.0,0,3,0,0,2,Matches
316,Maranhão\Maranhao,br BRA,FW,Valladolid,24-211,1996,12.4,123,196,62.8,1949,361,69,96,71.9,37,64,57.8,11,18,61.1,0,0.1,-0.1,4,8,0,0,10,Matches
317,Marcelo\Marcelo,br BRA,DF,Real Madrid,33-007,1988,11.4,696,857,81.2,11685,3977,378,420,90.0,238,274,86.9,65,130,50.0,2,1.2,+0.8,16,73,24,9,78,Matches
318,Iván Marcone\Ivan-Marcone,ar ARG,MF,Elche,30-350,1990,29.1,1313,1514,86.7,26749,6458,455,515,88.3,613,666,92.0,221,285,77.5,0,0.6,-0.6,12,102,6,2,96,Matches
319,Óscar de Marcos\Oscar-de-Marcos,es ESP,DFMF,Athletic Club,32-035,1989,16.8,572,752,76.1,10145,3629,287,342,83.9,216,277,78.0,67,106,63.2,2,1.8,+0.2,12,37,15,6,46,Matches
320,José Mari\Jose-Mari,es ESP,MF,Cádiz,33-164,1987,15.1,318,446,71.3,6850,1718,123,152,80.9,121,152,79.6,70,128,54.7,0,0.4,-0.4,5,33,3,0,24,Matches
321,José María Giménez\Jose-Maria-Gimenez,uy URU,DF,Atlético Madrid,26-119,1995,18.6,934,1060,88.1,21289,6386,245,266,92.1,464,490,94.7,212,281,75.4,0,0.2,-0.2,3,47,1,0,49,Matches
322,Mariano\Mariano,do DOM,FW,Real Madrid,27-291,1993,5.4,75,98,76.5,1032,152,46,55,83.6,20,24,83.3,5,10,50.0,0,0.2,-0.2,2,3,3,0,6,Matches
323,Adrián Marín\Adrian-Marin,es ESP,DFMF,Alavés,24-130,1997,1.0,40,54,74.1,805,411,15,19,78.9,20,20,100.0,5,13,38.5,0,0.5,-0.5,2,3,1,0,10,Matches
324,Adrián Marín\Adrian-Marin,es ESP,DFFW,Granada,24-130,1997,2.8,79,112,70.5,1657,939,30,32,93.8,34,51,66.7,14,27,51.9,1,0.1,+0.9,1,10,2,1,15,Matches
325,Roger Martí\Roger-Marti,es ESP,FW,Levante,30-136,1991,23.4,346,506,68.4,5350,1133,198,252,78.6,104,158,65.8,27,48,56.3,3,2.0,+1.0,15,28,13,0,40,Matches
326,Aarón Martín\Aaron-Martin,es ESP,DF,Celta Vigo,24-027,1997,16.1,651,808,80.6,11022,3567,320,348,92.0,264,319,82.8,52,108,48.1,3,1.2,+1.8,7,29,9,4,41,Matches
327,Álex Martín\Alex-Martin,es ESP,DF,Cádiz,23-114,1998,1.1,28,38,73.7,626,252,7,8,87.5,16,16,100.0,5,13,38.5,0,0.0,0.0,0,2,0,0,4,Matches
328,Iñigo Martínez\Inigo-Martinez,es ESP,DF,Athletic Club,30-002,1991,28.0,1193,1427,83.6,28689,9735,258,283,91.2,636,688,92.4,291,431,67.5,0,0.6,-0.6,5,112,4,0,89,Matches
329,Javi Martínez\Javi-Martinez,es ESP,MFFW,Osasuna,21-148,1999,5.0,104,152,68.4,1843,423,57,74,77.0,31,50,62.0,13,20,65.0,1,0.5,+0.5,6,8,3,1,11,Matches
330,Marvin\Marvin,es ESP,DFFW,Real Madrid,20-320,2000,1.5,69,81,85.2,1078,318,39,42,92.9,25,28,89.3,4,9,44.4,1,0.2,+0.8,2,3,1,0,9,Matches
331,Jordi Masip\Jordi-Masip,es ESP,GK,Valladolid,32-136,1989,24.0,395,764,51.7,15388,11314,40,41,97.6,146,146,100.0,208,576,36.1,0,0.0,0.0,0,15,0,0,0,Matches
332,Jaime Mata\Jaime-Mata,es ESP,FW,Getafe,32-207,1988,22.5,394,596,66.1,5322,1097,249,332,75.0,99,149,66.4,24,53,45.3,0,1.2,-1.2,14,19,10,3,30,Matches
333,Borja Mayoral\Borja-Mayoral,es ESP,FW,Real Madrid,24-044,1997,0.3,3,5,60.0,55,0,1,1,100.0,2,3,66.7,0,1,0.0,0,0.0,0.0,0,0,0,0,0,Matches
334,Gonzalo Melero\Gonzalo-Melero,es ESP,MFFW,Levante,27-137,1994,19.6,867,976,88.8,14638,3527,423,465,91.0,350,377,92.8,75,97,77.3,1,1.7,-0.7,19,80,11,1,81,Matches
335,Brais Méndez\Brais-Mendez,es ESP,MFFW,Celta Vigo,24-132,1997,28.7,893,1138,78.5,14085,3914,493,570,86.5,295,370,79.7,73,121,60.3,0,2.0,-2.0,18,63,33,5,97,Matches
336,Édgar Méndez\Edgar-Mendez,es ESP,MFFW,Alavés,31-137,1990,22.4,274,477,57.4,4979,1515,134,187,71.7,95,165,57.6,38,86,44.2,1,1.1,-0.1,18,12,17,10,27,Matches
337,Eñaut Mendía\Enaut-Mendia,es ESP,FW,Eibar,21-328,1999,0.7,5,11,45.5,100,34,2,4,50.0,3,5,60.0,0,1,0.0,0,0.0,0.0,0,0,0,0,0,Matches
338,Ferland Mendy\Ferland-Mendy,fr FRA,DF,Real Madrid,25-345,1995,24.5,1324,1475,89.8,21550,6077,718,756,95.0,476,523,91.0,109,148,73.6,0,1.7,-1.7,20,52,26,6,77,Matches
339,Mikel Merino\Mikel-Merino,es ESP,MF,Real Sociedad,24-331,1996,23.9,922,1210,76.2,16605,5367,410,506,81.0,366,443,82.6,113,194,58.2,4,2.1,+1.9,21,140,32,1,140,Matches
340,Martín Merquelanz\Martin-Merquelanz,es ESP,FWMF,Real Sociedad,25-341,1995,6.1,173,256,67.6,3112,760,82,98,83.7,64,88,72.7,22,49,44.9,1,1.8,-0.8,10,8,5,0,13,Matches
341,Roque Mesa\Roque-Mesa,es ESP,MF,Valladolid,31-346,1989,18.9,719,911,78.9,13933,3731,298,324,92.0,303,361,83.9,102,184,55.4,0,1.1,-1.1,15,97,16,3,86,Matches
342,Lionel Messi\Lionel-Messi,ar ARG,FWMF,Barcelona,33-329,1987,33.6,1990,2418,82.3,32120,10445,1135,1265,89.7,636,740,85.9,180,311,57.9,9,10.8,-1.8,77,259,145,11,317,Matches
343,Omenuke Mfulu\Omenuke-Mfulu,cd COD,MF,Elche,27-060,1994,7.9,277,312,88.8,5176,863,111,122,91.0,128,134,95.5,33,42,78.6,0,0.0,0.0,1,13,0,0,15,Matches
344,Míchel\Michel,es ESP,MF,Valladolid,32-294,1988,10.2,501,632,79.3,9745,2467,196,222,88.3,216,246,87.8,79,145,54.5,0,0.8,-0.8,12,34,4,1,37,Matches
345,Éder Militão\Eder-Militao,br BRA,DF,Real Madrid,23-121,1998,11.6,631,697,90.5,14316,4020,176,188,93.6,313,325,96.3,138,176,78.4,0,0.0,0.0,0,27,1,1,23,Matches
346,Luis Milla\Luis-Milla,es ESP,MF,Granada,26-224,1994,13.9,416,535,77.8,8696,2524,152,168,90.5,179,210,85.2,77,137,56.2,1,2.1,-1.1,20,38,13,1,40,Matches
347,Pere Milla\Pere-Milla,es ESP,FWMF,Elche,28-238,1992,21.0,401,546,73.4,5962,1093,247,301,82.1,113,151,74.8,28,53,52.8,2,1.3,+0.7,12,25,6,0,26,Matches
348,Alejandro Millán\Alejandro-Millan,es ESP,FW,Villarreal,21-193,1999,0.0,0,1,0.0,0,0,0,0,,0,1,0.0,0,0,,0,0.0,0.0,0,0,0,0,0,Matches
349,Santi Mina\Santi-Mina,es ESP,FW,Celta Vigo,25-163,1995,25.8,437,594,73.6,5887,1072,279,352,79.3,94,140,67.1,27,42,64.3,3,1.4,+1.6,11,18,5,1,27,Matches
350,Óscar Mingueza\Oscar-Mingueza,es ESP,DF,Barcelona,22-006,1999,20.6,1499,1632,91.9,25340,7300,703,736,95.5,669,708,94.5,104,148,70.3,2,1.0,+1.0,8,114,12,2,57,Matches
351,Rafa Mir\Rafa-Mir,es ESP,FW,Huesca,23-335,1997,31.0,277,462,60.0,4514,1132,148,208,71.2,93,162,57.4,22,48,45.8,1,1.8,-0.8,11,20,7,1,33,Matches
352,Jorge Miramón\Jorge-Miramon,es ESP,DF,Levante,31-351,1989,19.2,824,1053,78.3,15676,6693,351,398,88.2,363,425,85.4,103,194,53.1,3,1.3,+1.7,14,52,31,15,85,Matches
353,Juan Miranda\Juan-Miranda,es ESP,DF,Betis,21-120,2000,17.9,696,923,75.4,11856,5267,354,394,89.8,261,345,75.7,66,148,44.6,2,1.3,+0.7,13,58,16,9,57,Matches
354,Luka Modrić\Luka-Modric,hr CRO,MF,Real Madrid,35-252,1985,29.4,1935,2222,87.1,36939,10420,902,983,91.8,694,776,89.4,311,393,79.1,3,4.0,-1.0,46,218,60,7,208,Matches
355,Johan Mojica\Johan-Mojica,co COL,DF,Elche,28-271,1992,13.2,512,696,73.6,9527,4782,225,259,86.9,211,262,80.5,68,147,46.3,0,0.4,-0.4,9,30,12,9,43,Matches
356,Guillem Molina\Guillem-Molina,es ESP,DF,Valencia,21-016,2000,1.7,56,70,80.0,1012,301,22,26,84.6,32,38,84.2,2,4,50.0,0,0.0,0.0,0,0,0,0,1,Matches
357,Jorge Molina\Jorge-Molina,es ESP,FWMF,Granada,39-027,1982,17.2,284,451,63.0,4304,1212,172,235,73.2,86,141,61.0,19,34,55.9,2,2.0,0.0,20,31,17,1,46,Matches
358,Victor Mollejo\Victor-Mollejo,es ESP,MFDF,Getafe,20-118,2001,0.8,24,34,70.6,322,75,16,18,88.9,7,13,53.8,1,1,100.0,0,0.1,-0.1,2,1,0,0,1,Matches
359,Jon Moncayola\Jon-Moncayola,es ESP,MF,Osasuna,23-006,1998,29.1,905,1106,81.8,19362,4551,310,357,86.8,411,479,85.8,174,242,71.9,0,1.2,-1.2,15,93,13,5,76,Matches
360,Nacho Monreal\Nacho-Monreal,es ESP,DF,Real Sociedad,35-082,1986,22.1,930,1152,80.7,15747,6160,460,513,89.7,386,451,85.6,70,140,50.0,1,1.2,-0.2,10,39,14,4,56,Matches
361,Ángel Montoro\Angel-Montoro,es ESP,MF,Granada,32-328,1988,15.1,518,745,69.5,12790,4186,163,200,81.5,209,259,80.7,141,255,55.3,1,1.6,-0.6,22,78,19,8,71,Matches
362,Martín Montoya\Martin-Montoya,es ESP,DF,Betis,30-035,1991,2.7,125,163,76.7,1984,606,72,81,88.9,39,54,72.2,11,19,57.9,0,0.3,-0.3,4,9,2,2,10,Matches
363,Emre Mor\Emre-Mor,tr TUR,FWMF,Celta Vigo,23-299,1997,5.6,95,124,76.6,1509,242,53,66,80.3,32,38,84.2,8,14,57.1,0,0.2,-0.2,2,5,3,1,5,Matches
364,Jon Morcillo\Jon-Morcillo,es ESP,MFFW,Athletic Club,22-246,1998,15.1,319,518,61.6,6129,2356,143,180,79.4,124,178,69.7,47,131,35.9,2,2.9,-0.9,25,20,18,9,45,Matches
365,Alberto Moreno\Alberto-Moreno,es ESP,DF,Villarreal,28-318,1992,2.1,84,100,84.0,1482,380,44,48,91.7,31,32,96.9,9,17,52.9,0,0.0,0.0,0,4,1,0,3,Matches
366,Álex Moreno\Alex-Moreno,es ESP,DF,Betis,27-345,1993,19.3,900,1150,78.3,14746,5328,465,515,90.3,349,427,81.7,66,155,42.6,2,2.1,-0.1,17,42,16,8,52,Matches
367,Gerard Moreno\Gerard-Moreno,es ESP,FWMF,Villarreal,29-042,1992,28.8,741,1078,68.7,14138,3430,326,427,76.3,281,389,72.2,120,186,64.5,6,7.1,-1.1,41,75,45,9,109,Matches
368,Tete Morente\Tete-Morente,es ESP,MFFW,Elche,24-166,1996,22.4,557,742,75.1,9323,2299,304,344,88.4,183,228,80.3,54,110,49.1,5,2.4,+2.6,15,26,21,12,37,Matches
369,Loren Morón\Loren-Moron,es ESP,FWMF,Betis,27-140,1993,10.9,135,191,70.7,2161,643,80,95,84.2,33,57,57.9,16,25,64.0,0,0.4,-0.4,6,14,4,1,21,Matches
370,Pedro Mosquera\Pedro-Mosquera,es ESP,MF,Huesca,33-028,1988,22.8,1040,1211,85.9,21105,5356,404,447,90.4,450,499,90.2,174,238,73.1,0,0.6,-0.6,14,95,10,1,91,Matches
371,Javi Moyano\Javi-Moyano,es ESP,DF,Valladolid,35-085,1986,1.1,28,41,68.3,585,248,10,15,66.7,14,16,87.5,4,9,44.4,0,0.0,0.0,0,1,0,0,4,Matches
372,Iker Muniain\Iker-Muniain,es ESP,MFFW,Athletic Club,28-151,1992,21.6,860,1051,81.8,14991,4461,431,475,90.7,306,371,82.5,105,164,64.0,3,3.0,0.0,36,93,42,4,117,Matches
373,Aihen Muñoz\Aihen-Munoz,es ESP,DF,Real Sociedad,23-276,1997,13.4,510,748,68.2,10133,4237,188,220,85.5,243,324,75.0,73,173,42.2,1,0.6,+0.4,7,36,12,7,40,Matches
374,Joaquín Muñoz\Joaquin-Munoz,es ESP,FW,Huesca,22-070,1999,0.5,12,19,63.2,146,33,8,13,61.5,4,5,80.0,0,0,,0,0.0,0.0,1,1,0,0,0,Matches
375,Jeison Murillo\Jeison-Murillo,co COL,DF,Celta Vigo,28-357,1992,30.0,1427,1586,90.0,33639,8095,269,294,91.5,817,871,93.8,332,406,81.8,0,0.2,-0.2,2,49,2,0,43,Matches
376,Yunus Musah\Yunus-Musah,us USA,MF,Valencia,18-171,2002,16.9,330,441,74.8,5178,872,185,220,84.1,113,152,74.3,21,40,52.5,0,0.8,-0.8,9,10,13,3,17,Matches
377,Yoshinori Mutō\Yoshinori-Muto,jp JPN,FWMF,Eibar,28-308,1992,12.5,163,241,67.6,2121,481,104,137,75.9,47,68,69.1,5,12,41.7,1,1.1,-0.1,11,9,3,0,14,Matches
378,Nacho\Nacho,es ESP,DF,Real Madrid,31-121,1990,22.0,1110,1223,90.8,21806,7154,421,447,94.2,511,537,95.2,165,215,76.7,0,0.4,-0.4,4,70,4,1,54,Matches
379,Nacho\Nacho,es ESP,DF,Valladolid,32-073,1989,20.1,760,1053,72.2,14932,6919,304,343,88.6,349,431,81.0,97,231,42.0,1,1.6,-0.6,23,65,18,8,70,Matches
380,Nano\Nano,es ESP,FWMF,Cádiz,26-103,1995,0.1,1,3,33.3,21,3,0,2,0.0,1,1,100.0,0,0,,0,0.0,0.0,0,0,0,0,0,Matches
381,Roberto Navarro\Roberto-Navarro,es ESP,MF,Real Sociedad,19-037,2002,0.4,17,22,77.3,283,83,10,10,100.0,5,6,83.3,2,5,40.0,0,0.0,0.0,1,1,0,0,3,Matches
382,Ximo Navarro\Ximo-Navarro,es ESP,DF,Alavés,31-116,1990,25.4,788,1026,76.8,15540,6157,276,334,82.6,379,465,81.5,118,189,62.4,1,0.9,+0.1,9,48,10,6,56,Matches
383,Jesús Navas\Jesus-Navas,es ESP,DF,Sevilla,35-179,1985,31.4,1676,2102,79.7,30805,9475,765,837,91.4,667,802,83.2,218,373,58.4,6,5.3,+0.7,63,84,84,40,147,Matches
384,Raúl Navas\Raul-Navas,es ESP,DF,Osasuna,33-008,1988,1.9,45,58,77.6,1119,454,14,16,87.5,16,18,88.9,14,23,60.9,0,0.0,0.0,1,3,0,0,5,Matches
385,Álvaro Negredo\Alvaro-Negredo,es ESP,FW,Cádiz,35-272,1985,23.6,320,554,57.8,5320,1163,180,267,67.4,84,157,53.5,41,85,48.2,4,3.6,+0.4,18,36,14,0,34,Matches
386,Neto\Neto,br BRA,GK,Barcelona,31-304,1989,6.0,170,191,89.0,3838,2097,45,45,100.0,84,85,98.8,39,58,67.2,0,0.0,0.0,0,1,0,0,0,Matches
387,Carlos Neva\Carlos-Neva,es ESP,DF,Granada,24-341,1996,20.0,442,621,71.2,7941,3516,190,210,90.5,206,277,74.4,40,90,44.4,0,0.1,-0.1,5,27,6,5,22,Matches
388,Mamor Niang\Mamor-Niang,sn SEN,FWMF,Getafe,19-104,2002,0.2,4,5,80.0,36,1,4,4,100.0,0,0,,0,0,,0,0.0,0.0,0,0,0,0,0,Matches
389,Nieto\Nieto,es ESP,FWMF,Cádiz,23-051,1998,0.2,5,6,83.3,75,14,2,2,100.0,1,1,100.0,1,1,100.0,0,0.0,0.0,0,0,0,0,0,Matches
390,Saúl Ñíguez\Saul-Niguez,es ESP,MFDF,Atlético Madrid,26-179,1994,21.9,963,1148,83.9,15367,3869,506,568,89.1,358,427,83.8,69,98,70.4,1,1.9,-0.9,23,66,24,4,70,Matches
391,Nino\Nino,es ESP,FWMF,Elche,40-343,1980,3.1,106,122,86.9,1681,236,63,68,92.6,31,35,88.6,10,15,66.7,0,0.8,-0.8,2,8,1,0,6,Matches
392,Fernando Niño\Fernando-Nino,es ESP,FW,Villarreal,20-207,2000,6.6,99,131,75.6,1476,192,52,64,81.3,31,37,83.8,7,10,70.0,0,0.2,-0.2,4,4,4,0,6,Matches
393,Nolito\Nolito,es ESP,MFFW,Celta Vigo,34-216,1986,28.2,723,985,73.4,13110,4266,334,399,83.7,281,363,77.4,96,177,54.2,5,5.8,-0.8,34,59,40,3,118,Matches
394,Unai Núñez\Unai-Nunez,es ESP,DF,Athletic Club,24-109,1997,22.4,939,1104,85.1,23839,7372,182,200,91.0,479,523,91.6,274,370,74.1,1,0.7,+0.3,5,61,2,0,52,Matches
395,Kelechi Nwakali\Kelechi-Nwakali,ng NGA,MFFW,Huesca,22-348,1998,1.6,70,81,86.4,1403,321,27,29,93.1,35,38,92.1,8,13,61.5,0,0.0,0.0,1,4,0,0,7,Matches
396,Allan Nyom\Allan-Nyom,cm CMR,MFDF,Getafe,33-009,1988,24.8,550,851,64.6,10440,4490,254,316,80.4,214,302,70.9,77,197,39.1,2,2.1,-0.1,19,57,27,19,53,Matches
397,Jan Oblak\Jan-Oblak,si SVN,GK,Atlético Madrid,28-132,1993,37.0,631,975,64.7,23200,15247,70,70,100.0,212,216,98.1,347,686,50.6,0,0.0,0.0,0,12,0,0,0,Matches
398,Lucas Ocampos\Lucas-Ocampos,ar ARG,FW,Sevilla,26-312,1994,28.6,750,978,76.7,12104,3045,395,467,84.6,273,339,80.5,57,101,56.4,4,3.6,+0.4,30,39,25,8,65,Matches
399,Álvaro Odriozola\Alvaro-Odriozola,es ESP,DF,Real Madrid,25-156,1995,8.5,366,425,86.1,6025,1631,188,201,93.5,149,174,85.6,24,36,66.7,0,0.6,-0.6,8,9,11,7,15,Matches
400,Shinji Okazaki\Shinji-Okazaki,jp JPN,FW,Huesca,35-033,1986,12.5,130,171,76.0,1774,316,77,95,81.1,41,54,75.9,4,6,66.7,1,0.3,+0.7,7,9,2,0,9,Matches
401,Lucas Olaza\Lucas-Olaza,uy URU,DF,Celta Vigo,26-302,1994,17.9,774,1003,77.2,13939,5050,336,386,87.0,351,412,85.2,80,172,46.5,2,2.2,-0.2,14,38,16,7,50,Matches
402,Lucas Olaza\Lucas-Olaza,uy URU,DF,Valladolid,26-302,1994,13.0,458,628,72.9,8530,4203,191,213,89.7,207,259,79.9,55,135,40.7,1,0.9,+0.1,13,25,13,6,39,Matches
403,Christian Oliva\Christian-Oliva,uy URU,MF,Valencia,24-352,1996,2.2,84,103,81.6,1522,307,37,42,88.1,32,35,91.4,11,18,61.1,2,0.2,+1.8,2,5,1,0,5,Matches
404,Kiko Olivas\Kiko-Olivas,es ESP,DFMF,Valladolid,32-271,1988,1.0,51,56,91.1,927,349,24,26,92.3,21,22,95.5,6,6,100.0,0,0.0,0.0,0,1,0,0,3,Matches
405,Paulo Oliveira\Paulo-Oliveira,pt POR,DF,Eibar,29-131,1992,28.5,782,1107,70.6,19741,6415,166,199,83.4,375,462,81.2,237,430,55.1,1,0.1,+0.9,1,82,7,0,66,Matches
406,Mathías Olivera\Mathias-Olivera,uy URU,DF,Getafe,23-200,1997,29.0,790,1129,70.0,13517,6313,383,454,84.4,310,433,71.6,81,175,46.3,0,1.7,-1.7,20,61,21,14,81,Matches
407,Javier Ontiveros\Javier-Ontiveros,es ESP,FWMF,Huesca,23-252,1997,10.2,364,471,77.3,6325,2036,191,219,87.2,120,156,76.9,44,78,56.4,1,1.6,-0.6,17,34,13,3,39,Matches
408,Fabián Orellana\Fabian-Orellana,cl CHI,MFFW,Valladolid,35-112,1986,23.8,593,818,72.5,11226,2923,285,340,83.8,201,260,77.3,94,163,57.7,2,4.0,-2.0,30,44,29,11,65,Matches
409,Mikel Oyarzabal\Mikel-Oyarzabal,es ESP,FWMF,Real Sociedad,24-028,1997,25.9,677,965,70.2,12066,3436,346,421,82.2,224,292,76.7,86,189,45.5,8,5.9,+2.1,49,38,40,5,80,Matches
410,Fernando Pacheco\Fernando-Pacheco,es ESP,GK,Alavés,29-001,1992,37.0,746,1070,69.7,28072,19594,121,122,99.2,222,226,98.2,396,715,55.4,0,0.0,0.0,0,21,0,0,0,Matches
411,Jon Pacheco\Jon-Pacheco,es ESP,DF,Real Sociedad,20-131,2001,0.4,47,51,92.2,870,213,16,16,100.0,28,28,100.0,3,6,50.0,0,0.0,0.0,0,7,0,0,4,Matches
412,Helibelton Palacios\Helibelton-Palacios,co COL,DF,Elche,27-344,1993,8.1,234,318,73.6,4310,2058,99,108,91.7,102,126,81.0,29,72,40.3,0,0.1,-0.1,3,16,5,5,14,Matches
413,Ante Palaversa\Ante-Palaversa,hr CRO,MFFW,Getafe,21-043,2000,0.1,8,11,72.7,156,81,3,3,100.0,3,5,60.0,2,3,66.7,0,0.1,-0.1,2,0,0,0,0,Matches
414,Daniel Parejo\Daniel-Parejo,es ESP,MF,Villarreal,32-033,1989,33.6,2383,2695,88.4,47463,14672,972,1053,92.3,999,1066,93.7,392,522,75.1,5,5.3,-0.3,44,267,50,8,256,Matches
415,Thomas Partey\Thomas-Partey,gh GHA,MF,Atlético Madrid,27-340,1993,2.2,196,220,89.1,4215,1118,66,72,91.7,93,103,90.3,34,41,82.9,0,0.0,0.0,0,26,4,0,34,Matches
416,Gabriel Paulista\Gabriel-Paulista,br BRA,DF,Valencia,30-174,1990,29.2,1301,1467,88.7,30073,10616,297,319,93.1,721,761,94.7,267,359,74.4,1,0.1,+0.9,5,87,4,0,96,Matches
417,Alfonso Pedraza\Alfonso-Pedraza,es ESP,DF,Villarreal,25-040,1996,22.3,924,1165,79.3,15413,4501,457,522,87.5,399,472,84.5,56,109,51.4,2,4.6,-2.6,26,26,33,19,62,Matches
418,Pedri\Pedri,es ESP,MF,Barcelona,18-175,2002,26.8,1514,1729,87.6,25928,4418,733,803,91.3,579,642,90.2,156,197,79.2,3,4.7,-1.7,40,118,39,1,126,Matches
419,Facundo Pellistri\Facundo-Pellistri,uy URU,MF,Alavés,19-150,2001,5.3,68,102,66.7,1004,220,41,59,69.5,21,30,70.0,4,5,80.0,0,0.1,-0.1,2,5,3,0,5,Matches
420,Rubén Peña\Ruben-Pena,es ESP,DF,Villarreal,29-305,1991,12.1,444,580,76.6,7625,2691,210,243,86.4,192,242,79.3,34,74,45.9,1,0.4,+0.6,6,23,10,6,31,Matches
421,Pepe\Pepe,es ESP,DF,Granada,21-078,2000,1.8,35,55,63.6,651,271,13,14,92.9,17,27,63.0,4,12,33.3,0,0.0,0.0,0,0,0,0,2,Matches
422,Alberto Perea\Alberto-Perea,es ESP,MF,Cádiz,30-151,1990,16.4,379,509,74.5,6520,2215,201,234,85.9,115,143,80.4,49,96,51.0,2,2.0,0.0,13,38,11,4,58,Matches
423,Iñigo Pérez\Inigo-Perez,es ESP,MFDF,Osasuna,33-121,1988,14.1,442,629,70.3,8245,3696,198,242,81.8,182,242,75.2,54,114,47.4,0,0.6,-0.6,10,51,6,3,54,Matches
424,Juan Pérez\Juan-Perez,es ESP,GK,Osasuna,24-308,1996,2.0,24,49,49.0,976,683,3,3,100.0,9,9,100.0,12,37,32.4,0,0.0,0.0,0,1,0,0,0,Matches
425,Kike Pérez\Kike-Perez,es ESP,MF,Valladolid,24-094,1997,12.8,431,533,80.9,7696,1824,216,249,86.7,146,171,85.4,56,81,69.1,0,1.0,-1.0,14,41,11,1,43,Matches
426,Lucas Pérez\Lucas-Perez,es ESP,FW,Alavés,32-251,1988,19.4,412,666,61.9,8872,3305,157,207,75.8,153,204,75.0,94,218,43.1,4,4.7,-0.7,51,45,19,7,57,Matches
427,Luis Pérez\Luis-Perez,es ESP,DF,Valladolid,26-104,1995,14.4,434,625,69.4,7564,3493,207,239,86.6,178,250,71.2,41,104,39.4,0,0.4,-0.4,7,27,6,6,37,Matches
428,Nehuén Pérez\Nehuen-Perez,ar ARG,DF,Granada,20-329,2000,8.2,150,192,78.1,3614,1004,34,41,82.9,77,86,89.5,39,64,60.9,0,0.0,0.0,0,8,0,0,6,Matches
429,Pablo Piatti\Pablo-Piatti,ar ARG,MFFW,Elche,32-049,1989,3.3,78,110,70.9,1340,297,39,47,83.0,29,38,76.3,8,18,44.4,0,0.3,-0.3,2,7,4,3,5,Matches
430,Cristiano Piccini\Cristiano-Piccini,it ITA,DF,Valencia,28-235,1992,0.7,23,31,74.2,529,200,8,10,80.0,9,10,90.0,6,10,60.0,0,0.0,0.0,0,0,0,0,0,Matches
431,Tomás Pina Isla\Tomas-Pina-Isla,es ESP,MF,Alavés,33-217,1987,27.6,745,896,83.1,13196,3771,335,393,85.2,322,366,88.0,74,103,71.8,1,0.6,+0.4,6,79,6,1,83,Matches
432,Yeremi Pino\Yeremi-Pino,es ESP,FWMF,Villarreal,18-211,2002,8.0,224,285,78.6,3478,803,129,149,86.6,69,89,77.5,19,26,73.1,1,0.9,+0.1,8,12,11,1,26,Matches
433,Gerard Piqué\Gerard-Pique,es ESP,DF,Barcelona,34-106,1987,16.5,1173,1247,94.1,24743,6069,321,340,94.4,666,690,96.5,173,197,87.8,0,0.5,-0.5,2,82,1,0,35,Matches
434,Miralem Pjanić\Miralem-Pjanic,ba BIH,MF,Barcelona,31-047,1990,6.8,681,747,91.2,11158,2841,330,346,95.4,294,313,93.9,43,61,70.5,0,0.9,-0.9,12,55,16,0,59,Matches
435,Óscar Plano\Oscar-Plano,es ESP,MFFW,Valladolid,30-097,1991,27.0,606,821,73.8,9752,2699,318,396,80.3,220,278,79.1,47,98,48.0,5,1.6,+3.4,20,65,16,6,62,Matches
436,Dani Plomer\Dani-Plomer,es ESP,FW,Granada,22-170,1998,0.5,3,3,100.0,43,0,2,2,100.0,1,1,100.0,0,0,,0,0.0,0.0,0,0,0,0,0,Matches
437,Jorge Pombo\Jorge-Pombo,es ESP,FWMF,Cádiz,27-086,1994,5.6,134,175,76.6,2582,660,62,69,89.9,50,61,82.0,21,43,48.8,0,0.4,-0.4,7,12,6,0,17,Matches
438,Pere Pons\Pere-Pons,es ESP,MF,Alavés,28-088,1993,12.4,271,353,76.8,4272,1038,150,172,87.2,88,112,78.6,24,48,50.0,0,1.5,-1.5,10,18,6,3,21,Matches
439,Francisco Portillo\Francisco-Portillo,es ESP,MFFW,Getafe,30-340,1990,4.6,204,274,74.5,3265,1127,112,128,87.5,71,91,78.0,17,32,53.1,1,0.5,+0.5,5,27,7,2,28,Matches
440,Portu\Portu,es ESP,FWMF,Real Sociedad,28-363,1992,23.4,373,552,67.6,5407,1334,216,281,76.9,127,177,71.8,14,46,30.4,3,4.9,-1.9,28,10,18,4,31,Matches
441,Sergio Postigo\Sergio-Postigo,es ESP,DF,Levante,32-196,1988,18.0,705,825,85.5,16002,6280,178,187,95.2,361,387,93.3,161,240,67.1,0,0.0,0.0,1,58,2,0,53,Matches
442,Darío Poveda\Dario-Poveda,es ESP,FW,Getafe,24-067,1997,0.1,2,5,40.0,31,3,1,1,100.0,1,3,33.3,0,0,,0,0.0,0.0,0,0,0,0,0,Matches
443,Alejandro Pozo Pozo\Alejandro-Pozo-Pozo,es ESP,DFMF,Eibar,22-086,1999,24.2,817,1130,72.3,15455,6478,371,424,87.5,316,394,80.2,117,265,44.2,0,0.8,-0.8,9,88,23,9,85,Matches
444,Antonio Puertas\Antonio-Puertas,es ESP,FWMF,Granada,29-087,1992,23.1,423,637,66.4,6593,1685,243,307,79.2,136,201,67.7,32,77,41.6,5,1.9,+3.1,16,29,17,3,49,Matches
445,Riqui Puig\Riqui-Puig,es ESP,MF,Barcelona,21-279,1999,2.8,286,313,91.4,4848,909,157,169,92.9,90,97,92.8,34,41,82.9,0,0.1,-0.1,3,24,4,0,20,Matches
446,Jorge Pulido\Jorge-Pulido,es ESP,DF,Huesca,30-041,1991,31.1,1334,1582,84.3,30142,8704,314,349,90.0,746,813,91.8,266,394,67.5,0,0.5,-0.5,5,80,7,0,68,Matches
447,Domingos Quina\Domingos-Quina,pt POR,MF,Granada,21-182,1999,3.8,73,96,76.0,1235,204,41,49,83.7,20,29,69.0,10,11,90.9,0,0.1,-0.1,5,5,2,0,7,Matches
448,Quini\Quini,es ESP,DF,Granada,31-237,1989,13.2,361,509,70.9,6234,2386,179,217,82.5,145,189,76.7,31,78,39.7,0,0.3,-0.3,4,25,7,4,21,Matches
449,Quique\Quique,es ESP,FWMF,Eibar,31-003,1990,1.7,32,46,69.6,498,65,21,28,75.0,8,12,66.7,3,4,75.0,0,0.0,0.0,0,2,1,0,2,Matches
450,Dani Raba\Dani-Raba,es ESP,MF,Villarreal,25-202,1995,1.6,62,78,79.5,1163,254,27,31,87.1,20,25,80.0,12,19,63.2,0,0.1,-0.1,2,3,3,1,7,Matches
451,Uroš Račić\Uros-Racic,rs SRB,MF,Valencia,23-063,1998,23.3,844,1049,80.5,18023,3792,291,363,80.2,375,438,85.6,167,217,77.0,1,0.4,+0.6,8,103,8,1,83,Matches
452,Nemanja Radoja\Nemanja-Radoja,rs SRB,MF,Levante,28-102,1993,12.5,603,683,88.3,11543,2491,245,273,89.7,263,286,92.0,85,109,78.0,2,0.3,+1.7,3,43,8,2,52,Matches
453,Ivan Rakitić\Ivan-Rakitic,hr CRO,MF,Sevilla,33-070,1988,24.4,1462,1667,87.7,28794,6722,618,663,93.2,598,662,90.3,218,294,74.1,2,1.3,+0.7,21,154,11,1,115,Matches
454,Jonás Ramalho\Jonas-Ramalho,es ESP,DF,Osasuna,27-343,1993,3.0,89,120,74.2,1677,851,38,43,88.4,42,54,77.8,8,21,38.1,0,0.0,0.0,1,9,3,1,8,Matches
455,Sandro Ramírez\Sandro-Ramirez,es ESP,FWMF,Huesca,25-314,1995,13.3,226,301,75.1,3984,757,109,134,81.3,76,101,75.2,29,38,76.3,1,0.4,+0.6,9,12,6,3,18,Matches
456,Sergio Ramos\Sergio-Ramos,es ESP,DF,Real Madrid,35-050,1986,14.2,1023,1114,91.8,23732,7702,279,299,93.3,489,513,95.3,250,285,87.7,0,0.2,-0.2,4,106,2,1,61,Matches
457,Recio\Recio,es ESP,MF,Eibar,30-128,1991,8.2,343,430,79.8,6288,1581,161,181,89.0,126,150,84.0,49,82,59.8,0,0.7,-0.7,13,30,6,3,24,Matches
458,Francisco Reis Ferreira\Francisco-Reis-Ferreira,pt POR,DF,Valencia,24-054,1997,2.0,67,76,88.2,1613,554,16,16,100.0,35,39,89.7,16,19,84.2,0,0.0,0.0,0,3,0,0,4,Matches
459,Karim Rekik\Karim-Rekik,nl NED,DF,Sevilla,26-168,1994,6.3,363,417,87.1,6222,2035,165,179,92.2,176,197,89.3,21,39,53.8,0,0.1,-0.1,3,19,4,1,19,Matches
460,Álex Remiro\Alex-Remiro,es ESP,GK,Real Sociedad,26-056,1995,37.0,838,1174,71.4,25808,16132,142,145,97.9,371,377,98.4,324,650,49.8,0,0.0,0.0,0,12,0,0,1,Matches
461,Oriol Rey\Oriol-Rey,es ESP,MF,Valladolid,23-083,1998,0.2,11,13,84.6,270,77,1,2,50.0,7,8,87.5,3,3,100.0,0,0.0,0.0,0,2,0,0,1,Matches
462,Ricard\Ricard,es ESP,DF,Atlético Madrid,21-086,2000,0.3,14,20,70.0,292,161,5,6,83.3,7,10,70.0,2,3,66.7,0,0.0,0.0,0,1,2,2,0,Matches
463,Mikel Rico\Mikel-Rico,es ESP,MF,Huesca,36-196,1984,23.5,682,874,78.0,13090,2861,293,344,85.2,280,328,85.4,101,162,62.3,4,1.5,+2.5,17,50,12,6,60,Matches
464,Emiliano Rigoni\Emiliano-Rigoni,ar ARG,MFFW,Elche,28-104,1993,12.7,303,408,74.3,4897,1031,160,185,86.5,106,120,88.3,25,81,30.9,1,1.9,-0.9,11,13,6,3,18,Matches
465,Luis Rioja\Luis-Rioja,es ESP,MFDF,Alavés,27-215,1993,23.0,431,643,67.0,7034,2152,226,276,81.9,151,225,67.1,39,89,43.8,2,3.0,-1.0,24,31,17,11,39,Matches
466,Rober\Rober,es ESP,DFMF,Levante,26-092,1995,14.8,655,781,83.9,14487,4700,209,225,92.9,301,334,90.1,138,200,69.0,1,0.7,+0.3,3,46,1,0,51,Matches
467,Roberto\Roberto,es ESP,GK,Valladolid,35-098,1986,13.0,200,411,48.7,8584,6225,14,14,100.0,65,65,100.0,121,332,36.4,0,0.0,0.0,0,3,0,0,0,Matches
468,Sergi Roberto\Sergi-Roberto,es ESP,DF,Barcelona,29-101,1992,10.5,800,887,90.2,12331,3382,436,467,93.4,307,330,93.0,42,56,75.0,2,2.0,0.0,13,53,18,2,44,Matches
469,Joel Robles\Joel-Robles,es ESP,GK,Betis,30-336,1990,18.0,355,565,62.8,11228,7383,80,81,98.8,132,134,98.5,142,349,40.7,0,0.0,0.0,1,6,0,0,1,Matches
470,Rubén Rochina\Ruben-Rochina,es ESP,MF,Levante,30-057,1991,15.6,600,832,72.1,13239,3835,225,266,84.6,220,276,79.7,141,258,54.7,1,2.1,-1.1,16,74,29,6,84,Matches
471,Rodrigo\Rodrigo,es ESP,FWMF,Betis,21-003,2000,5.3,203,239,84.9,3422,828,100,111,90.1,69,80,86.3,24,32,75.0,0,0.5,-0.5,6,13,9,1,20,Matches
472,Kévin Rodrigues\Kevin-Rodrigues,pt POR,DFMF,Eibar,27-075,1994,12.2,376,556,67.6,7164,2717,161,185,87.0,153,212,72.2,56,133,42.1,1,0.7,+0.3,12,36,12,5,46,Matches
473,Óscar Rodríguez Arnaiz\Oscar-Rodriguez-Arnaiz,es ESP,MFFW,Sevilla,22-325,1998,5.3,243,319,76.2,4482,1108,121,136,89.0,85,105,81.0,33,65,50.8,0,0.8,-0.8,7,17,9,2,18,Matches
474,Ángel Rodríguez\Angel-Rodriguez,es ESP,FWMF,Getafe,34-023,1987,15.3,212,318,66.7,3324,339,122,159,76.7,56,90,62.2,24,42,57.1,0,0.5,-0.5,6,10,7,1,10,Matches
475,Guido Rodríguez\Guido-Rodriguez,ar ARG,MF,Betis,27-037,1994,30.8,1380,1620,85.2,26661,6616,562,628,89.5,575,639,90.0,215,291,73.9,0,0.7,-0.7,10,114,8,1,91,Matches
476,Miguel Rodríguez\Miguel-Rodriguez,es ESP,FWMF,Celta Vigo,18-020,2003,0.3,11,16,68.8,218,39,7,9,77.8,2,3,66.7,2,2,100.0,0,0.0,0.0,0,0,0,0,1,Matches
477,Víctor Rodríguez\Victor-Rodriguez,es ESP,MF,Elche,31-300,1989,4.7,296,325,91.1,5417,1177,127,138,92.0,131,136,96.3,35,42,83.3,0,0.6,-0.6,4,26,2,0,21,Matches
478,Rodrygo\Rodrygo,br BRA,FW,Real Madrid,20-130,2001,10.5,329,405,81.2,4612,1193,210,234,89.7,99,118,83.9,13,26,50.0,5,2.9,+2.1,16,17,16,2,34,Matches
479,Facundo Roncaglia\Facundo-Roncaglia,ar ARG,DF,Osasuna,34-098,1987,13.7,390,560,69.6,8553,3760,132,159,83.0,179,234,76.5,76,146,52.1,1,0.1,+0.9,4,35,4,0,46,Matches
480,Rubén\Ruben,es ESP,GKMF,Osasuna,36-331,1984,2.1,40,61,65.6,2198,1912,3,3,100.0,4,4,100.0,33,54,61.1,0,0.0,0.0,0,3,0,0,0,Matches
481,Waldo Rubio\Waldo-Rubio,es ESP,FW,Valladolid,25-275,1995,4.2,82,121,67.8,1805,601,31,38,81.6,36,45,80.0,14,27,51.9,0,0.1,-0.1,1,14,3,1,10,Matches
482,Aitor Ruibal\Aitor-Ruibal,es ESP,FWMF,Betis,25-058,1996,17.2,421,557,75.6,6377,2133,238,281,84.7,143,181,79.0,28,48,58.3,2,2.4,-0.4,23,36,21,4,50,Matches
483,Isma Ruiz\Isma-Ruiz,es ESP,MF,Granada,20-094,2001,0.7,15,21,71.4,298,40,7,11,63.6,4,6,66.7,2,2,100.0,0,0.0,0.0,0,1,0,0,1,Matches
484,Víctor Ruiz\Victor-Ruiz,es ESP,DF,Betis,32-114,1989,23.0,1077,1222,88.1,22815,8121,329,353,93.2,545,581,93.8,191,269,71.0,0,0.1,-0.1,2,52,4,0,66,Matches
485,Gerónimo Rulli\Geronimo-Rulli,ar ARG,GK,Villarreal,28-364,1992,1.0,42,45,93.3,1171,604,5,5,100.0,23,23,100.0,14,17,82.4,0,0.0,0.0,0,0,0,0,0,Matches
486,Modibo Sagnan\Modibo-Sagnan,ml MLI,DF,Real Sociedad,22-035,1999,6.9,335,386,86.8,7549,1707,78,90,86.7,183,194,94.3,71,90,78.9,0,0.2,-0.2,2,15,2,0,14,Matches
487,Borja Sainz\Borja-Sainz,es ESP,MFFW,Alavés,20-107,2001,5.0,86,112,76.8,1432,330,44,52,84.6,28,37,75.7,11,16,68.8,0,0.4,-0.4,2,6,3,2,10,Matches
488,Salvi\Salvi,es ESP,MFFW,Cádiz,30-050,1991,21.5,327,580,56.4,5515,2157,180,229,78.6,110,183,60.1,33,119,27.7,0,1.2,-1.2,18,12,22,18,24,Matches
489,Fede San Emeterio\Fede-San-Emeterio,es ESP,MF,Valladolid,24-064,1997,15.3,392,503,77.9,6819,1728,187,223,83.9,153,184,83.2,41,74,55.4,0,0.1,-0.1,3,41,2,0,28,Matches
490,Antonio Sanabria\Antonio-Sanabria,py PAR,FW,Betis,25-076,1996,10.4,161,215,74.9,2228,347,97,120,80.8,42,63,66.7,10,13,76.9,0,0.3,-0.3,3,8,2,0,14,Matches
491,Oihan Sancet\Oihan-Sancet,es ESP,FWMF,Athletic Club,21-024,2000,10.9,247,335,73.7,4179,825,128,169,75.7,88,116,75.9,26,34,76.5,2,1.2,+0.8,11,19,8,1,28,Matches
492,Juan Sánchez Miño\Juan-Sanchez-Mino,ar ARG,DFMF,Elche,31-138,1990,5.5,241,286,84.3,4031,989,123,135,91.1,88,103,85.4,23,36,63.9,0,0.0,0.0,1,8,2,2,4,Matches
493,Germán Sánchez\German-Sanchez,es ESP,DF,Granada,34-200,1986,28.3,684,879,77.8,16280,5205,156,172,90.7,353,407,86.7,169,285,59.3,1,0.1,+0.9,1,34,4,0,41,Matches
494,Javi Sánchez\Javi-Sanchez,es ESP,DF,Valladolid,24-066,1997,10.2,295,356,82.9,7341,1809,53,65,81.5,164,178,92.1,74,109,67.9,0,0.1,-0.1,3,17,2,1,20,Matches
495,Manuel Sánchez\Manuel-Sanchez,es ESP,DF,Atlético Madrid,20-268,2000,0.5,24,31,77.4,406,108,12,14,85.7,11,14,78.6,1,2,50.0,1,0.3,+0.7,1,0,0,0,0,Matches
496,Manuel Sánchez\Manuel-Sanchez,es ESP,DF,Osasuna,20-268,2000,9.8,364,488,74.6,6429,2893,172,204,84.3,149,189,78.8,35,74,47.3,4,0.7,+3.3,11,40,14,8,46,Matches
497,Oier Sanjurjo\Oier-Sanjurjo,es ESP,MF,Osasuna,34-359,1986,22.2,549,807,68.0,9915,3424,241,312,77.2,219,305,71.8,70,145,48.3,2,1.8,+0.2,12,56,14,2,75,Matches
498,Ivan Šaponjić\Ivan-Saponjic,rs SRB,FW,Cádiz,23-290,1997,4.3,63,80,78.8,933,126,37,45,82.2,21,27,77.8,4,5,80.0,0,0.0,0.0,0,4,3,0,6,Matches
499,Stefan Savić\Stefan-Savic,me MNE,DF,Atlético Madrid,30-131,1991,32.8,1490,1727,86.3,31948,9406,458,496,92.3,732,790,92.7,280,401,69.8,0,0.2,-0.2,2,123,5,0,74,Matches
500,Jaime Seoane\Jaime-Seoane,es ESP,MF,Huesca,24-117,1997,22.0,641,834,76.9,12695,2442,257,309,83.2,234,275,85.1,123,192,64.1,1,1.2,-0.2,11,51,10,3,44,Matches
501,Edgar Sevikyan\Edgar-Sevikyan,ru RUS,MF,Levante,19-284,2001,0.1,3,5,60.0,35,3,2,3,66.7,1,1,100.0,0,1,0.0,0,0.0,0.0,0,0,0,0,0,Matches
502,Sidnei\Sidnei,br BRA,DF,Betis,31-269,1989,7.7,462,510,90.6,9771,2627,130,134,97.0,254,271,93.7,73,96,76.0,0,0.0,0.0,0,11,1,0,11,Matches
503,David Silva\David-Silva,es ESP,MF,Real Sociedad,35-131,1986,14.7,696,827,84.2,12274,3135,334,377,88.6,260,302,86.1,91,113,80.5,5,3.6,+1.4,27,75,49,1,96,Matches
504,Gastón Silva\Gaston-Silva,uy URU,DF,Huesca,27-075,1994,6.4,265,307,86.3,5700,1942,77,84,91.7,134,145,92.4,51,73,69.9,0,0.0,0.0,1,24,1,0,24,Matches
505,Rui Silva\Rui-Silva,pt POR,GK,Granada,27-101,1994,32.0,591,1075,55.0,23837,17571,70,70,100.0,197,201,98.0,321,800,40.1,0,0.0,0.0,1,31,1,0,0,Matches
506,Unai Simón\Unai-Simon,es ESP,GK,Athletic Club,23-342,1997,37.0,750,1063,70.6,25811,17983,107,107,100.0,293,297,98.7,344,653,52.7,0,0.1,-0.1,1,16,1,0,2,Matches
507,Dimitris Siovas\Dimitris-Siovas,gr GRE,DF,Huesca,32-245,1988,33.1,1477,1783,82.8,33255,9659,355,398,89.2,846,925,91.5,265,440,60.2,0,0.0,0.0,2,73,1,0,73,Matches
508,Rafa Soares\Rafa-Soares,pt POR,DF,Eibar,26-010,1995,11.6,458,660,69.4,9357,4610,175,203,86.2,202,277,72.9,76,153,49.7,1,1.0,0.0,12,45,13,10,51,Matches
509,Rubén Sobrino\Ruben-Sobrino,es ESP,MFFW,Valencia,28-352,1992,0.5,17,23,73.9,228,46,12,13,92.3,2,4,50.0,2,3,66.7,0,0.0,0.0,1,0,0,0,0,Matches
510,Rubén Sobrino\Ruben-Sobrino,es ESP,FWMF,Cádiz,28-352,1992,11.4,172,236,72.9,2683,595,92,117,78.6,58,78,74.4,14,22,63.6,0,0.7,-0.7,8,12,2,0,14,Matches
511,Augusto Solari\Augusto-Solari,ar ARG,MF,Celta Vigo,29-136,1992,5.0,139,192,72.4,2271,785,74,93,79.6,42,56,75.0,16,29,55.2,2,1.3,+0.7,10,9,5,3,12,Matches
512,Roberto Soldado\Roberto-Soldado,es ESP,FW,Granada,35-357,1985,15.7,215,342,62.9,3081,417,129,175,73.7,60,96,62.5,14,33,42.4,0,0.7,-0.7,8,13,5,1,12,Matches
513,Carlos Soler\Carlos-Soler,es ESP,MF,Valencia,24-137,1997,29.4,1257,1546,81.3,25241,6983,496,530,93.6,510,569,89.6,217,389,55.8,8,4.5,+3.5,41,156,23,0,125,Matches
514,Son\Son,es ESP,DFMF,Levante,27-050,1994,11.4,433,577,75.0,8124,2884,185,222,83.3,180,215,83.7,60,107,56.1,0,1.0,-1.0,14,20,24,13,56,Matches
515,David Soria\David-Soria,es ESP,GK,Getafe,28-045,1993,28.0,401,856,46.8,21010,17595,12,12,100.0,61,61,100.0,326,780,41.8,0,0.1,-0.1,1,54,2,0,0,Matches
516,Alberto Soro\Alberto-Soro,es ESP,FWMF,Granada,22-071,1999,3.9,89,123,72.4,1446,343,49,61,80.3,28,33,84.8,10,23,43.5,2,0.4,+1.6,6,4,5,1,12,Matches
517,Hugo Sotelo\Hugo-Sotelo,es ESP,MF,Celta Vigo,17-151,2003,0.0,0,0,,0,0,0,0,,0,0,,0,0,,0,0.0,0.0,0,0,0,0,0,Matches
518,Damián Suárez\Damian-Suarez,uy URU,DF,Getafe,33-022,1988,26.3,832,1255,66.3,16879,9742,308,378,81.5,386,536,72.0,127,298,42.6,0,0.7,-0.7,17,111,25,13,136,Matches
519,Denis Suárez\Denis-Suarez,es ESP,MF,Celta Vigo,27-133,1994,30.7,1573,1944,80.9,27342,7436,738,823,89.7,641,744,86.2,157,289,54.3,9,4.7,+4.3,40,146,31,4,163,Matches
520,Luis Suárez\Luis-Suarez,uy URU,FW,Atlético Madrid,34-115,1987,26.9,430,581,74.0,6725,1062,255,322,79.2,110,151,72.8,40,57,70.2,3,2.9,+0.1,26,30,20,1,36,Matches
521,Suso\Suso,es ESP,FW,Sevilla,27-181,1993,23.7,957,1179,81.2,18047,4566,450,493,91.3,373,442,84.4,123,203,60.6,4,4.5,-0.5,42,88,51,19,107,Matches
522,Tachi\Tachi,es ESP,DF,Alavés,23-251,1997,8.4,242,330,73.3,6163,2437,51,61,83.6,116,129,89.9,73,134,54.5,0,0.1,-0.1,1,17,0,0,16,Matches
523,Renato Tapia\Renato-Tapia,pe PER,MF,Celta Vigo,25-295,1995,30.0,1297,1570,82.6,26674,5994,477,545,87.5,567,631,89.9,227,339,67.0,1,0.9,+0.1,10,87,8,1,89,Matches
524,Tomás Tavares\Tomas-Tavares,pt POR,MFDF,Alavés,20-073,2001,0.7,18,22,81.8,261,80,11,12,91.7,6,7,85.7,1,2,50.0,0,0.0,0.0,0,0,0,0,0,Matches
525,Álvaro Tejero\Alvaro-Tejero,es ESP,DF,Eibar,24-303,1996,1.2,75,99,75.8,1458,583,30,34,88.2,32,40,80.0,12,23,52.2,0,0.2,-0.2,4,3,5,3,8,Matches
526,Cristian Tello\Cristian-Tello,es ESP,FWMF,Betis,29-281,1991,13.9,388,493,78.7,6572,1763,197,225,87.6,147,188,78.2,39,52,75.0,3,2.7,+0.3,21,19,21,6,44,Matches
527,Marc-André ter Stegen\Marc-Andre-ter-Stegen,de GER,GK,Barcelona,29-019,1992,31.0,921,1035,89.0,24253,14416,171,171,100.0,452,458,98.7,294,402,73.1,0,0.0,0.0,0,2,0,0,1,Matches
528,David Timor\David-Timor,es ESP,MFDF,Getafe,31-214,1989,15.5,390,603,64.7,9679,3496,138,175,78.9,135,194,69.6,109,217,50.2,0,0.9,-0.9,12,65,4,2,58,Matches
529,Toño\Tono,es ESP,DF,Levante,31-193,1989,7.4,289,354,81.6,4657,1951,161,175,92.0,105,122,86.1,20,42,47.6,1,0.1,+0.9,2,16,6,2,30,Matches
530,Lucas Torreira\Lucas-Torreira,uy URU,MFFW,Atlético Madrid,25-097,1996,5.8,286,322,88.8,4769,1287,139,153,90.8,115,125,92.0,24,32,75.0,0,0.6,-0.6,3,23,3,0,24,Matches
531,Óliver Torres\Oliver-Torres,es ESP,MFFW,Sevilla,26-190,1994,15.2,846,994,85.1,18246,4152,351,379,92.6,290,329,88.1,187,254,73.6,2,1.7,+0.3,26,115,27,7,84,Matches
532,Pau Torres\Pau-Torres,es ESP,DF,Villarreal,24-123,1997,32.0,1779,1995,89.2,39873,13125,511,544,93.9,876,931,94.1,381,494,77.1,2,1.1,+0.9,5,139,3,0,138,Matches
533,Roberto Torres\Roberto-Torres,es ESP,MFFW,Osasuna,32-073,1989,20.0,495,736,67.3,10175,3527,218,274,79.6,175,237,73.8,95,191,49.7,1,1.5,-0.5,19,59,25,9,74,Matches
534,Lucas Torró\Lucas-Torro,es ESP,MF,Osasuna,26-304,1994,16.7,515,660,78.0,9099,2534,235,288,81.6,197,246,80.1,65,97,67.0,1,0.6,+0.4,6,52,3,0,38,Matches
535,Manu Trigueros\Manu-Trigueros,es ESP,MF,Villarreal,29-214,1991,27.1,1362,1587,85.8,24559,6808,622,689,90.3,561,620,90.5,156,229,68.1,6,5.1,+0.9,32,166,46,4,138,Matches
536,Francisco Trincão\Francisco-Trincao,pt POR,FWMF,Barcelona,21-141,1999,7.3,318,378,84.1,4517,882,191,215,88.8,99,111,89.2,15,22,68.2,2,1.0,+1.0,7,11,10,1,23,Matches
537,Kieran Trippier\Kieran-Trippier,eng ENG,DF,Atlético Madrid,30-242,1990,26.5,1395,1760,79.3,25861,11175,639,704,90.8,566,682,83.0,170,316,53.8,6,3.6,+2.4,34,99,60,14,197,Matches
538,Samuel Umtiti\Samuel-Umtiti,fr FRA,DF,Barcelona,27-186,1993,6.7,533,555,96.0,9975,3099,197,204,96.6,294,301,97.7,41,48,85.4,0,0.0,0.0,1,32,0,0,28,Matches
539,Enes Ünal\Enes-Unal,tr TUR,FW,Getafe,24-009,1997,13.7,197,313,62.9,2679,635,118,171,69.0,53,91,58.2,10,21,47.6,2,1.3,+0.7,10,21,3,0,22,Matches
540,Tomáš Vaclík\Tomas-Vaclik,cz CZE,GK,Sevilla,32-051,1989,4.0,95,118,80.5,2409,1142,22,22,100.0,46,47,97.9,26,47,55.3,0,0.0,0.0,0,0,0,0,0,Matches
541,Eugeni Valderrama\Eugeni-Valderrama,es ESP,FWMF,Huesca,26-304,1994,1.3,70,82,85.4,1347,408,24,25,96.0,38,41,92.7,7,13,53.8,0,0.1,-0.1,2,4,0,0,4,Matches
542,Jesús Vallejo\Jesus-Vallejo,es ESP,DF,Granada,24-134,1997,14.5,353,464,76.1,9099,3543,73,93,78.5,171,192,89.1,105,170,61.8,0,0.0,0.0,0,29,3,0,30,Matches
543,Manu Vallejo\Manu-Vallejo,es ESP,FW,Valencia,24-094,1997,10.4,188,251,74.9,2927,638,101,125,80.8,54,67,80.6,19,27,70.4,0,0.3,-0.3,5,13,12,1,26,Matches
544,Federico Valverde\Federico-Valverde,uy URU,MF,Real Madrid,22-301,1998,13.8,654,745,87.8,11857,2833,322,347,92.8,218,247,88.3,90,111,81.1,1,3.2,-2.2,21,65,12,4,53,Matches
545,Raphaël Varane\Raphael-Varane,fr FRA,DF,Real Madrid,28-024,1993,29.2,1516,1668,90.9,34588,9584,351,380,92.4,830,871,95.3,328,395,83.0,0,0.1,-0.1,3,97,1,0,84,Matches
546,Denis Vavro\Denis-Vavro,sk SVK,DF,Huesca,25-039,1996,6.0,215,274,78.5,4952,1530,51,60,85.0,115,125,92.0,47,85,55.3,0,0.1,-0.1,1,18,1,0,14,Matches
547,Franco Vázquez\Franco-Vazquez,ar ARG,FWMF,Sevilla,32-086,1989,1.2,69,78,88.5,1117,220,39,42,92.9,15,16,93.8,11,15,73.3,0,0.2,-0.2,1,3,2,0,6,Matches
548,Kevin Vázquez\Kevin-Vazquez,es ESP,DF,Celta Vigo,28-057,1993,5.3,235,309,76.1,3531,1623,133,151,88.1,86,107,80.4,10,29,34.5,0,0.0,0.0,0,6,1,0,13,Matches
549,Lucas Vázquez\Lucas-Vazquez,es ESP,DFFW,Real Madrid,29-322,1991,20.5,1217,1431,85.0,21574,6470,602,657,91.6,457,515,88.7,136,200,68.0,5,4.3,+0.7,44,81,49,21,97,Matches
550,Koke Vegas\Koke-Vegas,es ESP,GK,Levante,25-234,1995,1.0,19,29,65.5,428,271,7,7,100.0,8,9,88.9,3,12,25.0,0,0.0,0.0,0,0,0,0,0,Matches
551,Gabriel Veiga\Gabriel-Veiga,es ESP,MFDF,Celta Vigo,18-357,2002,1.3,26,32,81.3,367,77,13,17,76.5,8,9,88.9,2,3,66.7,0,0.0,0.0,1,4,1,0,2,Matches
552,Unai Vencedor Paris\Unai-Vencedor-Paris,es ESP,MF,Athletic Club,20-185,2000,18.5,695,872,79.7,15838,4229,197,230,85.7,348,402,86.6,148,219,67.6,0,0.2,-0.2,6,101,7,0,93,Matches
553,Gonzalo Verdú\Gonzalo-Verdu,es ESP,DF,Elche,32-210,1988,32.0,1309,1516,86.3,31061,10627,296,319,92.8,711,741,96.0,297,445,66.7,2,1.3,+0.7,4,62,6,1,59,Matches
554,Mikel Vesga\Mikel-Vesga,es ESP,MF,Athletic Club,27-363,1993,18.5,697,874,79.7,14285,3666,255,305,83.6,297,348,85.3,129,178,72.5,1,1.0,0.0,13,69,9,0,82,Matches
555,Rúben Vezo\Ruben-Vezo,pt POR,DF,Levante,27-024,1994,25.7,1126,1324,85.0,26273,9280,282,313,90.1,577,633,91.2,256,354,72.3,0,0.2,-0.2,4,102,5,0,90,Matches
556,Iñigo Vicente\Inigo-Vicente,es ESP,FW,Athletic Club,23-133,1998,0.4,33,46,71.7,657,182,12,13,92.3,16,21,76.2,5,11,45.5,0,0.2,-0.2,3,2,3,1,5,Matches
557,Fede Vico\Fede-Vico,es ESP,MFFW,Granada,26-319,1994,7.5,193,281,68.7,3092,858,108,129,83.7,60,86,69.8,19,55,34.5,0,0.9,-0.9,8,14,11,4,22,Matches
558,Aleix Vidal\Aleix-Vidal,es ESP,DF,Sevilla,31-271,1989,5.6,367,429,85.5,6755,2260,164,182,90.1,155,172,90.1,43,64,67.2,1,1.0,0.0,7,28,5,2,32,Matches
559,Nacho Vidal\Nacho-Vidal,es ESP,DF,Osasuna,26-115,1995,25.1,680,957,71.1,12992,6388,275,320,85.9,306,412,74.3,89,184,48.4,0,1.7,-1.7,15,57,19,8,63,Matches
560,Toni Villa\Toni-Villa,es ESP,MFFW,Valladolid,26-132,1995,10.1,277,374,74.1,4681,1738,147,178,82.6,92,120,76.7,30,51,58.8,0,1.3,-1.3,12,27,16,7,51,Matches
561,Asier Villalibre\Asier-Villalibre,es ESP,FW,Athletic Club,23-231,1997,16.7,178,283,62.9,2635,424,107,155,69.0,52,90,57.8,14,22,63.6,2,2.0,0.0,13,8,10,1,16,Matches
562,Iván Villar\Ivan-Villar,es ESP,GK,Celta Vigo,23-314,1997,18.8,375,647,58.0,11529,7456,67,67,100.0,169,172,98.3,135,403,33.5,0,0.0,0.0,0,1,0,0,0,Matches
563,Vitolo\Vitolo,es ESP,MFFW,Atlético Madrid,31-198,1989,3.3,127,154,82.5,1714,417,82,96,85.4,32,36,88.9,5,11,45.5,0,0.2,-0.2,3,6,3,0,12,Matches
564,Šime Vrsaljko\Sime-Vrsaljko,hr CRO,DF,Atlético Madrid,29-129,1992,5.8,211,311,67.8,3661,1503,95,113,84.1,101,142,71.1,14,48,29.2,0,0.0,0.0,0,7,9,2,27,Matches
565,Nikola Vukčević\Nikola-Vukcevic,me MNE,MF,Levante,29-157,1991,9.0,274,318,86.2,5179,1010,116,123,94.3,120,134,89.6,36,55,65.5,0,0.2,-0.2,5,17,2,1,15,Matches
566,Daniel Wass\Daniel-Wass,dk DEN,MFDF,Valencia,31-353,1989,33.1,1267,1641,77.2,22890,8551,563,659,85.4,543,649,83.7,142,277,51.3,1,2.4,-1.4,38,113,24,7,140,Matches
567,Shon Weissman\Shon-Weissman,il ISR,FW,Valladolid,25-094,1996,22.7,243,330,73.6,3129,462,166,200,83.0,56,80,70.0,11,16,68.8,1,1.7,-0.7,16,7,8,0,15,Matches
568,Iñaki Williams\Inaki-Williams,es ESP,FW,Athletic Club,26-338,1994,26.1,391,581,67.3,6057,1096,218,289,75.4,126,183,68.9,30,50,60.0,6,4.6,+1.4,28,16,17,9,27,Matches
569,Nico Williams\Nico-Williams,es ESP,MF,Athletic Club,18-311,2002,0.6,11,20,55.0,175,42,8,12,66.7,2,2,100.0,1,3,33.3,0,0.0,0.0,0,1,0,0,0,Matches
570,Jawad El Yamiq\Jawad-El-Yamiq,ma MAR,DF,Valladolid,29-079,1992,14.3,450,568,79.2,10038,3199,138,159,86.8,205,232,88.4,102,164,62.2,1,0.0,+1.0,1,31,1,0,25,Matches
571,Rubén Yáñez\Ruben-Yanez,es ESP,GK,Getafe,27-219,1993,9.0,141,245,57.6,6041,4371,8,8,100.0,47,47,100.0,86,190,45.3,0,0.0,0.0,0,11,0,0,0,Matches
572,Yoel\Yoel,es ESP,GK,Eibar,32-264,1988,2.3,59,83,71.1,2363,1691,7,7,100.0,12,12,100.0,39,63,61.9,0,0.0,0.0,0,3,0,0,0,Matches
573,Okay Yokuşlu\Okay-Yokuslu,tr TUR,MF,Celta Vigo,27-071,1994,5.1,238,276,86.2,4298,1013,100,110,90.9,102,113,90.3,26,39,66.7,0,0.3,-0.3,4,18,2,0,12,Matches
574,Joseba Zaldúa\Joseba-Zaldua,es ESP,DF,Real Sociedad,28-329,1992,7.1,309,389,79.4,5325,2158,157,177,88.7,115,149,77.2,31,51,60.8,0,0.8,-0.8,7,13,10,7,14,Matches
575,Oier Zarraga\Oier-Zarraga,es ESP,MF,Athletic Club,22-135,1999,1.1,34,43,79.1,679,141,13,15,86.7,14,17,82.4,6,7,85.7,0,0.0,0.0,2,5,1,0,3,Matches
576,Igor Zubeldia\Igor-Zubeldia,es ESP,DF,Real Sociedad,24-050,1997,21.8,1050,1182,88.8,22893,5411,266,294,90.5,577,617,93.5,194,246,78.9,1,0.7,+0.3,6,47,4,2,56,Matches
577,Martín Zubimendi\Martin-Zubimendi,es ESP,MF,Real Sociedad,22-106,1999,19.9,918,1027,89.4,17244,4310,375,405,92.6,409,446,91.7,117,143,81.8,0,0.3,-0.3,5,95,11,0,88,Matches
578,Martin Ødegaard\Martin-Odegaard,no NOR,MFFW,Real Madrid,22-153,1998,2.6,147,175,84.0,2519,515,74,81,91.4,55,63,87.3,15,25,60.0,0,0.4,-0.4,5,16,2,0,9,Matches