Rk,Player,Nation,Pos,Squad,Age,Born,90s,Att,Live,Dead,FK,TB,Press,Sw,Crs,CK,In,Out,Str,Ground,Low,High,Left,Right,Head,TI,Other,Cmp,Off,Out,Int,Blocks,Matches
1,Sabit Abdulai\Sabit-Abdulai,gh GHA,MF,Getafe,22-008,1999,0.6,11,11,0,0,0,7,1,1,0,0,0,0,7,0,4,1,9,1,0,0,7,0,1,0,1,Matches
2,Marcos Acuña\Marcos-Acuna,ar ARG,DF,Sevilla,29-203,1991,25.9,1771,1491,280,44,2,177,67,81,24,3,17,1,1047,297,427,1293,212,39,212,2,1426,3,30,36,48,Matches
3,Bobby Adekanye\Bobby-Adekanye,nl NED,FWMF,Cádiz,22-094,1999,0.4,10,10,0,0,0,0,0,2,0,0,0,0,7,1,2,9,0,1,0,0,7,0,0,0,0,Matches
4,Martin Agirregabiria\Martin-Agirregabiria,es ESP,DFMF,Alavés,25-009,1996,17.3,727,546,181,18,1,82,18,22,1,0,0,0,353,158,216,62,444,44,162,1,520,5,22,28,19,Matches
5,Joseph Aidoo\Joseph-Aidoo,gh GHA,DF,Celta Vigo,25-232,1995,14.3,627,610,17,16,2,95,9,1,0,0,0,0,464,59,104,100,467,35,1,4,518,5,18,10,12,Matches
6,Carlos Akapo\Carlos-Akapo,gq EQG,DF,Cádiz,28-068,1993,8.6,320,215,105,9,0,41,8,15,0,0,0,0,123,92,105,17,172,24,96,1,210,2,13,11,10,Matches
7,Paul Akouokou\Paul-Akouokou,ci CIV,MF,Betis,23-150,1997,4.2,183,182,1,1,0,20,3,2,0,0,0,0,150,16,17,21,151,5,0,1,168,0,1,3,0,Matches
8,Jony Álamo\Jony-Alamo,es ESP,MF,Elche,19-236,2001,0.8,16,16,0,0,0,2,0,0,0,0,0,0,15,1,0,2,14,0,0,0,14,0,1,0,0,Matches
9,Jordi Alba\Jordi-Alba,es ESP,DF,Barcelona,32-059,1989,33.1,2882,2617,265,29,7,199,42,112,3,0,0,0,2152,457,273,2255,353,31,233,6,2469,6,24,52,94,Matches
10,Raúl Albiol\Raul-Albiol,es ESP,DF,Villarreal,35-257,1985,33.6,1975,1908,67,62,0,184,67,3,0,0,0,0,1566,138,271,289,1576,70,4,2,1765,2,30,14,19,Matches
11,Paco Alcácer\Paco-Alcacer,es ESP,FW,Villarreal,27-262,1993,17.0,270,234,36,0,6,40,6,5,0,0,0,0,169,67,34,36,201,18,1,5,199,3,4,13,9,Matches
12,Pedro Alcalá\Pedro-Alcala,es ESP,DF,Cádiz,32-061,1989,9.4,259,244,15,15,0,21,23,0,0,0,0,0,156,18,85,10,219,21,0,2,197,2,5,3,3,Matches
13,Rubén Alcaraz\Ruben-Alcaraz,es ESP,MF,Valladolid,30-018,1991,24.1,1157,1104,53,46,1,202,71,6,1,1,0,0,781,105,271,170,884,51,6,8,962,4,31,22,19,Matches
14,Iván Alejo\Ivan-Alejo,es ESP,MFFW,Cádiz,26-098,1995,9.2,231,218,13,1,1,57,12,46,3,1,2,0,120,49,62,18,180,12,7,1,130,0,8,6,26,Matches
15,Carles Aleñá\Carles-Alena,es ESP,MF,Barcelona,23-134,1998,0.5,42,42,0,0,0,6,2,0,0,0,0,0,36,3,3,36,4,0,0,0,38,0,1,1,0,Matches
16,Carles Aleñá\Carles-Alena,es ESP,MFFW,Getafe,23-134,1998,14.2,532,467,65,30,1,87,26,21,28,10,11,1,321,67,144,445,47,26,5,1,371,7,13,19,17,Matches
17,Alfon\Alfon,es ESP,MF,Celta Vigo,22-015,1999,0.4,15,15,0,0,0,2,0,0,0,0,0,0,12,2,1,1,13,1,0,0,15,0,0,0,0,Matches
18,Sergio Álvarez\Sergio-Alvarez,es ESP,MFDF,Eibar,29-116,1992,17.1,676,662,14,11,0,127,24,6,0,0,0,0,427,85,164,64,513,62,2,1,525,1,20,8,12,Matches
19,Yeray Álvarez\Yeray-Alvarez,es ESP,DF,Athletic Club,26-115,1995,20.6,998,946,52,49,1,100,48,2,0,0,0,0,718,91,189,72,833,57,3,1,841,3,19,13,14,Matches
20,Emmanuel Amankwaa Akurugu\Emmanuel-Amankwaa-Akurugu,gh GHA,DF,Getafe,19-180,2001,0.5,12,10,2,0,0,3,0,0,0,0,0,0,9,1,2,9,1,0,2,0,8,0,0,0,2,Matches
21,Jon Ander Garrido\Jon-Ander-Garrido,es ESP,MF,Cádiz,31-222,1989,8.5,237,228,9,9,0,46,5,2,0,0,0,0,143,52,42,27,168,27,0,1,187,0,6,11,5,Matches
22,Ángel\Angel,es ESP,GK,Granada,18-331,2002,1.0,30,11,19,2,0,3,1,0,0,0,0,0,5,0,25,12,16,0,0,0,16,0,2,0,0,Matches
23,Miguel Ángel Rubio\Miguel-Angel-Rubio,es ESP,DF,Valladolid,23-069,1998,1.5,50,50,0,0,0,7,1,0,0,0,0,0,23,6,21,8,30,9,0,0,39,1,1,1,0,Matches
24,José Ángel\Jose-Angel,es ESP,DF,Eibar,31-256,1989,10.0,681,542,139,18,0,87,26,37,5,2,1,1,351,137,193,417,106,28,116,2,509,5,18,29,13,Matches
25,José Antonio Miranda\Jose-Antonio-Miranda,gq EQG,MFDF,Getafe,22-301,1998,0.3,14,14,0,0,0,2,0,0,0,0,0,0,7,3,4,2,10,1,0,0,8,0,0,0,1,Matches
26,Aritz Arambarri\Aritz-Arambarri,es ESP,DF,Real Sociedad,23-108,1998,0.3,20,15,5,1,0,2,0,0,0,0,0,0,11,7,2,4,11,1,4,0,15,0,0,0,1,Matches
27,Mauro Arambarri\Mauro-Arambarri,uy URU,MF,Getafe,25-231,1995,33.1,1076,951,125,55,1,164,98,50,67,32,11,10,547,138,391,89,852,85,1,4,754,6,36,18,25,Matches
28,Néstor Araujo\Nestor-Araujo,mx MEX,DF,Celta Vigo,29-263,1991,26.0,1499,1476,23,21,1,119,29,2,0,0,0,0,1148,128,223,162,1231,67,2,5,1273,2,26,24,18,Matches
29,Ronald Araújo\Ronald-Araujo,uy URU,DF,Barcelona,22-073,1999,15.8,982,947,35,25,1,84,13,0,0,0,0,0,848,54,80,96,821,25,9,5,908,1,8,4,7,Matches
30,Anaitz Arbilla\Anaitz-Arbilla,es ESP,DF,Eibar,34-004,1987,30.2,1836,1564,272,81,2,218,146,30,3,1,2,0,939,344,553,404,1063,125,188,6,1411,2,69,28,29,Matches
31,Unai Arietaleanizbeaskoa\Unai-Arietaleanizbeaskoa,es ESP,FWMF,Eibar,22-138,1999,0.5,7,7,0,0,0,0,0,0,0,0,0,0,5,0,2,2,3,2,0,0,4,0,0,0,1,Matches
32,Sergio Arribas\Sergio-Arribas,es ESP,FWDF,Real Madrid,19-231,2001,1.5,92,90,2,0,0,20,0,1,0,0,0,0,77,9,6,80,8,1,2,0,76,1,0,1,5,Matches
33,Sergio Asenjo\Sergio-Asenjo,es ESP,GK,Villarreal,31-325,1989,36.0,1307,945,362,77,0,103,36,0,0,0,0,0,776,53,478,200,882,1,0,191,1033,3,25,8,1,Matches
34,Marco Asensio\Marco-Asensio,es ESP,FWMF,Real Madrid,25-118,1996,20.2,983,921,62,11,4,151,39,74,32,8,6,3,730,117,136,834,103,13,19,8,789,3,16,21,47,Matches
35,Iago Aspas\Iago-Aspas,es ESP,FW,Celta Vigo,33-291,1987,30.8,1220,1174,46,15,9,249,28,39,1,1,0,0,948,163,109,865,275,48,11,6,936,10,17,50,55,Matches
36,Miguel Atienza\Miguel-Atienza,es ESP,MF,Eibar,21-357,1999,8.3,307,304,3,3,0,60,9,3,0,0,0,0,208,33,66,23,237,25,0,2,249,1,10,10,5,Matches
37,Ezequiel Ávila\Ezequiel-Avila,ar ARG,MFFW,Osasuna,27-102,1994,2.2,57,56,1,0,0,7,4,2,0,0,0,0,18,21,18,14,27,8,0,5,32,0,1,3,2,Matches
38,Ramon Azeez\Ramon-Azeez,ng NGA,MFDF,Granada,28-158,1992,1.1,38,37,1,0,0,5,0,1,0,0,0,0,28,2,8,5,27,3,1,0,28,0,1,1,0,Matches
39,Carlos Bacca\Carlos-Bacca,co COL,FW,Villarreal,34-253,1986,8.0,157,145,12,0,1,50,5,6,0,0,0,0,97,38,22,4,133,6,1,3,104,0,6,4,9,Matches
40,Édgar Badía\Edgar-Badia,es ESP,GK,Elche,29-096,1992,30.0,1147,776,371,86,0,100,17,0,0,0,0,0,553,51,543,109,828,0,2,144,867,1,19,6,2,Matches
41,Alex Baena\Alex-Baena,es ESP,MF,Villarreal,19-303,2001,1.5,55,53,2,2,0,10,0,3,0,0,0,0,42,9,4,4,45,5,0,1,42,1,1,2,2,Matches
42,Miguel Baeza\Miguel-Baeza,es ESP,MFFW,Celta Vigo,21-053,2000,5.9,210,198,12,3,1,47,3,6,6,3,1,0,144,31,35,164,23,10,3,2,170,0,2,6,6,Matches
43,Mikel Balenziaga\Mikel-Balenziaga,es ESP,DF,Athletic Club,33-079,1988,17.8,877,690,187,22,0,90,13,24,0,0,0,0,483,180,214,589,69,47,165,1,658,3,18,28,41,Matches
44,Barcia\Barcia,es ESP,DF,Granada,20-139,2000,1.0,34,25,9,0,0,6,0,1,0,0,0,0,10,9,15,1,19,3,9,0,13,0,1,1,2,Matches
45,Enis Bardhi\Enis-Bardhi,mk MKD,MF,Levante,25-321,1995,18.0,867,781,86,30,1,177,37,33,46,11,10,3,588,103,176,145,693,12,9,4,647,11,19,27,31,Matches
46,Kike Barja\Kike-Barja,es ESP,MFFW,Osasuna,24-048,1997,15.0,473,458,15,3,0,131,24,52,3,1,0,0,287,95,91,119,316,13,7,1,325,3,21,8,36,Matches
47,Marc Baró\Marc-Baro,es ESP,DF,Cádiz,21-269,1999,1.0,19,9,10,2,0,2,2,2,2,0,1,1,4,6,9,10,1,2,6,0,10,0,1,1,2,Matches
48,Antonio Barragán\Antonio-Barragan,es ESP,DF,Elche,33-341,1987,23.8,1290,1082,208,46,1,122,37,35,1,1,0,0,823,199,268,150,918,43,161,2,1067,4,19,30,25,Matches
49,Ander Barrenetxea\Ander-Barrenetxea,es ESP,MFFW,Real Sociedad,19-143,2001,14.4,407,396,11,3,1,77,6,28,0,0,0,0,289,54,64,65,313,17,8,1,292,1,12,16,24,Matches
50,Marc Bartra\Marc-Bartra,es ESP,DF,Betis,30-124,1991,17.8,934,885,49,42,0,85,28,4,0,0,0,0,656,72,206,62,797,41,7,5,761,4,15,6,6,Matches
51,Rodrigo Battaglia\Rodrigo-Battaglia,ar ARG,MF,Alavés,29-311,1991,27.5,1032,982,50,46,0,187,27,6,2,1,1,0,731,126,175,175,747,75,0,3,869,2,17,22,23,Matches
52,Jon Bautista\Jon-Bautista,es ESP,FWMF,Real Sociedad,25-320,1995,4.1,89,82,7,0,0,31,2,3,3,2,0,1,49,18,22,17,46,10,0,1,55,0,2,2,2,Matches
53,Fran Beltrán\Fran-Beltran,es ESP,MF,Celta Vigo,22-105,1999,14.6,731,709,22,15,0,106,15,4,3,0,2,0,581,83,67,74,617,27,2,4,662,0,10,12,7,Matches
54,Sergio Benito\Sergio-Benito,es ESP,FW,Valladolid,22-057,1999,0.0,0,0,0,0,0,0,0,0,0,0,0,0,0,0,0,0,0,0,0,0,0,0,0,0,0,Matches
55,Karim Benzema\Karim-Benzema,fr FRA,FW,Real Madrid,33-151,1987,31.2,1218,1162,56,2,8,204,20,25,2,0,0,0,983,153,82,210,957,20,1,16,1018,5,23,36,40,Matches
56,Yuri Berchiche\Yuri-Berchiche,es ESP,DF,Athletic Club,31-098,1990,18.7,1124,892,232,32,1,102,40,64,0,0,0,0,651,318,155,813,62,36,200,1,922,3,11,23,50,Matches
57,Álex Berenguer\Alex-Berenguer,es ESP,MFFW,Athletic Club,25-319,1995,24.3,881,766,115,23,4,139,35,62,82,32,21,5,540,138,203,95,723,27,10,8,592,5,28,26,58,Matches
58,Pedro Bigas\Pedro-Bigas,es ESP,DF,Eibar,30-246,1990,16.8,627,563,64,26,0,80,39,6,0,0,0,0,293,82,252,268,196,84,38,4,450,5,21,6,9,Matches
59,Blanco\Blanco,es ESP,MFDF,Real Madrid,20-300,2000,2.4,175,173,2,2,0,11,8,3,0,0,0,0,152,10,13,24,143,7,0,1,161,1,1,1,2,Matches
60,Alejandro Blanco\Alejandro-Blanco,es ESP,MF,Valencia,22-154,1998,6.4,144,142,2,0,0,22,2,6,0,0,0,0,109,18,17,114,15,11,2,1,105,0,1,3,14,Matches
61,Rubén Blanco\Ruben-Blanco,es ESP,GK,Celta Vigo,25-298,1995,18.2,664,468,196,52,0,45,16,0,0,0,0,0,348,22,294,162,412,0,0,82,470,3,14,1,0,Matches
62,Yann Bodiger\Yann-Bodiger,fr FRA,MF,Cádiz,26-099,1995,2.8,96,94,2,1,0,20,3,1,1,0,0,1,62,18,16,59,18,10,0,0,67,1,3,1,4,Matches
63,Yassine Bounou\Yassine-Bounou,ma MAR,GK,Sevilla,30-044,1991,33.0,1096,831,265,66,0,81,52,0,0,0,0,0,630,45,421,695,199,0,0,141,865,1,33,5,4,Matches
64,Lucas Boyé\Lucas-Boye,ar ARG,FW,Elche,25-080,1996,28.9,630,582,48,1,1,180,19,11,0,0,0,0,465,107,58,108,474,19,0,11,497,3,6,22,25,Matches
65,Martin Braithwaite\Martin-Braithwaite,dk DEN,FW,Barcelona,29-348,1991,12.6,272,263,9,0,2,65,4,7,0,0,0,0,218,35,19,41,206,9,0,4,220,0,1,9,7,Matches
66,Darko Brašanac\Darko-Brasanac,rs SRB,MF,Osasuna,29-096,1992,10.1,315,302,13,3,0,78,2,11,0,0,0,0,211,54,50,61,206,21,1,1,229,1,11,12,19,Matches
67,Álvaro Bravo\Alvaro-Bravo,es ESP,MF,Granada,23-104,1998,0.2,11,11,0,0,0,4,0,0,0,0,0,0,5,6,0,0,8,1,0,0,8,0,1,1,0,Matches
68,Claudio Bravo\Claudio-Bravo,cl CHI,GK,Betis,38-036,1983,19.0,622,428,194,75,0,53,24,0,0,0,0,0,266,17,339,34,483,1,0,81,407,1,16,2,3,Matches
69,Yan Brice Eteki\Yan-Brice-Eteki,cm CMR,MF,Granada,23-266,1997,13.7,344,335,9,7,0,73,4,1,0,0,0,0,242,55,47,21,286,19,1,1,267,1,8,11,9,Matches
70,Juan Brunet\Juan-Brunet,ar ARG,MF,Granada,23-115,1998,0.3,6,6,0,0,0,1,0,0,0,0,0,0,2,3,1,0,3,2,0,0,5,0,0,0,0,Matches
71,Bryan\Bryan,es ESP,FW,Sevilla,20-097,2001,0.1,7,7,0,0,0,1,0,0,0,0,0,0,5,1,1,6,0,0,0,0,5,0,0,0,1,Matches
72,Bryan\Bryan,es ESP,MFFW,Eibar,20-097,2001,24.7,990,895,95,24,3,148,49,106,47,19,25,2,640,145,205,875,54,25,24,3,676,2,22,32,57,Matches
73,Ante Budimir\Ante-Budimir,hr CRO,FW,Osasuna,29-301,1991,17.8,392,369,23,1,0,166,3,5,0,0,0,0,191,100,101,197,37,40,3,18,245,3,11,21,14,Matches
74,Esteban Burgos\Esteban-Burgos,ar ARG,DF,Eibar,29-130,1992,12.3,547,524,23,23,0,51,43,0,0,0,0,0,312,62,173,56,402,66,0,3,417,3,13,3,5,Matches
75,Burgui\Burgui,es ESP,MF,Alavés,27-202,1993,0.2,9,9,0,0,0,1,0,0,0,0,0,0,7,0,2,2,6,0,0,0,8,1,0,0,0,Matches
76,Sergio Busquets\Sergio-Busquets,es ESP,MF,Barcelona,32-307,1988,27.3,2638,2532,106,103,14,297,44,3,0,0,0,0,2182,196,260,399,2142,53,3,11,2419,7,20,52,17,Matches
77,Erick Cabaco\Erick-Cabaco,uy URU,DF,Getafe,26-030,1995,14.7,439,386,53,37,0,55,54,3,0,0,0,0,188,53,198,53,306,37,16,0,297,3,24,5,9,Matches
78,Cala\Cala,es ESP,DF,Cádiz,31-174,1989,25.2,688,642,46,45,0,74,63,0,0,0,0,0,355,68,265,80,513,64,1,4,508,1,21,9,7,Matches
79,Jonathan Calleri\Jonathan-Calleri,ar ARG,FW,Osasuna,27-238,1993,17.2,355,325,30,0,1,121,8,14,0,0,0,0,186,85,84,22,225,34,0,8,218,0,9,12,18,Matches
80,Dani Calvo\Dani-Calvo,es ESP,DF,Elche,27-048,1994,18.8,703,673,30,27,0,70,27,1,0,0,0,0,516,56,131,126,517,43,3,2,604,1,15,2,9,Matches
81,José Campaña\Jose-Campana,es ESP,MF,Levante,27-353,1993,8.3,504,451,53,20,3,60,18,16,30,11,4,3,352,57,95,66,410,18,3,2,387,5,16,8,18,Matches
82,Sergio Canales\Sergio-Canales,es ESP,MFFW,Betis,30-092,1991,27.8,1745,1619,126,64,7,282,104,46,42,9,20,3,1275,158,312,1551,153,21,13,1,1478,4,36,32,41,Matches
83,Álex Cantero\Alex-Cantero,es ESP,FW,Levante,20-345,2000,2.4,,,,,,,,1,,,,,,,,,,,,,,,,,,Matches
84,Ander Capa\Ander-Capa,es ESP,DF,Athletic Club,29-100,1992,23.7,1201,897,304,24,1,119,20,54,0,0,0,0,615,313,273,80,775,50,280,1,915,4,30,24,53,Matches
85,Étienne Capoue\Etienne-Capoue,fr FRA,MF,Villarreal,32-312,1988,12.4,709,691,18,17,2,104,17,0,0,0,0,0,590,55,64,117,555,19,1,1,648,1,6,7,8,Matches
86,Isaac Carcelen\Isaac-Carcelen,es ESP,DF,Cádiz,28-026,1993,27.7,1069,777,292,40,1,149,31,33,18,6,9,2,475,260,334,87,650,73,234,7,759,7,27,32,42,Matches
87,Cárdenas\Cardenas,es ESP,GK,Levante,24-052,1997,7.0,239,164,75,21,0,25,17,0,0,0,0,0,128,13,98,21,171,0,0,36,175,2,6,2,1,Matches
88,Marc Cardona\Marc-Cardona,es ESP,FWMF,Osasuna,25-315,1995,0.6,28,27,1,0,0,5,0,1,0,0,0,0,12,9,7,7,16,4,1,0,17,1,1,0,2,Matches
89,Diego Carlos\Diego-Carlos,br BRA,DF,Sevilla,28-065,1993,31.0,1919,1872,47,42,1,142,99,3,0,0,0,0,1549,90,280,263,1582,42,2,7,1742,5,32,14,5,Matches
90,Juan Carlos\Juan-Carlos,es ESP,MFFW,Huesca,30-065,1991,3.2,97,96,1,1,0,25,0,2,0,0,0,0,77,12,8,7,82,3,0,1,73,2,1,0,4,Matches
91,Yannick Carrasco\Yannick-Carrasco,be BEL,DFMF,Atlético Madrid,27-257,1993,23.2,1017,870,147,43,6,146,34,66,56,30,13,0,735,135,147,115,832,15,48,4,758,6,21,30,40,Matches
92,Sergio Carreira\Sergio-Carreira,es ESP,DF,Celta Vigo,20-218,2000,2.9,118,94,24,0,0,16,2,4,0,0,0,0,66,25,27,7,81,4,24,1,91,0,2,2,7,Matches
93,Guido Carrillo\Guido-Carrillo,ar ARG,FW,Elche,29-359,1991,11.1,317,309,8,1,0,122,6,2,0,0,0,0,156,73,88,18,181,39,0,14,226,1,6,2,8,Matches
94,Dani Carvajal\Dani-Carvajal,es ESP,DF,Real Madrid,29-128,1992,10.6,822,700,122,15,1,62,23,22,0,0,0,0,505,191,126,46,628,26,107,9,700,3,7,14,29,Matches
95,William Carvalho\William-Carvalho,pt POR,MF,Betis,29-042,1992,13.3,950,928,22,22,2,139,31,2,0,0,0,0,724,95,131,152,754,24,0,1,810,2,10,16,12,Matches
96,Casemiro\Casemiro,br BRA,MF,Real Madrid,29-085,1992,31.5,1915,1865,50,46,2,292,85,13,0,0,0,0,1349,244,322,220,1524,93,3,19,1605,8,34,30,40,Matches
97,Sofian Chakla\Sofian-Chakla,ma MAR,DF,Getafe,27-259,1993,10.0,207,194,13,10,0,26,8,0,0,0,0,0,105,24,78,16,143,34,3,0,128,1,10,6,4,Matches
98,Sofian Chakla\Sofian-Chakla,ma MAR,DF,Villarreal,27-259,1993,0.1,7,6,1,1,0,1,0,0,0,0,0,0,3,0,4,1,6,0,0,0,4,0,0,0,0,Matches
99,Chema\Chema,es ESP,DFMF,Getafe,29-077,1992,5.2,112,103,9,8,0,12,9,0,0,0,0,0,43,18,51,72,16,18,1,0,67,2,8,2,3,Matches
100,Denis Cheryshev\Denis-Cheryshev,ru RUS,MF,Valencia,30-144,1990,12.1,334,325,9,1,0,61,13,31,1,0,0,1,197,74,63,246,39,25,7,5,206,2,9,13,29,Matches
101,Samuel Chukwueze\Samuel-Chukwueze,ng NGA,MFFW,Villarreal,21-362,1999,15.2,532,514,18,1,2,114,11,37,9,3,0,0,394,62,76,465,28,19,8,1,397,2,11,14,20,Matches
102,Víctor Chust\Victor-Chust,es ESP,DF,Real Madrid,21-075,2000,1.1,70,67,3,2,0,5,1,0,0,0,0,0,58,5,7,13,53,2,1,0,65,0,1,0,0,Matches
103,Cifu\Cifu,es ESP,DF,Elche,30-226,1990,5.0,219,173,46,3,0,38,4,9,0,0,0,0,125,40,54,4,161,7,42,1,162,2,3,3,13,Matches
104,Alberto Cifuentes\Alberto-Cifuentes,es ESP,GK,Cádiz,41-355,1979,2.0,69,33,36,20,0,8,2,0,0,0,0,0,5,3,61,2,54,1,0,3,31,0,4,0,0,Matches
105,Jasper Cillessen\Jasper-Cillessen,nl NED,GK,Valencia,32-027,1989,9.0,277,169,108,23,0,16,13,0,0,0,0,0,103,7,167,13,211,0,0,36,171,3,8,1,0,Matches
106,Carlos Clerc\Carlos-Clerc,es ESP,DF,Levante,29-087,1992,30.6,1682,1379,303,36,2,231,42,85,5,2,0,0,944,390,348,1235,83,76,262,4,1290,7,44,34,68,Matches
107,Coke\Coke,es ESP,DF,Levante,34-023,1987,9.2,430,372,58,6,0,54,11,8,0,0,0,0,243,96,91,46,304,20,52,2,349,0,10,16,17,Matches
108,Francis Coquelin\Francis-Coquelin,fr FRA,MF,Villarreal,30-006,1991,7.9,507,494,13,11,0,86,14,3,0,0,0,0,412,51,44,69,403,21,2,3,445,2,8,10,10,Matches
109,Iñigo Córdoba\Inigo-Cordoba,es ESP,FWMF,Athletic Club,24-067,1997,1.1,36,36,0,0,0,6,0,1,0,0,0,0,19,7,10,18,12,3,0,1,17,0,3,2,1,Matches
110,Iñigo Córdoba\Inigo-Cordoba,es ESP,MF,Alavés,24-067,1997,2.4,77,72,5,0,0,21,2,6,4,1,0,1,41,12,24,40,25,8,0,0,49,1,2,1,4,Matches
111,Ángel Correa\Angel-Correa,ar ARG,FWMF,Atlético Madrid,26-071,1995,25.7,886,854,32,5,3,154,13,39,8,1,4,0,656,124,106,182,662,27,0,7,690,8,9,28,28,Matches
112,Rober Correa\Rober-Correa,es ESP,DF,Eibar,28-241,1992,11.8,573,443,130,8,0,90,23,28,0,0,0,0,259,130,184,38,327,57,122,2,400,1,21,9,9,Matches
113,Thierry Correia\Thierry-Correia,pt POR,DF,Valencia,22-071,1999,22.7,1155,938,217,19,1,158,28,46,0,0,0,0,638,264,253,67,827,42,198,5,880,5,15,26,45,Matches
114,Diego Costa\Diego-Costa,es ESP,FW,Atlético Madrid,32-224,1988,2.3,73,73,0,0,1,24,2,2,0,0,0,0,42,21,10,5,50,5,0,6,56,0,1,0,5,Matches
115,Jaume Costa\Jaume-Costa,es ESP,DFMF,Villarreal,33-062,1988,3.9,237,189,48,3,2,26,3,7,1,0,0,0,148,37,52,120,63,8,44,0,200,0,1,4,3,Matches
116,Thibaut Courtois\Thibaut-Courtois,be BEL,GK,Real Madrid,29-008,1992,37.0,1277,994,283,52,0,101,31,0,0,0,0,0,879,61,337,677,354,1,2,229,1046,2,31,6,2,Matches
117,Philippe Coutinho\Philippe-Coutinho,br BRA,MFFW,Barcelona,28-341,1992,7.3,523,494,29,4,4,58,7,10,17,10,1,0,430,47,46,47,457,9,7,0,454,2,8,8,4,Matches
118,Juan Cruz Armada\Juan-Cruz-Armada,es ESP,DF,Osasuna,28-295,1992,21.8,870,646,224,7,0,106,17,41,0,0,0,0,411,159,300,479,80,73,217,4,606,2,12,18,39,Matches
119,Sergio Cubero Ezcurra\Sergio-Cubero-Ezcurra,es ESP,MF,Eibar,21-256,1999,0.0,0,0,0,0,0,0,0,0,0,0,0,0,0,0,0,0,0,0,0,0,0,0,0,0,0,Matches
120,Cucho\Cucho,co COL,FWMF,Getafe,22-029,1999,16.0,505,489,16,1,1,130,17,31,3,0,2,0,286,112,107,70,352,35,7,7,336,2,15,15,26,Matches
121,Marc Cucurella\Marc-Cucurella,es ESP,MF,Getafe,22-301,1998,35.1,1266,1137,129,20,0,258,34,93,11,3,0,0,729,252,285,774,248,78,98,10,894,5,31,19,74,Matches
122,Patrick Cutrone\Patrick-Cutrone,it ITA,FW,Valencia,23-136,1998,1.2,20,18,2,0,0,4,2,1,0,0,0,0,12,3,5,0,17,2,1,0,15,0,0,0,0,Matches
123,Moussa Dembélé\Moussa-Dembele,fr FRA,FWMF,Atlético Madrid,24-311,1996,1.1,33,32,1,0,0,6,0,1,0,0,0,0,18,9,6,0,24,4,0,2,20,1,0,3,1,Matches
124,Ousmane Dembélé\Ousmane-Dembele,fr FRA,FWDF,Barcelona,24-004,1997,18.7,988,932,56,7,5,132,27,55,28,6,4,4,801,104,83,468,481,8,19,7,818,1,18,25,40,Matches
125,Sergiño Dest\Sergino-Dest,us USA,DF,Barcelona,20-197,2000,20.0,1250,1108,142,6,1,111,4,39,0,0,0,0,1004,175,71,132,958,21,136,0,1117,2,4,20,37,Matches
126,Deyverson\Deyverson,br BRA,FW,Alavés,30-011,1991,9.7,310,300,10,0,4,93,15,13,0,0,0,0,93,83,134,181,19,48,0,5,155,2,14,9,19,Matches
127,Abdoulay Diaby\Abdoulay-Diaby,ml MLI,MF,Getafe,29-363,1991,0.2,10,10,0,0,0,2,1,2,0,0,0,0,6,1,3,10,0,0,0,0,5,0,1,0,2,Matches
128,Mouctar Diakhaby\Mouctar-Diakhaby,fr FRA,DF,Valencia,24-151,1996,22.1,952,919,33,31,0,91,37,2,0,0,0,0,727,73,152,81,803,45,2,1,819,5,25,9,15,Matches
129,Víctor Díaz\Victor-Diaz,es ESP,DF,Granada,32-341,1988,8.7,372,282,90,11,0,52,12,22,4,0,3,0,152,72,148,29,240,20,75,1,254,1,12,9,13,Matches
130,Papakouli Diop\Papakouli-Diop,sn SEN,MF,Eibar,35-061,1986,25.1,881,860,21,19,2,187,31,7,0,0,0,0,483,117,281,83,603,130,0,5,616,4,36,22,21,Matches
131,Djené\Djene,tg TOG,DF,Getafe,29-139,1991,31.7,904,830,74,50,0,125,28,7,0,0,0,0,516,127,261,196,559,85,24,6,691,3,17,15,9,Matches
132,Marko Dmitrović\Marko-Dmitrovic,rs SRB,GK,Eibar,29-115,1992,34.7,1074,714,360,125,0,59,56,0,0,0,0,0,252,32,790,726,151,2,0,100,580,3,49,4,3,Matches
133,Jaume Doménech\Jaume-Domenech,es ESP,GK,Valencia,30-195,1990,28.0,897,559,338,93,0,58,28,0,0,0,0,0,335,33,529,52,663,0,1,105,623,5,18,3,3,Matches
134,Carlos Dominguez\Carlos-Dominguez,es ESP,DF,Celta Vigo,20-138,2001,3.0,97,94,3,3,0,19,1,0,0,0,0,0,70,9,18,70,20,5,0,0,77,0,7,0,2,Matches
135,John Donald\John-Donald,es ESP,DF,Elche,20-262,2000,0.6,20,20,0,0,0,2,1,0,0,0,0,0,18,1,1,2,17,1,0,0,19,0,0,0,0,Matches
136,Cheick Doukouré\Cheick-Doukoure,ci CIV,MF,Levante,28-250,1992,1.1,45,44,1,1,0,15,1,0,0,0,0,0,32,8,5,7,35,2,0,0,39,0,1,1,0,Matches
137,Idrissa Doumbia\Idrissa-Doumbia,ci CIV,MF,Huesca,23-035,1998,8.4,391,383,8,8,0,50,5,0,0,0,0,0,334,36,21,81,292,14,0,3,358,0,6,3,3,Matches
138,Domingos Duarte\Domingos-Duarte,pt POR,DF,Granada,26-070,1995,26.3,948,899,49,43,0,119,34,2,0,0,0,0,596,104,248,54,770,86,6,4,761,4,19,18,14,Matches
139,Óscar Duarte\Oscar-Duarte,cr CRC,DF,Levante,31-350,1989,21.9,1075,1031,44,37,0,116,40,2,0,0,0,0,769,85,221,228,760,53,1,5,936,1,11,14,8,Matches
140,Rubén Duarte\Ruben-Duarte,es ESP,DF,Alavés,25-213,1995,27.3,1284,982,302,49,3,168,45,54,17,6,10,0,560,257,467,829,108,70,236,3,909,4,45,27,36,Matches
141,Unai Dufur\Unai-Dufur,es ESP,DF,Eibar,22-138,1999,0.7,43,28,15,0,0,1,0,0,0,0,0,0,17,17,9,4,20,4,15,0,34,0,1,2,2,Matches
142,Hugo Duro\Hugo-Duro,es ESP,FW,Real Madrid,21-190,1999,0.6,5,5,0,0,0,3,0,1,0,0,0,0,4,1,0,3,2,0,0,0,5,0,0,0,0,Matches
143,Aritz Elustondo\Aritz-Elustondo,es ESP,DF,Real Sociedad,27-052,1994,19.9,1148,1102,46,28,0,113,27,7,0,0,0,0,877,74,197,109,925,64,18,2,1001,2,19,9,6,Matches
144,Rodrigo Ely\Rodrigo-Ely,br BRA,DF,Alavés,27-197,1993,5.2,159,146,13,13,0,15,7,0,0,0,0,0,83,31,45,15,114,21,0,2,125,3,8,0,1,Matches
145,Emerson\Emerson,br BRA,DF,Betis,22-125,1999,32.2,1891,1546,345,42,1,217,23,72,1,0,0,0,1178,400,313,156,1335,58,302,11,1534,4,30,45,66,Matches
146,Youssef En-Nesyri\Youssef-En-Nesyri,ma MAR,FW,Sevilla,23-352,1997,24.7,401,371,30,0,1,120,8,17,0,0,0,0,201,122,78,230,32,58,3,10,276,1,11,10,20,Matches
147,Sergi Enrich\Sergi-Enrich,es ESP,FW,Eibar,31-082,1990,14.8,444,423,21,0,0,157,12,7,1,1,0,0,229,91,124,24,293,44,1,17,341,4,4,8,13,Matches
148,Aarón Escandell\Aaron-Escandell,es ESP,GK,Granada,25-234,1995,4.0,120,77,43,19,0,2,3,0,0,0,0,0,31,2,87,8,91,0,0,13,55,1,4,1,1,Matches
149,Dani Escriche\Dani-Escriche,es ESP,FWMF,Huesca,23-056,1998,9.5,267,260,7,0,1,64,4,4,1,0,0,0,193,40,34,13,225,14,2,0,198,1,4,8,15,Matches
150,Sergio Escudero\Sergio-Escudero,es ESP,DF,Sevilla,31-259,1989,5.5,342,276,66,14,1,40,8,12,3,0,2,0,201,63,78,236,34,18,49,0,280,2,7,5,9,Matches
151,Alfonso Espino\Alfonso-Espino,uy URU,DF,Cádiz,29-134,1992,28.9,1039,778,261,21,0,134,38,61,1,1,0,0,402,224,413,602,119,53,239,1,666,9,27,36,53,Matches
152,Vicente Esquerdo\Vicente-Esquerdo,es ESP,MF,Valencia,22-137,1999,2.6,97,95,2,1,0,18,5,2,0,0,0,0,69,13,15,85,8,2,1,0,77,1,3,1,3,Matches
153,Pervis Estupiñán\Pervis-Estupinan,ec ECU,DF,Villarreal,23-118,1998,13.0,667,567,100,9,0,85,27,61,0,0,0,0,405,148,114,460,82,27,91,3,523,1,7,15,38,Matches
154,Xabier Etxeita\Xabier-Etxeita,es ESP,DF,Getafe,33-200,1987,9.8,289,274,15,14,0,33,13,0,0,0,0,0,147,35,107,91,151,34,1,0,195,0,13,4,5,Matches
155,Edu Expósito\Edu-Exposito,es ESP,MF,Eibar,24-291,1996,27.3,1179,1117,62,21,1,213,46,36,35,17,16,2,738,176,265,203,851,87,5,4,879,6,30,37,32,Matches
156,Fali\Fali,es ESP,DFMF,Cádiz,27-280,1993,28.3,696,632,64,55,3,81,45,13,0,0,0,0,362,86,248,145,480,48,7,2,489,2,23,13,10,Matches
157,Ansu Fati\Ansu-Fati,es ESP,FW,Barcelona,18-200,2002,4.8,205,196,9,1,1,35,0,5,5,3,0,0,177,15,13,15,183,2,1,3,174,0,0,5,7,Matches
158,Nabil Fekir\Nabil-Fekir,fr FRA,MFFW,Betis,27-305,1993,28.1,1292,1139,153,37,6,229,52,53,80,21,34,2,995,106,191,1085,165,13,12,2,1050,6,25,22,30,Matches
159,Felipe\Felipe,br BRA,DF,Atlético Madrid,32-003,1989,21.9,987,953,34,28,1,114,29,2,0,0,0,0,748,68,171,147,732,59,6,4,854,3,19,4,5,Matches
160,João Félix\Joao-Felix,pt POR,FWMF,Atlético Madrid,21-190,1999,17.2,669,652,17,4,8,157,12,13,1,1,0,0,530,74,65,42,596,9,5,2,556,4,3,14,20,Matches
161,Aitor Fernández\Aitor-Fernandez,es ESP,GK,Levante,30-016,1991,29.0,921,650,271,66,0,66,25,0,0,0,0,0,539,61,321,67,677,3,0,150,698,1,16,10,3,Matches
162,Álex Fernández\Alex-Fernandez,es ESP,MF,Cádiz,28-216,1992,21.6,898,741,157,67,0,150,46,41,75,28,33,6,539,116,243,171,664,35,8,2,667,5,11,20,23,Matches
163,Álvaro Fernández\Alvaro-Fernandez,es ESP,GK,Huesca,23-036,1998,21.0,788,553,235,66,0,59,21,0,0,0,0,0,450,43,295,85,576,0,0,104,591,8,22,3,1,Matches
164,Andrés Fernández\Andres-Fernandez,es ESP,GK,Huesca,34-153,1986,16.0,566,400,166,45,0,65,15,0,0,0,0,0,289,16,261,42,432,0,0,70,386,6,19,1,2,Matches
165,Augusto Fernández\Augusto-Fernandez,ar ARG,MF,Cádiz,35-039,1986,3.5,102,101,1,1,0,16,7,0,0,0,0,0,63,13,26,12,79,9,0,1,81,0,4,1,2,Matches
166,Carlos Fernández\Carlos-Fernandez,es ESP,FW,Sevilla,24-362,1996,1.6,39,37,2,0,0,6,0,2,0,0,0,0,29,7,3,21,11,2,0,2,29,0,1,0,1,Matches
167,Carlos Fernández\Carlos-Fernandez,es ESP,FWMF,Real Sociedad,24-362,1996,4.1,112,110,2,1,0,40,0,1,0,0,0,0,70,26,16,69,18,11,0,0,75,1,1,3,8,Matches
168,Joaquín Fernández\Joaquin-Fernandez,es ESP,DF,Valladolid,24-353,1996,23.0,763,734,29,28,0,89,24,1,0,0,0,0,492,80,191,107,570,56,1,4,622,0,23,13,7,Matches
169,Fernando\Fernando,br BRA,MF,Sevilla,33-298,1987,28.3,1537,1488,49,37,2,178,54,2,0,0,0,0,1199,160,178,162,1235,82,10,7,1391,3,20,11,8,Matches
170,David Ferreiro\David-Ferreiro,es ESP,MFFW,Huesca,33-048,1988,27.1,1063,899,164,65,0,192,80,107,84,29,35,1,581,127,355,118,883,34,12,5,696,9,28,28,49,Matches
171,Facundo Ferreyra\Facundo-Ferreyra,ar ARG,FW,Celta Vigo,30-066,1991,3.3,55,50,5,1,0,22,0,1,0,0,0,0,29,14,12,8,25,3,1,8,36,0,0,3,3,Matches
172,Fidel\Fidel,es ESP,MFDF,Elche,31-204,1989,25.6,1162,977,185,53,0,207,61,73,56,25,20,0,690,197,275,943,114,19,75,2,855,4,26,43,38,Matches
173,Junior Firpo\Junior-Firpo,es ESP,DF,Barcelona,24-270,1996,2.7,198,177,21,4,0,23,0,4,0,0,0,0,161,29,8,146,29,4,17,1,180,2,0,5,4,Matches
174,Kingsley Fobi\Kingsley-Fobi,gh GHA,DF,Granada,22-241,1998,0.5,12,7,5,0,0,1,0,0,0,0,0,0,4,3,5,1,5,1,5,0,8,0,0,1,0,Matches
175,Ramón Folch\Ramon-Folch,es ESP,MF,Elche,31-227,1989,0.0,0,0,0,0,0,0,0,0,0,0,0,0,0,0,0,0,0,0,0,0,0,0,0,0,0,Matches
176,José Fontán\Jose-Fontan,es ESP,DF,Celta Vigo,21-097,2000,7.2,340,314,26,4,0,40,11,7,0,0,0,0,241,44,55,262,43,11,22,0,278,1,3,8,9,Matches
177,Dimitri Foulquier\Dimitri-Foulquier,fr FRA,DF,Granada,28-057,1993,28.6,1063,741,322,7,0,137,17,33,0,0,0,0,464,318,281,95,591,46,314,3,812,2,29,18,48,Matches
178,Juan Foyth\Juan-Foyth,ar ARG,DFMF,Villarreal,23-127,1998,13.0,734,669,65,21,2,115,16,2,0,0,0,0,551,94,89,70,561,33,44,4,650,0,9,10,11,Matches
179,Jorge de Frutos\Jorge-de-Frutos,es ESP,MFFW,Levante,24-088,1997,23.3,683,620,63,6,2,125,24,68,31,8,9,0,412,138,133,53,561,27,25,6,467,3,14,27,44,Matches
180,Ramiro Funes Mori\Ramiro-Funes-Mori,ar ARG,DF,Villarreal,30-075,1991,8.1,477,458,19,9,0,51,7,2,0,0,0,0,376,35,66,207,234,16,10,2,420,3,9,8,5,Matches
181,Javi Galán\Javi-Galan,es ESP,DF,Huesca,26-181,1994,34.1,1820,1430,390,38,0,198,51,104,23,12,6,1,1025,419,376,1366,75,41,329,1,1424,8,46,35,69,Matches
182,Enric Gallego\Enric-Gallego,es ESP,FW,Osasuna,34-249,1986,8.2,260,250,10,0,1,99,5,8,0,0,0,0,99,89,72,117,22,38,0,12,151,0,11,6,13,Matches
183,Kévin Gameiro\Kevin-Gameiro,fr FRA,FW,Valencia,34-010,1987,12.0,265,242,23,1,0,62,1,2,0,0,0,0,202,36,27,16,222,16,2,1,210,2,2,4,12,Matches
184,Aleix García\Aleix-Garcia,es ESP,MF,Eibar,23-325,1997,4.9,271,250,21,7,0,33,22,3,13,9,4,0,192,26,53,40,211,11,1,2,225,1,5,3,3,Matches
185,Borja García\Borja-Garcia,es ESP,MFFW,Huesca,30-198,1990,12.3,552,536,16,4,3,100,13,8,2,0,1,0,394,90,68,48,475,17,0,5,472,5,3,8,16,Matches
186,Dani García\Dani-Garcia,es ESP,MF,Athletic Club,30-360,1990,21.3,1036,1002,34,27,1,161,46,5,0,0,0,0,689,128,219,154,779,65,4,3,866,3,25,16,12,Matches
187,David García\David-Garcia,es ESP,DF,Osasuna,27-094,1994,34.0,1252,1202,50,47,1,189,49,4,0,0,0,0,649,165,438,383,624,139,3,4,945,6,32,21,11,Matches
188,Manu García\Manu-Garcia,es ESP,MF,Alavés,35-023,1986,11.5,359,349,10,4,0,85,9,6,0,0,0,0,215,47,97,192,101,31,3,2,254,2,7,11,9,Matches
189,Raúl García\Raul-Garcia,es ESP,FWMF,Athletic Club,34-312,1986,19.4,597,586,11,1,6,183,10,17,1,1,0,0,268,130,199,77,338,76,1,11,372,5,21,17,25,Matches
190,Raúl García\Raul-Garcia,es ESP,DFMF,Valladolid,32-019,1989,5.6,287,219,68,4,0,27,5,20,0,0,0,0,125,72,90,181,12,17,64,0,199,1,6,6,19,Matches
191,Rubén García\Ruben-Garcia,es ESP,MFFW,Osasuna,27-309,1993,30.2,1212,1069,143,52,0,214,87,91,57,22,26,3,631,210,371,892,140,96,28,8,803,7,48,44,54,Matches
192,Sergi García\Sergi-Garcia,es ESP,MF,Alavés,22-035,1999,0.2,8,5,3,0,0,2,0,0,0,0,0,0,4,3,1,0,6,0,2,0,5,0,0,0,0,Matches
193,Unai García\Unai-Garcia,es ESP,DF,Osasuna,29-105,1992,13.2,407,379,28,27,0,56,27,3,0,0,0,0,250,46,111,32,332,29,1,3,319,1,14,1,7,Matches
194,Mario Gaspar\Mario-Gaspar,es ESP,DF,Villarreal,30-176,1990,19.6,1060,847,213,22,0,114,17,30,1,0,0,0,661,237,162,82,733,39,190,2,895,7,16,21,33,Matches
195,Paulo Gazzaniga\Paulo-Gazzaniga,ar ARG,GK,Elche,29-137,1992,7.0,208,132,76,23,0,8,5,0,0,0,0,0,65,7,136,7,160,0,0,20,123,1,7,4,0,Matches
196,David Gil\David-Gil,es ESP,GK,Cádiz,27-128,1994,3.0,86,48,38,17,0,5,3,0,0,0,0,0,8,5,73,57,11,0,0,7,30,0,4,1,0,Matches
197,Álvaro Giménez\Alvaro-Gimenez,es ESP,FWMF,Cádiz,30-000,1991,4.5,93,90,3,0,0,38,1,1,0,0,0,0,46,19,28,49,14,10,0,2,58,0,3,1,7,Matches
198,Dani Gómez\Dani-Gomez,es ESP,FW,Levante,22-293,1998,17.8,318,299,19,1,1,89,3,10,0,0,0,0,237,50,31,29,258,17,1,4,238,0,4,17,22,Matches
199,Ibai Gómez\Ibai-Gomez,es ESP,MF,Athletic Club,31-189,1989,3.9,142,126,16,6,0,29,8,14,7,1,2,2,79,29,34,21,105,6,3,2,94,0,3,6,3,Matches
200,Maxi Gómez\Maxi-Gomez,uy URU,FW,Valencia,24-278,1996,29.0,545,522,23,0,2,177,29,15,1,0,1,0,251,156,138,39,334,52,1,28,366,2,16,17,20,Matches
201,Moi Gómez\Moi-Gomez,es ESP,MFFW,Villarreal,26-330,1994,28.4,1325,1252,73,21,5,223,35,45,47,14,6,0,997,149,179,427,839,39,5,7,1083,9,7,22,40,Matches
202,Papu Gómez\Papu-Gomez,ar ARG,MFFW,Sevilla,33-093,1988,10.0,575,543,32,9,4,95,31,23,16,1,9,1,430,53,92,86,465,10,6,4,501,3,1,9,8,Matches
203,Sergi Gómez\Sergi-Gomez,es ESP,DF,Sevilla,29-052,1992,8.0,540,532,8,6,0,49,13,0,0,0,0,0,481,20,39,37,481,8,1,1,506,0,2,2,2,Matches
204,Sergio Gómez\Sergio-Gomez,es ESP,MFFW,Huesca,20-257,2000,7.8,378,321,57,18,0,52,21,29,14,4,6,1,223,74,81,321,22,8,25,2,269,3,10,11,17,Matches
205,Maxime Gonalons\Maxime-Gonalons,fr FRA,MF,Granada,32-070,1989,16.4,726,705,21,21,0,140,28,4,0,0,0,0,501,73,152,210,448,33,0,5,602,3,9,13,14,Matches
206,Bruno González\Bruno-Gonzalez,es ESP,DF,Valladolid,30-360,1990,25.1,764,716,48,46,0,91,27,0,0,0,0,0,487,83,194,102,566,68,2,2,597,1,21,11,12,Matches
207,Diego González\Diego-Gonzalez,es ESP,DF,Elche,26-111,1995,14.2,726,707,19,19,0,86,13,1,0,0,0,0,573,48,105,364,332,18,0,2,656,2,6,4,5,Matches
208,Sergio González\Sergio-Gonzalez,es ESP,MF,Cádiz,24-005,1997,1.0,29,28,1,1,0,8,0,0,0,0,0,0,14,9,6,3,19,6,0,0,20,0,2,0,0,Matches
209,Urko González\Urko-Gonzalez,es ESP,MF,Real Sociedad,20-060,2001,0.5,30,30,0,0,0,4,0,0,0,0,0,0,26,0,4,0,28,1,0,0,27,0,0,1,0,Matches
210,Andoni Gorosabel\Andoni-Gorosabel,es ESP,DF,Real Sociedad,24-288,1996,25.5,1382,1095,287,32,1,154,12,59,2,0,0,2,843,291,248,90,978,47,253,4,1115,6,22,32,44,Matches
211,Antoine Griezmann\Antoine-Griezmann,fr FRA,FWMF,Barcelona,30-059,1991,27.9,1282,1238,44,9,6,211,23,29,12,0,2,2,1051,130,101,1031,181,36,9,14,1128,2,3,24,28,Matches
212,Andrés Guardado\Andres-Guardado,mx MEX,MF,Betis,34-233,1986,13.9,764,747,17,11,1,112,34,6,1,0,1,0,552,82,130,638,73,31,5,3,643,1,13,15,12,Matches
213,Sergi Guardiola\Sergi-Guardiola,es ESP,FW,Valladolid,29-355,1991,19.6,502,494,8,1,0,153,19,17,1,1,0,0,278,128,96,339,46,58,0,12,328,2,14,16,37,Matches
214,Nemanja Gudelj\Nemanja-Gudelj,rs SRB,MF,Sevilla,29-184,1991,10.6,706,684,22,21,0,75,13,3,0,0,0,0,609,37,60,31,632,25,1,5,664,2,6,5,1,Matches
215,Gonçalo Guedes\Goncalo-Guedes,pt POR,MFFW,Valencia,24-171,1996,24.6,763,727,36,6,4,158,31,54,8,1,2,0,526,107,130,65,655,18,7,8,557,6,14,35,44,Matches
216,Ander Guevara\Ander-Guevara,es ESP,MF,Real Sociedad,23-316,1997,22.1,1332,1307,25,22,2,226,23,4,1,0,0,1,965,177,190,247,997,63,2,5,1107,3,26,38,25,Matches
217,John Guidetti\John-Guidetti,se SWE,FWMF,Alavés,29-034,1992,1.5,48,43,5,1,1,14,1,1,1,0,1,0,27,13,8,9,28,4,0,1,30,0,0,3,4,Matches
218,Hugo Guillamón\Hugo-Guillamon,es ESP,DF,Valencia,21-108,2000,21.1,1116,1061,55,52,0,133,40,0,0,0,0,0,873,75,168,197,861,27,3,1,995,2,29,8,8,Matches
219,Jon Guridi\Jon-Guridi,es ESP,MF,Real Sociedad,26-080,1995,9.2,355,348,7,5,0,65,5,3,0,0,0,0,278,36,41,287,34,20,2,1,292,1,7,10,6,Matches
220,Raúl Guti\Raul-Guti,es ESP,MF,Elche,24-140,1996,30.8,1239,1199,40,25,1,201,43,12,1,1,0,0,929,133,177,53,1143,29,4,2,1041,4,14,31,26,Matches
221,Marcos Mauro López Gutiérrez\Marcos-Mauro-Lopez-Gutierrez,ar ARG,DF,Cádiz,30-130,1991,20.3,497,463,34,33,0,54,20,0,0,0,0,0,333,51,113,40,399,37,1,3,421,2,10,2,7,Matches
222,Miguel Gutiérrez\Miguel-Gutierrez,es ESP,DF,Real Madrid,19-296,2001,2.8,218,189,29,3,0,21,3,11,0,0,0,0,163,34,21,173,16,3,26,0,194,0,3,3,7,Matches
223,Munir El Haddadi\Munir-El-Haddadi,ma MAR,FW,Sevilla,25-260,1995,9.4,345,334,11,3,0,70,14,19,7,0,1,0,256,39,50,291,33,11,1,3,272,0,9,6,13,Matches
224,Eden Hazard\Eden-Hazard,be BEL,FWMF,Real Madrid,30-132,1991,5.9,344,336,8,3,1,55,5,6,3,0,1,0,295,34,15,55,278,2,2,4,303,0,1,11,9,Matches
225,Mario Hermoso\Mario-Hermoso,es ESP,DF,Atlético Madrid,25-335,1995,28.0,1864,1679,185,44,0,143,62,6,0,0,0,0,1347,225,292,1387,247,63,141,2,1584,4,23,50,30,Matches
226,Aridane Hernández\Aridane-Hernandez,gq EQG,DF,Osasuna,32-057,1989,22.5,687,653,34,31,1,104,31,2,0,0,0,0,426,85,176,84,496,68,3,1,563,3,20,7,6,Matches
227,Héctor Herrera\Hector-Herrera,mx MEX,MF,Atlético Madrid,31-030,1990,7.5,663,631,32,27,3,96,18,3,1,1,0,0,520,61,82,90,535,12,4,6,591,2,5,8,8,Matches
228,Sergio Herrera\Sergio-Herrera,es ESP,GK,Osasuna,27-348,1993,32.9,1144,723,421,163,1,50,48,0,0,0,0,0,184,34,926,36,850,1,1,84,631,5,43,10,1,Matches
229,Yangel Herrera\Yangel-Herrera,ve VEN,MF,Granada,23-132,1998,25.7,882,877,5,5,0,237,11,14,0,0,0,0,496,137,249,178,491,108,0,6,597,1,26,23,39,Matches
230,Pablo Hervías\Pablo-Hervias,es ESP,DFMF,Valladolid,28-072,1993,13.3,731,600,131,27,0,69,25,79,21,4,10,1,433,128,170,57,565,22,83,0,552,3,14,14,22,Matches
231,Jordan Holsgrove\Jordan-Holsgrove,sco SCO,MF,Celta Vigo,21-251,1999,1.6,104,100,4,4,0,19,3,2,0,0,0,0,84,6,14,75,27,2,0,0,92,0,2,1,2,Matches
232,Vicente Iborra\Vicente-Iborra,es ESP,MF,Villarreal,33-123,1988,10.3,604,587,17,17,0,59,10,1,0,0,0,0,496,43,65,104,465,18,0,3,545,3,6,6,10,Matches
233,Oussama Idrissi\Oussama-Idrissi,ma MAR,FWMF,Sevilla,25-082,1996,0.3,10,10,0,0,0,2,3,3,0,0,0,0,5,2,3,4,5,1,0,0,8,0,0,1,1,Matches
234,Iglesias\Iglesias,es ESP,DFMF,Getafe,22-320,1998,5.7,170,128,42,3,0,28,5,13,0,0,0,0,66,22,82,9,109,9,38,1,94,0,6,3,5,Matches
235,Borja Iglesias\Borja-Iglesias,es ESP,FW,Betis,28-122,1993,14.8,259,237,22,0,0,65,5,6,1,0,0,0,164,57,38,46,169,21,0,2,190,1,3,13,9,Matches
236,Ilaix\Ilaix,es ESP,MF,Barcelona,18-120,2003,5.4,338,332,6,6,1,71,3,2,0,0,0,0,311,10,17,57,267,7,0,2,311,0,3,5,1,Matches
237,Asier Illarramendi\Asier-Illarramendi,es ESP,MF,Real Sociedad,31-072,1990,3.7,261,237,24,22,1,24,6,2,0,0,0,0,196,23,42,27,218,6,2,1,238,1,0,1,1,Matches
238,Pablo Insua\Pablo-Insua,es ESP,DF,Huesca,27-252,1993,17.6,756,731,25,24,0,91,27,2,0,0,0,0,549,62,145,74,612,44,1,2,647,3,16,9,5,Matches
239,Takashi Inui\Takashi-Inui,jp JPN,MFFW,Eibar,32-351,1988,19.2,499,466,33,3,1,114,29,68,2,1,0,0,297,112,90,57,395,12,22,4,338,1,29,7,30,Matches
240,Alexander Isak\Alexander-Isak,se SWE,FW,Real Sociedad,21-240,1999,25.0,439,391,48,1,4,107,5,21,0,0,0,0,294,84,61,74,303,31,1,5,320,3,9,15,25,Matches
241,Isco\Isco,es ESP,MFFW,Real Madrid,29-028,1992,9.7,713,671,42,17,0,99,19,18,16,3,3,5,553,72,88,52,642,4,9,5,618,9,6,14,13,Matches
242,Jairo Izquierdo\Jairo-Izquierdo,es ESP,MFDF,Cádiz,27-209,1993,13.9,457,406,51,3,0,90,13,26,5,2,3,0,274,103,80,358,36,14,42,2,328,1,13,14,25,Matches
243,Saidy Janko\Saidy-Janko,ch SUI,DF,Valladolid,25-209,1995,12.7,548,425,123,2,0,85,9,34,0,0,0,0,304,105,139,49,335,26,121,4,407,1,11,10,19,Matches
244,Adnan Januzaj\Adnan-Januzaj,be BEL,FWMF,Real Sociedad,26-103,1995,11.2,568,495,73,16,7,101,36,41,44,18,16,3,394,67,107,464,80,3,11,2,404,5,15,15,28,Matches
245,Jason\Jason,es ESP,MFDF,Valencia,26-317,1994,4.9,142,134,8,2,0,16,5,12,0,0,0,0,82,31,29,13,112,9,6,0,94,2,6,6,4,Matches
246,Luis Javier Suárez\Luis-Javier-Suarez,co COL,FWMF,Granada,23-168,1997,17.7,286,274,12,0,1,88,9,18,1,1,0,0,173,56,57,56,195,13,0,7,177,1,14,11,22,Matches
247,Joaquín\Joaquin,es ESP,FWMF,Betis,39-302,1981,14.3,753,674,79,23,1,104,25,36,43,5,21,2,558,86,109,43,671,15,13,2,605,2,20,22,23,Matches
248,John Joe\John-Joe,ie IRL,MFDF,Getafe,17-237,2003,0.7,21,21,0,0,0,4,0,0,0,0,0,0,12,6,3,4,12,3,0,1,11,0,0,1,4,Matches
249,Frenkie de Jong\Frenkie-de-Jong,nl NED,MFDF,Barcelona,24-007,1997,34.2,2752,2709,43,26,8,358,38,20,1,1,0,0,2373,227,152,176,2459,59,15,10,2521,13,16,44,30,Matches
250,Luuk de Jong\Luuk-de-Jong,nl NED,FW,Sevilla,30-265,1990,13.9,343,322,21,0,1,119,6,1,0,0,0,0,191,87,65,58,196,28,0,8,256,0,10,9,11,Matches
251,Jony\Jony,es ESP,MFFW,Osasuna,29-314,1991,9.6,391,353,38,6,2,59,27,51,10,4,4,0,204,72,115,293,49,21,21,1,228,1,15,9,30,Matches
252,Joan Jordán\Joan-Jordan,es ESP,MF,Sevilla,26-317,1994,26.1,1975,1856,119,75,4,307,121,28,30,3,9,1,1454,203,318,229,1656,57,11,7,1736,3,26,32,25,Matches
253,Josan\Josan,es ESP,MFDF,Elche,31-167,1989,20.6,781,683,98,11,1,135,20,64,16,6,6,1,502,136,143,92,580,27,71,2,582,4,14,20,38,Matches
254,Willian José\Willian-Jose,br BRA,FW,Real Sociedad,29-177,1991,7.7,241,221,20,1,2,72,18,3,0,0,0,0,152,52,37,18,202,7,2,4,186,3,3,9,8,Matches
255,Joselu\Joselu,es ESP,FW,Alavés,31-053,1990,33.4,1020,999,21,0,5,432,24,23,0,0,0,0,405,334,281,150,463,148,4,30,606,4,20,35,36,Matches
256,Josema\Josema,es ESP,DF,Elche,24-347,1996,21.6,1010,878,132,28,0,132,35,22,0,0,0,0,606,140,264,785,56,42,104,2,779,0,21,17,22,Matches
257,Jota\Jota,es ESP,MF,Alavés,29-337,1991,15.5,499,446,53,26,3,108,24,22,16,5,8,0,329,53,117,430,42,17,2,0,369,3,11,19,12,Matches
258,Jota\Jota,pt POR,FW,Valladolid,22-050,1999,7.1,,,,,,,,16,,,,,,,,,,,,,,,,,,Matches
259,Luka Jović\Luka-Jovic,rs SRB,FWMF,Real Madrid,23-147,1997,1.7,41,38,3,0,0,9,0,1,0,0,0,0,27,10,4,6,33,1,0,0,34,0,1,1,2,Matches
260,Juanmi\Juanmi,es ESP,FWMF,Betis,27-364,1993,6.7,144,136,8,0,0,35,1,0,0,0,0,0,97,30,17,25,98,6,4,2,112,0,1,2,6,Matches
261,Vinicius Júnior\Vinicius-Junior,br BRA,FW,Real Madrid,20-311,2000,21.3,803,787,16,2,3,126,11,47,1,0,0,0,655,81,67,84,683,12,12,11,664,3,10,13,29,Matches
262,Jens Jønsson\Jens-Jonsson,dk DEN,MF,Cádiz,28-129,1993,28.4,689,672,17,16,1,137,12,3,0,0,0,0,425,105,159,71,514,55,1,10,529,4,13,12,7,Matches
263,Damian Kądzior\Damian-Kadzior,pl POL,FWMF,Eibar,28-337,1992,2.2,76,59,17,6,0,12,8,13,10,2,6,2,35,11,30,61,9,4,1,1,44,1,2,0,5,Matches
264,Lee Kangin\Lee-Kangin,kr KOR,FWMF,Valencia,20-089,2001,13.1,512,447,65,20,5,109,30,14,25,9,8,1,341,68,103,450,27,15,8,4,412,3,9,14,10,Matches
265,Stephane Keller\Stephane-Keller,cm CMR,DF,Alavés,19-272,2001,0.2,13,13,0,0,0,0,1,0,0,0,0,0,10,1,2,1,11,1,0,0,11,0,0,0,0,Matches
266,Kenedy\Kenedy,br BRA,FWMF,Granada,25-100,1996,16.3,330,279,51,18,1,52,19,33,27,14,8,1,179,58,93,246,45,14,6,9,211,2,9,11,13,Matches
267,Kike\Kike,es ESP,FW,Eibar,31-175,1989,33.3,897,850,47,0,1,309,20,30,1,0,1,0,476,217,204,206,446,79,2,37,601,5,24,24,45,Matches
268,Giorgi Kochorashvili\Giorgi-Kochorashvili,ge GEO,MF,Levante,21-324,1999,0.3,12,11,1,1,0,4,0,0,0,0,0,0,9,0,3,1,10,1,0,0,6,0,1,1,2,Matches
269,Kenan Kodro\Kenan-Kodro,ba BIH,FW,Valladolid,27-273,1993,5.1,114,104,10,0,0,43,4,0,0,0,0,0,69,20,25,10,78,7,2,1,82,1,6,3,3,Matches
270,Kenan Kodro\Kenan-Kodro,ba BIH,FWMF,Athletic Club,27-273,1993,0.5,8,8,0,0,0,1,0,0,0,0,0,0,4,3,1,0,6,2,0,0,6,0,0,0,0,Matches
271,Koba Koindredi\Koba-Koindredi,fr FRA,MF,Valencia,19-204,2001,0.2,11,10,1,1,0,1,0,0,0,0,0,0,10,1,0,10,1,0,0,0,9,0,0,0,0,Matches
272,Koke\Koke,es ESP,MF,Atlético Madrid,29-131,1992,32.6,2380,2265,115,69,5,313,67,18,38,6,21,0,1828,230,322,170,2130,57,6,5,2095,10,22,37,34,Matches
273,Geoffrey Kondogbia\Geoffrey-Kondogbia,cf CTA,MF,Valencia,28-093,1993,4.9,189,179,10,9,0,42,13,1,0,0,0,0,121,22,46,154,27,3,1,1,161,3,4,1,1,Matches
274,Geoffrey Kondogbia\Geoffrey-Kondogbia,cf CTA,MFFW,Atlético Madrid,28-093,1993,6.7,384,379,5,5,2,69,13,0,0,0,0,0,311,41,32,315,46,17,0,1,333,2,7,6,4,Matches
275,Youssouf Koné\Youssouf-Kone,ml MLI,DFFW,Elche,25-318,1995,0.8,29,18,11,0,0,1,1,1,0,0,0,0,13,12,4,14,4,0,11,0,24,0,2,0,0,Matches
276,Jules Koundé\Jules-Kounde,fr FRA,DF,Sevilla,22-188,1998,32.1,2277,2229,48,38,1,228,56,13,0,0,0,0,1860,182,235,247,1891,67,10,3,2060,6,22,17,26,Matches
277,Toni Kroos\Toni-Kroos,de GER,MF,Real Madrid,31-135,1990,23.5,2172,1927,245,121,10,185,171,40,116,34,39,9,1592,184,396,318,1809,18,8,4,1949,10,27,22,24,Matches
278,Takefusa Kubo\Takefusa-Kubo,jp JPN,MFFW,Villarreal,19-349,2001,3.3,139,132,7,3,0,22,3,10,4,3,0,0,105,17,17,118,16,2,0,2,102,0,4,4,5,Matches
279,Takefusa Kubo\Takefusa-Kubo,jp JPN,MFFW,Getafe,19-349,2001,7.9,188,173,15,5,0,35,5,14,7,4,1,0,130,23,35,154,19,8,3,1,136,0,2,2,10,Matches
280,Kuki\Kuki,es ESP,MF,Valladolid,23-014,1998,0.3,11,11,0,0,0,3,0,1,0,0,0,0,8,1,2,8,2,0,0,1,8,0,0,0,0,Matches
281,Víctor Laguardia\Victor-Laguardia,es ESP,DF,Alavés,31-195,1989,29.2,1047,976,71,68,2,117,57,3,0,0,0,0,586,106,355,71,855,86,3,2,814,6,25,12,11,Matches
282,Diego Lainez\Diego-Lainez,mx MEX,FWMF,Betis,20-344,2000,9.2,353,346,7,3,1,67,10,19,3,0,0,2,268,40,45,278,51,14,1,3,280,2,5,9,18,Matches
283,Toni Lato\Toni-Lato,es ESP,DF,Valencia,23-179,1997,7.1,334,276,58,6,0,48,4,7,0,0,0,0,169,81,84,221,27,23,51,0,256,2,10,11,6,Matches
284,Lauti\Lauti,uy URU,MFFW,Celta Vigo,20-099,2001,0.2,3,3,0,0,0,1,0,0,0,0,0,0,2,1,0,1,1,0,0,1,3,0,0,0,0,Matches
285,Robin Le Normand\Robin-Le-Normand,fr FRA,DF,Real Sociedad,24-189,1996,29.5,1568,1519,49,46,0,191,39,3,0,0,0,0,1190,118,260,153,1231,104,2,6,1372,2,25,9,11,Matches
286,Jeremías Ledesma\Jeremias-Ledesma,ar ARG,GK,Cádiz,28-095,1993,32.0,997,537,460,161,0,39,33,0,0,0,0,0,108,24,865,27,717,0,0,62,462,2,45,8,3,Matches
287,Florian Lejeune\Florian-Lejeune,fr FRA,DF,Alavés,29-364,1991,32.5,1352,1273,79,75,1,137,94,5,0,0,0,0,889,95,368,141,1079,74,4,1,1086,5,29,20,14,Matches
288,Iñigo Lekue\Inigo-Lekue,es ESP,DF,Athletic Club,28-015,1993,6.2,339,269,70,6,2,30,9,19,4,0,0,0,177,79,83,68,195,16,60,0,269,0,10,9,11,Matches
289,Thomas Lemar\Thomas-Lemar,fr FRA,MF,Atlético Madrid,25-188,1995,15.2,810,747,63,16,2,117,36,28,35,11,19,0,598,90,122,663,115,16,9,2,661,2,12,20,24,Matches
290,Clément Lenglet\Clement-Lenglet,fr FRA,DF,Barcelona,25-336,1995,27.5,2293,2232,61,50,2,167,46,6,0,0,0,0,1985,121,187,1928,249,66,10,1,2129,4,16,36,12,Matches
291,Pedro León\Pedro-Leon,es ESP,MFFW,Eibar,34-176,1986,9.9,360,300,60,18,0,69,22,40,35,14,20,0,148,70,142,46,261,28,7,2,211,3,13,13,30,Matches
292,Sergio León\Sergio-Leon,es ESP,FW,Levante,32-133,1989,8.3,137,129,8,0,1,36,3,4,0,0,0,0,90,27,20,12,112,6,0,2,97,2,3,2,8,Matches
293,Diego Llorente\Diego-Llorente,es ESP,DF,Real Sociedad,27-276,1993,1.0,54,51,3,3,0,4,1,0,0,0,0,0,46,3,5,12,40,2,0,0,48,1,1,1,0,Matches
294,Marcos Llorente\Marcos-Llorente,es ESP,MFDF,Atlético Madrid,26-109,1995,32.0,1294,1248,46,7,4,256,32,72,1,0,1,0,1023,127,144,122,1086,29,34,6,1064,6,18,25,59,Matches
295,Renan Lodi\Renan-Lodi,br BRA,DF,Atlético Madrid,23-041,1998,12.2,744,605,139,21,0,84,21,48,12,1,8,0,461,136,147,550,51,24,106,6,584,2,16,16,30,Matches
296,Pedro López Muñoz\Pedro-Lopez-Munoz,es ESP,DF,Huesca,37-199,1983,11.7,652,519,133,17,0,68,22,37,0,0,0,0,389,121,142,45,458,20,116,1,533,1,10,14,18,Matches
297,Adrián López\Adrian-Lopez,es ESP,FWMF,Osasuna,33-131,1988,5.3,184,182,2,0,0,56,0,7,0,0,0,0,106,45,33,11,139,17,1,2,134,1,3,4,5,Matches
298,Javi López\Javi-Lopez,es ESP,DFMF,Alavés,19-138,2002,2.8,146,113,33,1,1,19,7,11,1,0,0,0,76,27,43,88,19,6,31,0,113,0,4,3,4,Matches
299,Roberto López\Roberto-Lopez,es ESP,MFFW,Real Sociedad,21-025,2000,5.6,248,224,24,9,3,57,9,14,14,7,5,0,164,33,51,191,36,12,1,2,188,0,6,6,9,Matches
300,Unai López\Unai-Lopez,es ESP,MF,Athletic Club,25-201,1995,14.8,949,888,61,37,2,118,59,15,15,6,3,1,618,137,194,28,884,26,2,3,796,4,14,22,19,Matches
301,Anthony Lozano\Anthony-Lozano,hn HON,FWMF,Cádiz,28-024,1993,16.9,278,266,12,0,0,95,4,18,0,0,0,0,139,72,67,24,175,26,1,10,170,2,7,7,17,Matches
302,Jeison Lucumí\Jeison-Lucumi,co COL,FW,Elche,26-041,1995,0.5,11,11,0,0,0,3,0,0,0,0,0,0,10,1,0,3,7,0,0,0,8,0,0,0,2,Matches
303,José Luis Gayà\Jose-Luis-Gaya,es ESP,DF,Valencia,25-359,1995,31.6,1515,1259,256,46,0,173,57,96,1,0,0,0,882,334,299,1096,139,55,209,5,1184,4,30,26,54,Matches
304,José Luis Morales\Jose-Luis-Morales,es ESP,FWMF,Levante,33-300,1987,26.8,731,671,60,17,3,139,26,74,27,7,5,5,479,114,138,150,539,23,8,6,503,6,16,29,37,Matches
305,Luisinho\Luisinho,pt POR,DF,Huesca,36-014,1985,2.0,119,104,15,0,0,9,2,1,0,0,0,0,84,15,20,92,5,7,15,0,100,0,2,1,2,Matches
306,Luismi\Luismi,es ESP,MFDF,Elche,29-014,1992,1.9,109,106,3,3,0,15,12,1,0,0,0,0,80,11,18,10,96,2,0,0,94,0,4,4,0,Matches
307,Darwin Machís\Darwin-Machis,ve VEN,FWMF,Granada,28-101,1993,22.0,546,491,55,22,2,109,28,67,27,13,4,2,306,86,154,73,416,37,5,5,340,3,21,20,35,Matches
308,Pablo Maffeo\Pablo-Maffeo,es ESP,DF,Huesca,23-311,1997,21.0,1037,819,218,15,1,145,36,60,0,0,0,0,488,214,335,97,650,60,203,4,728,5,23,23,53,Matches
309,Abdallahi Mahmoud\Abdallahi-Mahmoud,mr MTN,MF,Alavés,21-015,2000,0.7,18,18,0,0,0,4,0,0,0,0,0,0,9,4,5,1,14,2,0,0,13,0,1,0,1,Matches
310,Nemanja Maksimović\Nemanja-Maksimovic,rs SRB,MF,Getafe,26-113,1995,29.4,716,672,44,11,0,126,17,18,2,1,1,0,436,106,174,62,528,86,2,4,547,1,18,8,16,Matches
311,Filip Malbašić\Filip-Malbasic,rs SRB,FWMF,Cádiz,28-182,1992,9.4,173,165,8,1,0,40,5,14,1,0,0,0,88,43,42,21,126,14,2,2,96,1,7,6,18,Matches
312,Hugo Mallo\Hugo-Mallo,es ESP,DF,Celta Vigo,29-331,1991,28.9,1741,1395,346,39,2,164,31,68,0,0,0,0,972,404,365,163,1142,87,307,7,1339,6,45,44,44,Matches
313,Mickael Malsa\Mickael-Malsa,mq MTQ,MF,Levante,25-219,1995,25.1,1281,1265,16,13,1,214,38,5,0,0,0,0,980,122,179,118,1108,34,2,2,1095,2,21,34,14,Matches
314,Aïssa Mandi\Aissa-Mandi,dz ALG,DF,Betis,29-209,1991,26.6,1496,1442,54,48,0,114,44,1,0,0,0,0,1236,121,139,145,1276,47,4,4,1378,1,11,14,8,Matches
315,Eliaquim Mangala\Eliaquim-Mangala,fr FRA,DF,Valencia,30-095,1991,3.5,105,101,4,4,0,18,1,0,0,0,0,0,64,17,24,54,33,10,0,0,73,0,3,5,4,Matches
316,Maranhão\Maranhao,br BRA,FW,Valladolid,24-211,1996,12.4,196,189,7,0,0,71,8,6,0,0,0,0,100,61,35,26,109,20,1,10,123,2,9,11,10,Matches
317,Marcelo\Marcelo,br BRA,DF,Real Madrid,33-007,1988,11.4,857,760,97,13,2,69,29,39,0,0,0,0,546,164,147,670,86,12,84,3,696,4,12,17,22,Matches
318,Iván Marcone\Ivan-Marcone,ar ARG,MF,Elche,30-350,1990,29.1,1514,1455,59,57,1,271,53,4,1,1,0,0,1119,151,244,127,1320,43,0,4,1313,3,18,35,28,Matches
319,Óscar de Marcos\Oscar-de-Marcos,es ESP,DFMF,Athletic Club,32-035,1989,16.8,752,624,128,10,0,74,8,43,1,0,0,0,426,180,146,53,542,30,117,6,572,1,14,31,36,Matches
320,José Mari\Jose-Mari,es ESP,MF,Cádiz,33-164,1987,15.1,446,417,29,24,1,94,25,4,3,0,2,1,250,67,129,39,353,26,1,3,318,1,22,8,8,Matches
321,José María Giménez\Jose-Maria-Gimenez,uy URU,DF,Atlético Madrid,26-119,1995,18.6,1060,1008,52,31,1,66,47,1,0,0,0,0,825,70,165,166,812,34,20,8,934,4,17,8,11,Matches
322,Mariano\Mariano,do DOM,FW,Real Madrid,27-291,1993,5.4,98,88,10,0,0,33,1,0,0,0,0,0,69,17,12,14,68,4,1,0,75,0,0,2,4,Matches
323,Adrián Marín\Adrian-Marin,es ESP,DFMF,Alavés,24-130,1997,1.0,54,44,10,1,1,5,1,0,0,0,0,0,24,20,10,36,3,4,9,0,40,1,0,1,2,Matches
324,Adrián Marín\Adrian-Marin,es ESP,DFFW,Granada,24-130,1997,2.8,112,90,22,2,0,16,2,3,0,0,0,0,53,12,47,78,1,11,20,0,79,1,1,3,1,Matches
325,Roger Martí\Roger-Marti,es ESP,FW,Levante,30-136,1991,23.4,506,465,41,1,2,114,13,16,0,0,0,0,349,81,76,57,402,20,0,14,346,5,8,24,29,Matches
326,Aarón Martín\Aaron-Martin,es ESP,DF,Celta Vigo,24-027,1997,16.1,808,653,155,18,1,72,9,40,0,0,0,0,495,165,148,601,54,10,137,0,651,1,9,20,23,Matches
327,Álex Martín\Alex-Martin,es ESP,DF,Cádiz,23-114,1998,1.1,38,32,6,2,0,3,2,1,0,0,0,0,22,6,10,1,32,1,4,0,28,1,0,0,1,Matches
328,Iñigo Martínez\Inigo-Martinez,es ESP,DF,Athletic Club,30-002,1991,28.0,1427,1343,84,74,1,144,73,9,0,0,0,0,953,152,322,1036,264,80,10,7,1193,6,27,27,21,Matches
329,Javi Martínez\Javi-Martinez,es ESP,MFFW,Osasuna,21-148,1999,5.0,152,151,1,0,0,25,6,3,0,0,0,0,90,27,35,18,110,19,0,1,104,0,2,3,8,Matches
330,Marvin\Marvin,es ESP,DFFW,Real Madrid,20-320,2000,1.5,81,70,11,0,0,14,1,4,0,0,0,0,58,17,6,4,61,1,11,0,69,0,1,1,1,Matches
331,Jordi Masip\Jordi-Masip,es ESP,GK,Valladolid,32-136,1989,24.0,764,479,285,81,0,41,10,0,0,0,0,0,202,31,531,16,590,0,0,89,395,5,24,3,2,Matches
332,Jaime Mata\Jaime-Mata,es ESP,FW,Getafe,32-207,1988,22.5,596,571,25,0,0,178,9,36,1,1,0,0,309,148,139,63,363,68,8,19,394,2,12,20,32,Matches
333,Borja Mayoral\Borja-Mayoral,es ESP,FW,Real Madrid,24-044,1997,0.3,5,5,0,0,0,1,1,0,0,0,0,0,3,1,1,1,4,0,0,0,3,0,0,0,1,Matches
334,Gonzalo Melero\Gonzalo-Melero,es ESP,MFFW,Levante,27-137,1994,19.6,976,944,32,18,3,182,12,4,3,0,0,0,805,104,67,93,808,32,5,16,867,2,11,24,19,Matches
335,Brais Méndez\Brais-Mendez,es ESP,MFFW,Celta Vigo,24-132,1997,28.7,1138,1096,42,14,5,209,26,25,10,4,5,0,830,156,152,924,121,52,13,9,893,2,21,36,39,Matches
336,Édgar Méndez\Edgar-Mendez,es ESP,MFFW,Alavés,31-137,1990,22.4,477,447,30,3,0,117,23,46,1,0,0,0,225,95,157,73,299,39,19,6,274,6,17,17,30,Matches
337,Eñaut Mendía\Enaut-Mendia,es ESP,FW,Eibar,21-328,1999,0.7,11,11,0,0,0,4,0,0,0,0,0,0,8,3,0,0,9,2,0,0,5,0,1,0,2,Matches
338,Ferland Mendy\Ferland-Mendy,fr FRA,DF,Real Madrid,25-345,1995,24.5,1475,1298,177,12,1,170,30,40,0,0,0,0,1114,230,131,903,373,26,165,3,1324,3,13,25,26,Matches
339,Mikel Merino\Mikel-Merino,es ESP,MF,Real Sociedad,24-331,1996,23.9,1210,1179,31,29,6,251,34,14,1,0,0,0,815,171,224,954,123,70,1,7,922,14,29,24,37,Matches
340,Martín Merquelanz\Martin-Merquelanz,es ESP,FWMF,Real Sociedad,25-341,1995,6.1,256,213,43,11,0,33,15,14,23,8,9,1,163,39,54,211,24,8,9,2,173,4,4,8,24,Matches
341,Roque Mesa\Roque-Mesa,es ESP,MF,Valladolid,31-346,1989,18.9,911,832,79,45,1,156,51,21,30,9,6,5,640,88,183,175,690,31,0,6,719,5,16,19,27,Matches
342,Lionel Messi\Lionel-Messi,ar ARG,FWMF,Barcelona,33-329,1987,33.6,2418,2185,233,87,23,431,54,66,101,36,21,3,1898,220,300,2137,243,12,3,13,1990,20,25,75,73,Matches
343,Omenuke Mfulu\Omenuke-Mfulu,cd COD,MF,Elche,27-060,1994,7.9,312,304,8,6,0,62,9,1,0,0,0,0,247,32,33,33,260,16,1,1,277,0,6,4,6,Matches
344,Míchel\Michel,es ESP,MF,Valladolid,32-294,1988,10.2,632,570,62,41,1,110,34,21,18,7,7,0,420,69,143,73,524,21,3,4,501,3,15,14,15,Matches
345,Éder Militão\Eder-Militao,br BRA,DF,Real Madrid,23-121,1998,11.6,697,678,19,13,0,59,43,2,0,0,0,0,557,51,89,64,598,19,6,3,631,1,10,8,6,Matches
346,Luis Milla\Luis-Milla,es ESP,MF,Granada,26-224,1994,13.9,535,478,57,36,1,99,27,10,17,5,6,1,348,42,145,48,452,22,1,1,416,5,12,14,10,Matches
347,Pere Milla\Pere-Milla,es ESP,FWMF,Elche,28-238,1992,21.0,546,525,21,0,1,159,8,5,0,0,0,0,370,87,89,377,87,34,5,17,401,4,14,19,31,Matches
348,Alejandro Millán\Alejandro-Millan,es ESP,FW,Villarreal,21-193,1999,0.0,1,1,0,0,0,1,0,0,0,0,0,0,1,0,0,0,1,0,0,0,0,0,0,0,0,Matches
349,Santi Mina\Santi-Mina,es ESP,FW,Celta Vigo,25-163,1995,25.8,594,574,20,1,0,201,13,8,0,0,0,0,328,151,115,48,386,49,5,27,437,3,16,14,20,Matches
350,Óscar Mingueza\Oscar-Mingueza,es ESP,DF,Barcelona,22-006,1999,20.6,1632,1525,107,38,3,137,11,14,0,0,0,0,1391,140,101,178,1339,37,68,2,1499,3,15,16,26,Matches
351,Rafa Mir\Rafa-Mir,es ESP,FW,Huesca,23-335,1997,31.0,462,431,31,0,1,155,14,17,0,0,0,0,212,133,117,31,267,67,2,15,277,10,15,9,30,Matches
352,Jorge Miramón\Jorge-Miramon,es ESP,DF,Levante,31-351,1989,19.2,1053,852,201,10,0,119,26,53,1,0,0,0,570,263,220,35,778,37,190,2,824,2,25,24,41,Matches
353,Juan Miranda\Juan-Miranda,es ESP,DF,Betis,21-120,2000,17.9,923,730,193,19,0,70,17,52,2,1,1,0,502,195,226,655,34,39,172,4,696,5,13,31,20,Matches
354,Luka Modrić\Luka-Modric,hr CRO,MF,Real Madrid,35-252,1985,29.4,2222,2105,117,65,11,310,108,48,39,9,17,1,1665,249,308,251,1901,27,13,14,1935,6,32,43,45,Matches
355,Johan Mojica\Johan-Mojica,co COL,DF,Elche,28-271,1992,13.2,696,579,117,15,0,100,8,44,0,0,0,0,359,162,175,526,34,24,102,2,512,2,12,28,28,Matches
356,Guillem Molina\Guillem-Molina,es ESP,DF,Valencia,21-016,2000,1.7,70,55,15,2,0,6,1,0,0,0,0,0,44,17,9,3,45,6,13,0,56,0,1,3,2,Matches
357,Jorge Molina\Jorge-Molina,es ESP,FWMF,Granada,39-027,1982,17.2,451,417,34,0,4,154,6,6,0,0,0,0,231,111,109,120,199,45,2,12,284,4,10,16,27,Matches
358,Victor Mollejo\Victor-Mollejo,es ESP,MFDF,Getafe,20-118,2001,0.8,34,31,3,0,0,5,0,2,0,0,0,0,21,6,7,22,4,4,3,0,24,0,0,0,2,Matches
359,Jon Moncayola\Jon-Moncayola,es ESP,MF,Osasuna,23-006,1998,29.1,1106,1083,23,15,2,163,59,24,1,0,1,0,708,150,248,101,895,71,6,3,905,0,29,19,17,Matches
360,Nacho Monreal\Nacho-Monreal,es ESP,DF,Real Sociedad,35-082,1986,22.1,1152,936,216,23,1,122,7,39,0,0,0,0,707,242,203,797,87,52,193,2,930,6,8,17,41,Matches
361,Ángel Montoro\Angel-Montoro,es ESP,MF,Granada,32-328,1988,15.1,745,626,119,72,4,117,65,31,32,10,9,3,405,87,253,71,639,20,3,2,518,9,32,17,26,Matches
362,Martín Montoya\Martin-Montoya,es ESP,DF,Betis,30-035,1991,2.7,163,133,30,4,0,14,3,5,0,0,0,0,96,30,37,20,103,8,26,0,125,1,3,4,4,Matches
363,Emre Mor\Emre-Mor,tr TUR,FWMF,Celta Vigo,23-299,1997,5.6,124,110,14,4,0,24,2,4,2,2,0,0,89,21,14,104,10,3,2,1,95,0,5,6,2,Matches
364,Jon Morcillo\Jon-Morcillo,es ESP,MFFW,Athletic Club,22-246,1998,15.1,518,454,64,19,1,110,36,76,39,12,20,1,271,88,159,409,70,19,6,1,319,2,13,16,28,Matches
365,Alberto Moreno\Alberto-Moreno,es ESP,DF,Villarreal,28-318,1992,2.1,100,87,13,1,0,15,4,4,0,0,0,0,67,23,10,84,0,4,12,0,84,1,2,4,3,Matches
366,Álex Moreno\Alex-Moreno,es ESP,DF,Betis,27-345,1993,19.3,1150,972,178,12,0,118,19,47,1,0,1,0,678,233,239,814,83,69,165,3,900,5,26,18,35,Matches
367,Gerard Moreno\Gerard-Moreno,es ESP,FWMF,Villarreal,29-042,1992,28.8,1078,1057,21,1,11,299,40,42,0,0,0,0,698,204,176,761,214,40,5,13,741,11,27,48,56,Matches
368,Tete Morente\Tete-Morente,es ESP,MFFW,Elche,24-166,1996,22.4,742,706,36,9,0,138,42,53,20,10,4,0,477,129,136,112,560,41,6,6,557,2,16,8,39,Matches
369,Loren Morón\Loren-Moron,es ESP,FWMF,Betis,27-140,1993,10.9,191,180,11,1,0,61,9,2,0,0,0,0,111,46,34,8,144,10,1,5,135,1,5,2,7,Matches
370,Pedro Mosquera\Pedro-Mosquera,es ESP,MF,Huesca,33-028,1988,22.8,1211,1126,85,85,0,216,57,2,0,0,0,0,840,105,266,1005,122,62,0,1,1040,3,13,21,9,Matches
371,Javi Moyano\Javi-Moyano,es ESP,DF,Valladolid,35-085,1986,1.1,41,27,14,2,0,6,1,1,0,0,0,0,17,5,19,4,20,2,12,0,28,0,1,0,1,Matches
372,Iker Muniain\Iker-Muniain,es ESP,MFFW,Athletic Club,28-151,1992,21.6,1051,929,122,35,5,141,34,34,45,13,16,3,760,154,137,55,932,25,23,7,860,8,12,25,20,Matches
373,Aihen Muñoz\Aihen-Munoz,es ESP,DF,Real Sociedad,23-276,1997,13.4,748,564,184,8,0,77,16,50,2,2,0,0,349,161,238,468,56,40,174,1,510,1,23,25,34,Matches
374,Joaquín Muñoz\Joaquin-Munoz,es ESP,FW,Huesca,22-070,1999,0.5,19,16,3,0,0,6,0,0,0,0,0,0,10,6,3,3,11,0,3,1,12,1,0,0,3,Matches
375,Jeison Murillo\Jeison-Murillo,co COL,DF,Celta Vigo,28-357,1992,30.0,1586,1535,51,47,1,99,65,0,0,0,0,0,1274,114,198,404,1084,58,4,6,1427,1,21,9,8,Matches
376,Yunus Musah\Yunus-Musah,us USA,MF,Valencia,18-171,2002,16.9,441,431,10,2,0,86,7,18,2,0,1,0,323,72,46,54,341,22,6,4,330,2,13,9,15,Matches
377,Yoshinori Mutō\Yoshinori-Muto,jp JPN,FWMF,Eibar,28-308,1992,12.5,241,228,13,1,1,63,1,7,0,0,0,0,139,57,45,48,114,34,4,11,163,1,4,8,15,Matches
378,Nacho\Nacho,es ESP,DF,Real Madrid,31-121,1990,22.0,1223,1157,66,30,0,115,34,12,0,0,0,0,955,135,133,228,906,38,36,3,1110,2,15,9,17,Matches
379,Nacho\Nacho,es ESP,DF,Valladolid,32-073,1989,20.1,1053,835,218,32,0,127,35,43,2,0,0,0,494,218,341,691,134,32,184,4,760,6,20,30,48,Matches
380,Nano\Nano,es ESP,FWMF,Cádiz,26-103,1995,0.1,3,3,0,0,0,1,0,0,0,0,0,0,3,0,0,1,2,0,0,0,1,0,0,0,0,Matches
381,Roberto Navarro\Roberto-Navarro,es ESP,MF,Real Sociedad,19-037,2002,0.4,22,19,3,1,0,5,1,0,2,0,0,2,16,3,3,3,18,1,0,0,17,0,1,0,1,Matches
382,Ximo Navarro\Ximo-Navarro,es ESP,DF,Alavés,31-116,1990,25.4,1026,759,267,33,0,114,28,24,0,0,0,0,523,196,307,103,624,50,234,3,788,1,26,20,32,Matches
383,Jesús Navas\Jesus-Navas,es ESP,DF,Sevilla,35-179,1985,31.4,2102,1785,317,29,1,210,61,130,2,0,0,0,1182,447,473,141,1593,65,286,4,1676,9,35,39,83,Matches
384,Raúl Navas\Raul-Navas,es ESP,DF,Osasuna,33-008,1988,1.9,58,55,3,3,0,8,3,0,0,0,0,0,31,4,23,11,42,2,0,2,45,0,0,2,0,Matches
385,Álvaro Negredo\Alvaro-Negredo,es ESP,FW,Cádiz,35-272,1985,23.6,554,500,54,1,7,196,22,12,0,0,0,0,206,179,169,291,62,67,4,23,320,3,16,15,21,Matches
386,Neto\Neto,br BRA,GK,Barcelona,31-304,1989,6.0,191,146,45,4,0,22,1,0,0,0,0,0,140,9,42,20,141,0,0,30,170,0,1,0,1,Matches
387,Carlos Neva\Carlos-Neva,es ESP,DF,Granada,24-341,1996,20.0,621,411,210,7,0,61,11,32,1,1,0,0,259,181,181,346,39,28,202,2,442,0,18,8,39,Matches
388,Mamor Niang\Mamor-Niang,sn SEN,FWMF,Getafe,19-104,2002,0.2,5,3,2,0,0,0,0,0,0,0,0,0,4,0,1,2,2,0,0,1,4,0,0,0,0,Matches
389,Nieto\Nieto,es ESP,FWMF,Cádiz,23-051,1998,0.2,6,6,0,0,0,0,0,0,0,0,0,0,5,0,1,0,6,0,0,0,5,0,0,0,1,Matches
390,Saúl Ñíguez\Saul-Niguez,es ESP,MFDF,Atlético Madrid,26-179,1994,21.9,1148,1104,44,10,0,171,14,26,1,1,0,0,807,185,156,784,199,74,32,11,963,5,18,29,20,Matches
391,Nino\Nino,es ESP,FWMF,Elche,40-343,1980,3.1,122,117,5,0,0,27,6,3,0,0,0,0,83,20,19,15,93,4,1,8,106,0,1,1,1,Matches
392,Fernando Niño\Fernando-Nino,es ESP,FW,Villarreal,20-207,2000,6.6,131,117,14,1,0,34,4,1,0,0,0,0,95,22,14,17,100,2,0,1,99,0,4,3,9,Matches
393,Nolito\Nolito,es ESP,MFFW,Celta Vigo,34-216,1986,28.2,985,902,83,46,9,137,21,24,26,8,9,3,657,124,204,72,859,34,8,4,723,11,14,37,40,Matches
394,Unai Núñez\Unai-Nunez,es ESP,DF,Athletic Club,24-109,1997,22.4,1104,1067,37,33,2,108,77,1,0,0,0,0,781,96,227,111,907,52,4,2,939,2,24,20,7,Matches
395,Kelechi Nwakali\Kelechi-Nwakali,ng NGA,MFFW,Huesca,22-348,1998,1.6,81,77,4,3,0,15,3,0,0,0,0,0,65,9,7,6,71,3,0,0,70,0,3,3,0,Matches
396,Allan Nyom\Allan-Nyom,cm CMR,MFDF,Getafe,33-009,1988,24.8,851,695,156,9,0,132,32,78,1,0,0,0,337,199,315,139,432,83,146,5,550,4,27,19,38,Matches
397,Jan Oblak\Jan-Oblak,si SVN,GK,Atlético Madrid,28-132,1993,37.0,975,593,382,96,0,51,30,0,0,0,0,0,344,50,581,44,755,0,2,118,631,3,30,7,1,Matches
398,Lucas Ocampos\Lucas-Ocampos,ar ARG,FW,Sevilla,26-312,1994,28.6,978,922,56,8,4,197,29,45,0,0,0,0,667,167,144,78,777,42,48,6,750,2,21,30,49,Matches
399,Álvaro Odriozola\Alvaro-Odriozola,es ESP,DF,Real Madrid,25-156,1995,8.5,425,349,76,2,0,29,3,28,0,0,0,0,287,81,57,11,332,5,74,2,366,0,4,4,13,Matches
400,Shinji Okazaki\Shinji-Okazaki,jp JPN,FW,Huesca,35-033,1986,12.5,171,157,14,1,0,55,1,3,0,0,0,0,111,37,23,23,109,14,0,5,130,0,1,3,5,Matches
401,Lucas Olaza\Lucas-Olaza,uy URU,DF,Celta Vigo,26-302,1994,17.9,1003,839,164,30,1,82,12,43,3,0,3,0,571,213,219,759,62,33,131,3,774,4,10,18,36,Matches
402,Lucas Olaza\Lucas-Olaza,uy URU,DF,Valladolid,26-302,1994,13.0,628,485,143,17,0,84,18,37,14,4,9,0,283,123,222,456,27,23,112,0,458,5,5,19,21,Matches
403,Christian Oliva\Christian-Oliva,uy URU,MF,Valencia,24-352,1996,2.2,103,101,2,2,0,19,2,0,0,0,0,0,74,16,13,9,90,3,0,0,84,1,1,2,5,Matches
404,Kiko Olivas\Kiko-Olivas,es ESP,DFMF,Valladolid,32-271,1988,1.0,56,55,1,1,0,10,0,0,0,0,0,0,49,4,3,1,51,2,0,1,51,0,0,2,0,Matches
405,Paulo Oliveira\Paulo-Oliveira,pt POR,DF,Eibar,29-131,1992,28.5,1107,1064,43,41,1,155,45,1,0,0,0,0,574,104,429,58,860,127,2,1,782,2,62,12,12,Matches
406,Mathías Olivera\Mathias-Olivera,uy URU,DF,Getafe,23-200,1997,29.0,1129,844,285,19,0,192,22,51,0,0,0,0,483,311,335,659,77,74,266,5,790,4,19,35,57,Matches
407,Javier Ontiveros\Javier-Ontiveros,es ESP,FWMF,Huesca,23-252,1997,10.2,471,439,32,13,4,91,21,20,12,3,5,0,332,59,80,34,406,16,7,3,364,2,8,17,15,Matches
408,Fabián Orellana\Fabian-Orellana,cl CHI,MFFW,Valladolid,35-112,1986,23.8,818,721,97,32,2,138,45,55,29,12,4,1,477,150,191,126,603,50,22,8,593,5,21,25,45,Matches
409,Mikel Oyarzabal\Mikel-Oyarzabal,es ESP,FWMF,Real Sociedad,24-028,1997,25.9,965,827,138,47,1,189,57,53,83,30,40,6,590,152,223,777,111,40,8,13,677,2,24,30,50,Matches
410,Fernando Pacheco\Fernando-Pacheco,es ESP,GK,Alavés,29-001,1992,37.0,1070,638,432,137,0,39,30,0,0,0,0,0,393,45,632,609,257,0,0,112,746,7,21,7,3,Matches
411,Jon Pacheco\Jon-Pacheco,es ESP,DF,Real Sociedad,20-131,2001,0.4,51,51,0,0,0,6,0,0,0,0,0,0,46,0,5,46,3,2,0,0,47,0,2,0,1,Matches
412,Helibelton Palacios\Helibelton-Palacios,co COL,DF,Elche,27-344,1993,8.1,318,241,77,4,0,41,5,10,0,0,0,0,173,47,98,35,196,10,73,0,234,2,10,15,5,Matches
413,Ante Palaversa\Ante-Palaversa,hr CRO,MFFW,Getafe,21-043,2000,0.1,11,7,4,0,0,0,0,0,3,1,2,0,5,1,5,1,9,0,1,0,8,0,0,0,0,Matches
414,Daniel Parejo\Daniel-Parejo,es ESP,MF,Villarreal,32-033,1989,33.6,2695,2464,231,137,6,346,121,42,90,32,27,2,2083,245,367,292,2308,58,4,14,2383,9,28,47,42,Matches
415,Thomas Partey\Thomas-Partey,gh GHA,MF,Atlético Madrid,27-340,1993,2.2,220,217,3,2,0,28,9,0,1,1,0,0,170,15,35,14,197,4,0,2,196,0,2,6,1,Matches
416,Gabriel Paulista\Gabriel-Paulista,br BRA,DF,Valencia,30-174,1990,29.2,1467,1378,89,81,1,140,66,0,0,0,0,0,1067,143,257,127,1232,66,8,8,1301,5,19,16,14,Matches
417,Alfonso Pedraza\Alfonso-Pedraza,es ESP,DF,Villarreal,25-040,1996,22.3,1165,979,186,7,1,158,15,84,1,0,0,0,741,267,157,845,78,40,178,4,924,2,23,23,59,Matches
418,Pedri\Pedri,es ESP,MF,Barcelona,18-175,2002,26.8,1729,1678,51,16,8,290,40,11,27,2,0,1,1482,134,113,291,1403,19,7,3,1514,6,17,48,34,Matches
419,Facundo Pellistri\Facundo-Pellistri,uy URU,MF,Alavés,19-150,2001,5.3,102,100,2,0,0,26,0,9,0,0,0,0,64,26,12,7,76,11,2,1,68,0,2,6,5,Matches
420,Rubén Peña\Ruben-Pena,es ESP,DF,Villarreal,29-305,1991,12.1,580,488,92,10,0,78,10,35,1,0,0,0,348,118,114,39,433,11,81,3,444,4,10,14,21,Matches
421,Pepe\Pepe,es ESP,DF,Granada,21-078,2000,1.8,55,42,13,0,0,2,0,0,0,0,0,0,19,14,22,3,26,12,13,1,35,0,3,2,1,Matches
422,Alberto Perea\Alberto-Perea,es ESP,MF,Cádiz,30-151,1990,16.4,509,475,34,8,2,111,20,34,9,4,3,0,338,84,87,82,395,11,17,1,379,1,11,15,24,Matches
423,Iñigo Pérez\Inigo-Perez,es ESP,MFDF,Osasuna,33-121,1988,14.1,629,523,106,31,0,81,23,25,13,3,4,1,342,120,167,461,51,41,62,3,442,1,13,19,23,Matches
424,Juan Pérez\Juan-Perez,es ESP,GK,Osasuna,24-308,1996,2.0,49,25,24,5,0,2,1,0,0,0,0,0,14,2,33,2,40,0,0,4,24,1,2,0,0,Matches
425,Kike Pérez\Kike-Perez,es ESP,MF,Valladolid,24-094,1997,12.8,533,516,17,11,4,106,24,11,0,0,0,0,383,70,80,381,103,19,2,4,431,1,10,14,13,Matches
426,Lucas Pérez\Lucas-Perez,es ESP,FW,Alavés,32-251,1988,19.4,666,485,181,59,1,107,62,56,80,18,36,10,364,91,211,578,57,17,5,2,412,4,22,18,35,Matches
427,Luis Pérez\Luis-Perez,es ESP,DF,Valladolid,26-104,1995,14.4,625,479,146,4,0,71,6,36,0,0,0,0,284,146,195,6,424,32,142,3,434,3,14,12,31,Matches
428,Nehuén Pérez\Nehuen-Perez,ar ARG,DF,Granada,20-329,2000,8.2,192,180,12,10,0,22,8,0,0,0,0,0,123,24,45,32,138,12,2,0,150,2,8,1,1,Matches
429,Pablo Piatti\Pablo-Piatti,ar ARG,MFFW,Elche,32-049,1989,3.3,110,104,6,1,0,19,2,10,3,3,0,0,76,15,19,95,12,1,2,0,78,0,2,5,4,Matches
430,Cristiano Piccini\Cristiano-Piccini,it ITA,DF,Valencia,28-235,1992,0.7,31,27,4,1,0,0,3,2,0,0,0,0,18,5,8,3,23,2,3,0,23,0,2,0,1,Matches
431,Tomás Pina Isla\Tomas-Pina-Isla,es ESP,MF,Alavés,33-217,1987,27.6,896,876,20,16,0,176,12,5,0,0,0,0,632,117,147,406,374,73,3,6,745,2,9,18,14,Matches
432,Yeremi Pino\Yeremi-Pino,es ESP,FWMF,Villarreal,18-211,2002,8.0,285,281,4,0,2,69,1,11,0,0,0,0,212,47,26,33,223,16,3,3,224,0,4,13,13,Matches
433,Gerard Piqué\Gerard-Pique,es ESP,DF,Barcelona,34-106,1987,16.5,1247,1204,43,36,0,91,32,1,0,0,0,0,1033,93,121,72,1079,45,5,10,1173,1,14,6,4,Matches
434,Miralem Pjanić\Miralem-Pjanic,ba BIH,MF,Barcelona,31-047,1990,6.8,747,711,36,20,1,80,6,1,13,4,1,0,625,68,54,53,666,14,3,6,681,2,5,12,13,Matches
435,Óscar Plano\Oscar-Plano,es ESP,MFFW,Valladolid,30-097,1991,27.0,821,787,34,10,2,201,20,28,17,2,2,0,547,121,153,586,113,66,6,5,606,5,20,31,29,Matches
436,Dani Plomer\Dani-Plomer,es ESP,FW,Granada,22-170,1998,0.5,3,3,0,0,0,2,0,0,0,0,0,0,2,1,0,0,3,0,0,0,3,0,0,0,0,Matches
437,Jorge Pombo\Jorge-Pombo,es ESP,FWMF,Cádiz,27-086,1994,5.6,175,161,14,5,0,24,9,8,7,4,3,0,113,22,40,19,145,5,0,4,134,0,4,0,5,Matches
438,Pere Pons\Pere-Pons,es ESP,MF,Alavés,28-088,1993,12.4,353,347,6,5,1,65,5,8,0,0,0,0,239,49,65,63,246,30,1,2,271,3,7,6,12,Matches
439,Francisco Portillo\Francisco-Portillo,es ESP,MFFW,Getafe,30-340,1990,4.6,274,262,12,5,0,44,1,12,0,0,0,0,163,47,64,10,246,9,7,1,204,4,4,7,19,Matches
440,Portu\Portu,es ESP,FWMF,Real Sociedad,28-363,1992,23.4,552,531,21,5,0,126,13,55,11,6,3,0,339,105,108,22,474,25,3,10,373,2,8,11,38,Matches
441,Sergio Postigo\Sergio-Postigo,es ESP,DF,Levante,32-196,1988,18.0,825,773,52,50,1,95,20,1,0,0,0,0,592,78,155,77,712,22,2,3,705,0,14,10,8,Matches
442,Darío Poveda\Dario-Poveda,es ESP,FW,Getafe,24-067,1997,0.1,5,5,0,0,0,2,0,0,0,0,0,0,2,2,1,0,2,1,0,0,2,0,0,2,0,Matches
443,Alejandro Pozo Pozo\Alejandro-Pozo-Pozo,es ESP,DFMF,Eibar,22-086,1999,24.2,1130,933,197,17,0,110,30,59,0,0,0,0,564,260,306,121,771,48,180,2,817,2,25,29,43,Matches
444,Antonio Puertas\Antonio-Puertas,es ESP,FWMF,Granada,29-087,1992,23.1,637,592,45,3,4,195,11,39,2,2,0,0,363,133,141,122,395,29,37,7,423,4,17,28,44,Matches
445,Riqui Puig\Riqui-Puig,es ESP,MF,Barcelona,21-279,1999,2.8,313,305,8,5,2,51,4,0,2,1,0,0,274,17,22,12,297,3,1,0,286,2,2,8,1,Matches
446,Jorge Pulido\Jorge-Pulido,es ESP,DF,Huesca,30-041,1991,31.1,1582,1508,74,51,0,217,47,7,0,0,0,0,1161,132,289,158,1264,94,22,5,1334,3,28,23,20,Matches
447,Domingos Quina\Domingos-Quina,pt POR,MF,Granada,21-182,1999,3.8,96,93,3,3,0,16,2,2,0,0,0,0,71,13,12,19,69,5,0,0,73,0,4,1,4,Matches
448,Quini\Quini,es ESP,DF,Granada,31-237,1989,13.2,509,378,131,4,0,70,12,17,0,0,0,0,237,134,138,90,246,26,127,2,361,3,13,17,23,Matches
449,Quique\Quique,es ESP,FWMF,Eibar,31-003,1990,1.7,46,44,2,0,0,15,1,0,0,0,0,0,30,4,12,29,5,6,0,1,32,0,1,2,2,Matches
450,Dani Raba\Dani-Raba,es ESP,MF,Villarreal,25-202,1995,1.6,78,69,9,4,0,13,4,4,3,3,0,0,55,6,17,59,13,4,2,0,62,0,0,2,0,Matches
451,Uroš Račić\Uros-Racic,rs SRB,MF,Valencia,23-063,1998,23.3,1049,1033,16,13,0,249,55,1,1,0,1,0,711,156,182,139,792,51,2,7,844,2,23,28,21,Matches
452,Nemanja Radoja\Nemanja-Radoja,rs SRB,MF,Levante,28-102,1993,12.5,683,673,10,9,0,115,19,3,0,0,0,0,522,68,93,122,514,25,1,2,603,0,9,10,4,Matches
453,Ivan Rakitić\Ivan-Rakitic,hr CRO,MF,Sevilla,33-070,1988,24.4,1667,1585,82,58,2,192,99,14,8,1,5,1,1228,175,264,187,1370,62,12,11,1462,6,29,28,17,Matches
454,Jonás Ramalho\Jonas-Ramalho,es ESP,DF,Osasuna,27-343,1993,3.0,120,87,33,2,0,21,4,2,0,0,0,0,58,24,38,10,70,3,31,0,89,0,1,3,1,Matches
455,Sandro Ramírez\Sandro-Ramirez,es ESP,FWMF,Huesca,25-314,1995,13.3,301,280,21,5,0,63,11,18,0,0,0,0,224,43,34,25,246,20,1,3,226,3,4,8,15,Matches
456,Sergio Ramos\Sergio-Ramos,es ESP,DF,Real Madrid,35-050,1986,14.2,1114,1085,29,24,0,75,74,5,0,0,0,0,818,136,160,155,896,34,5,7,1023,3,21,4,15,Matches
457,Recio\Recio,es ESP,MF,Eibar,30-128,1991,8.2,430,388,42,18,0,86,20,20,19,13,5,1,289,54,87,19,379,19,2,5,343,2,8,7,15,Matches
458,Francisco Reis Ferreira\Francisco-Reis-Ferreira,pt POR,DF,Valencia,24-054,1997,2.0,76,71,5,5,0,10,1,0,0,0,0,0,54,12,10,11,61,4,0,0,67,0,2,2,2,Matches
459,Karim Rekik\Karim-Rekik,nl NED,DF,Sevilla,26-168,1994,6.3,417,358,59,3,0,43,4,8,0,0,0,0,309,52,56,301,41,14,56,1,363,1,6,11,3,Matches
460,Álex Remiro\Alex-Remiro,es ESP,GK,Real Sociedad,26-056,1995,37.0,1174,842,332,121,0,108,27,0,0,0,0,0,557,72,545,147,848,0,0,125,838,4,30,10,2,Matches
461,Oriol Rey\Oriol-Rey,es ESP,MF,Valladolid,23-083,1998,0.2,13,13,0,0,0,2,0,0,0,0,0,0,11,0,2,11,1,1,0,0,11,0,0,0,0,Matches
462,Ricard\Ricard,es ESP,DF,Atlético Madrid,21-086,2000,0.3,20,16,4,0,0,1,1,2,0,0,0,0,11,3,6,1,14,1,4,0,14,0,0,0,2,Matches
463,Mikel Rico\Mikel-Rico,es ESP,MF,Huesca,36-196,1984,23.5,874,843,31,8,0,190,33,26,3,0,0,0,591,128,155,69,732,44,9,9,682,5,19,24,36,Matches
464,Emiliano Rigoni\Emiliano-Rigoni,ar ARG,MFFW,Elche,28-104,1993,12.7,408,344,64,16,0,86,23,26,35,12,17,1,270,50,88,250,132,11,10,0,303,1,9,14,9,Matches
465,Luis Rioja\Luis-Rioja,es ESP,MFDF,Alavés,27-215,1993,23.0,643,575,68,7,1,130,19,62,15,4,5,4,393,111,139,493,60,30,45,1,431,1,15,26,48,Matches
466,Rober\Rober,es ESP,DFMF,Levante,26-092,1995,14.8,781,750,31,27,1,152,46,1,0,0,0,0,523,89,169,134,598,32,4,2,655,2,16,10,14,Matches
467,Roberto\Roberto,es ESP,GK,Valladolid,35-098,1986,13.0,411,224,187,74,0,29,8,0,0,0,0,0,91,22,298,11,347,1,0,38,200,2,20,4,1,Matches
468,Sergi Roberto\Sergi-Roberto,es ESP,DF,Barcelona,29-101,1992,10.5,887,808,79,7,1,77,2,7,0,0,0,0,699,117,71,126,662,23,72,0,800,3,4,10,25,Matches
469,Joel Robles\Joel-Robles,es ESP,GK,Betis,30-336,1990,18.0,565,391,174,58,0,31,18,0,0,0,0,0,240,16,309,46,414,1,0,80,355,4,24,5,0,Matches
470,Rubén Rochina\Ruben-Rochina,es ESP,MF,Levante,30-057,1991,15.6,832,774,58,28,2,147,63,28,20,13,4,1,460,113,259,661,119,22,4,8,600,7,35,23,25,Matches
471,Rodrigo\Rodrigo,es ESP,FWMF,Betis,21-003,2000,5.3,239,230,9,4,0,28,6,10,1,1,0,0,184,29,26,205,21,8,4,0,203,0,1,7,6,Matches
472,Kévin Rodrigues\Kevin-Rodrigues,pt POR,DFMF,Eibar,27-075,1994,12.2,556,465,91,11,0,93,32,41,19,9,8,1,286,90,180,377,80,27,61,2,376,2,15,11,20,Matches
473,Óscar Rodríguez Arnaiz\Oscar-Rodriguez-Arnaiz,es ESP,MFFW,Sevilla,22-325,1998,5.3,319,289,30,7,2,51,13,18,22,9,9,0,209,39,71,43,255,13,0,1,243,1,6,14,6,Matches
474,Ángel Rodríguez\Angel-Rodriguez,es ESP,FWMF,Getafe,34-023,1987,15.3,318,304,14,0,0,90,10,14,0,0,0,0,185,69,64,35,237,15,3,5,212,3,12,11,16,Matches
475,Guido Rodríguez\Guido-Rodriguez,ar ARG,MF,Betis,27-037,1994,30.8,1620,1562,58,51,3,226,59,4,1,1,0,0,1184,182,254,138,1346,93,6,4,1380,3,23,37,33,Matches
476,Miguel Rodríguez\Miguel-Rodriguez,es ESP,FWMF,Celta Vigo,18-020,2003,0.3,16,16,0,0,0,3,1,1,0,0,0,0,9,3,4,9,5,2,0,0,11,0,1,0,3,Matches
477,Víctor Rodríguez\Victor-Rodriguez,es ESP,MF,Elche,31-300,1989,4.7,325,313,12,11,1,45,8,2,1,0,1,0,265,30,30,53,264,6,0,1,296,0,2,5,5,Matches
478,Rodrygo\Rodrygo,br BRA,FW,Real Madrid,20-130,2001,10.5,405,397,8,0,2,64,5,15,2,2,0,0,316,51,38,41,337,9,6,6,329,1,5,11,22,Matches
479,Facundo Roncaglia\Facundo-Roncaglia,ar ARG,DF,Osasuna,34-098,1987,13.7,560,436,124,21,1,68,26,15,0,0,0,0,227,109,224,77,301,49,103,4,390,4,12,10,21,Matches
480,Rubén\Ruben,es ESP,GKMF,Osasuna,36-331,1984,2.1,61,35,26,10,0,3,0,0,0,0,0,0,7,1,53,4,49,0,0,2,40,0,2,0,0,Matches
481,Waldo Rubio\Waldo-Rubio,es ESP,FW,Valladolid,25-275,1995,4.2,121,118,3,0,1,27,8,3,0,0,0,0,65,34,22,10,103,4,3,1,82,0,5,4,11,Matches
482,Aitor Ruibal\Aitor-Ruibal,es ESP,FWMF,Betis,25-058,1996,17.2,557,545,12,2,0,120,5,23,0,0,0,0,439,64,54,57,460,13,10,6,421,1,6,23,35,Matches
483,Isma Ruiz\Isma-Ruiz,es ESP,MF,Granada,20-094,2001,0.7,21,21,0,0,0,7,1,0,0,0,0,0,10,4,7,0,16,4,0,0,15,0,1,0,0,Matches
484,Víctor Ruiz\Victor-Ruiz,es ESP,DF,Betis,32-114,1989,23.0,1222,1171,51,45,1,133,35,0,0,0,0,0,957,86,179,882,253,55,4,6,1077,3,22,12,5,Matches
485,Gerónimo Rulli\Geronimo-Rulli,ar ARG,GK,Villarreal,28-364,1992,1.0,45,39,6,1,0,1,6,0,0,0,0,0,34,3,8,14,22,0,0,9,42,0,1,0,0,Matches
486,Modibo Sagnan\Modibo-Sagnan,ml MLI,DF,Real Sociedad,22-035,1999,6.9,386,373,13,13,0,38,14,1,0,0,0,0,313,28,45,280,81,16,0,1,335,2,9,6,4,Matches
487,Borja Sainz\Borja-Sainz,es ESP,MFFW,Alavés,20-107,2001,5.0,112,109,3,1,0,20,5,11,0,0,0,0,76,17,19,14,91,3,2,1,86,0,3,1,4,Matches
488,Salvi\Salvi,es ESP,MFFW,Cádiz,30-050,1991,21.5,580,492,88,13,0,91,19,84,24,5,17,0,268,138,174,54,435,24,51,4,327,2,10,19,52,Matches
489,Fede San Emeterio\Fede-San-Emeterio,es ESP,MF,Valladolid,24-064,1997,15.3,503,494,9,8,0,85,16,2,0,0,0,0,311,77,115,43,399,35,1,4,392,1,8,14,8,Matches
490,Antonio Sanabria\Antonio-Sanabria,py PAR,FW,Betis,25-076,1996,10.4,215,195,20,0,1,57,3,1,0,0,0,0,140,36,39,40,133,13,0,0,161,1,3,6,7,Matches
491,Oihan Sancet\Oihan-Sancet,es ESP,FWMF,Athletic Club,21-024,2000,10.9,335,320,15,1,0,88,7,4,1,1,0,0,237,64,34,38,265,12,1,6,247,0,10,24,10,Matches
492,Juan Sánchez Miño\Juan-Sanchez-Mino,ar ARG,DFMF,Elche,31-138,1990,5.5,286,255,31,6,0,45,6,8,0,0,0,0,204,39,43,213,39,5,25,1,241,0,3,4,8,Matches
493,Germán Sánchez\German-Sanchez,es ESP,DF,Granada,34-200,1986,28.3,879,828,51,49,1,113,31,0,0,0,0,0,577,71,231,118,678,45,2,1,684,3,21,10,8,Matches
494,Javi Sánchez\Javi-Sanchez,es ESP,DF,Valladolid,24-066,1997,10.2,356,341,15,15,0,37,21,1,0,0,0,0,259,19,78,97,240,13,0,1,295,2,6,4,2,Matches
495,Manuel Sánchez\Manuel-Sanchez,es ESP,DF,Atlético Madrid,20-268,2000,0.5,31,25,6,0,0,8,0,0,0,0,0,0,20,6,5,17,7,1,6,0,24,0,0,0,3,Matches
496,Manuel Sánchez\Manuel-Sanchez,es ESP,DF,Osasuna,20-268,2000,9.8,488,385,103,3,0,64,12,26,1,0,1,0,262,131,95,295,66,22,99,3,364,4,12,13,17,Matches
497,Oier Sanjurjo\Oier-Sanjurjo,es ESP,MF,Osasuna,34-359,1986,22.2,807,791,16,13,4,180,16,5,0,0,0,0,418,151,238,113,547,87,3,5,549,8,27,30,28,Matches
498,Ivan Šaponjić\Ivan-Saponjic,rs SRB,FW,Cádiz,23-290,1997,4.3,80,74,6,0,0,33,0,0,0,0,0,0,48,23,9,5,50,6,0,6,63,0,4,2,2,Matches
499,Stefan Savić\Stefan-Savic,me MNE,DF,Atlético Madrid,30-131,1991,32.8,1727,1674,53,46,1,180,58,2,0,0,0,0,1299,135,293,124,1461,77,7,8,1490,3,21,25,21,Matches
500,Jaime Seoane\Jaime-Seoane,es ESP,MF,Huesca,24-117,1997,22.0,834,808,26,18,2,164,43,14,4,2,1,0,550,125,159,95,659,51,1,7,641,2,25,15,38,Matches
501,Edgar Sevikyan\Edgar-Sevikyan,ru RUS,MF,Levante,19-284,2001,0.1,5,5,0,0,0,1,1,1,0,0,0,0,2,0,3,3,1,1,0,0,3,0,1,1,0,Matches
502,Sidnei\Sidnei,br BRA,DF,Betis,31-269,1989,7.7,510,496,14,13,0,60,14,0,0,0,0,0,399,32,79,93,388,16,0,4,462,0,5,2,4,Matches
503,David Silva\David-Silva,es ESP,MF,Real Sociedad,35-131,1986,14.7,827,794,33,22,8,95,23,11,6,4,2,0,605,108,114,690,95,28,3,2,696,10,11,20,24,Matches
504,Gastón Silva\Gaston-Silva,uy URU,DF,Huesca,27-075,1994,6.4,307,288,19,16,0,37,13,1,0,0,0,0,227,38,42,244,52,5,3,0,265,0,10,5,3,Matches
505,Rui Silva\Rui-Silva,pt POR,GK,Granada,27-101,1994,32.0,1075,679,396,130,0,65,20,0,0,0,0,0,283,17,775,717,181,1,0,68,591,6,43,7,3,Matches
506,Unai Simón\Unai-Simon,es ESP,GK,Athletic Club,23-342,1997,37.0,1063,694,369,104,0,41,29,0,0,0,0,0,470,53,540,75,746,1,0,201,750,0,32,7,1,Matches
507,Dimitris Siovas\Dimitris-Siovas,gr GRE,DF,Huesca,32-245,1988,33.1,1783,1695,88,73,0,223,37,12,1,1,0,0,1256,133,394,1426,185,93,6,6,1477,7,45,20,7,Matches
508,Rafa Soares\Rafa-Soares,pt POR,DF,Eibar,26-010,1995,11.6,660,482,178,14,0,58,16,40,1,0,1,0,237,185,238,431,23,34,163,3,458,4,20,15,24,Matches
509,Rubén Sobrino\Ruben-Sobrino,es ESP,MFFW,Valencia,28-352,1992,0.5,23,23,0,0,0,7,1,1,0,0,0,0,19,3,1,3,20,0,0,0,17,0,0,3,2,Matches
510,Rubén Sobrino\Ruben-Sobrino,es ESP,FWMF,Cádiz,28-352,1992,11.4,236,229,7,1,1,63,3,7,0,0,0,0,159,41,36,25,172,20,1,4,172,2,5,10,6,Matches
511,Augusto Solari\Augusto-Solari,ar ARG,MF,Celta Vigo,29-136,1992,5.0,192,187,5,0,0,30,6,15,3,0,3,0,120,30,42,5,171,6,2,1,139,1,6,5,7,Matches
512,Roberto Soldado\Roberto-Soldado,es ESP,FW,Granada,35-357,1985,15.7,342,306,36,1,0,79,6,15,0,0,0,0,188,85,69,33,247,29,1,10,215,8,8,16,27,Matches
513,Carlos Soler\Carlos-Soler,es ESP,MF,Valencia,24-137,1997,29.4,1546,1344,202,89,4,174,85,26,109,43,33,5,1067,132,347,148,1341,31,4,10,1257,14,21,23,22,Matches
514,Son\Son,es ESP,DFMF,Levante,27-050,1994,11.4,577,452,125,10,0,81,20,38,2,1,0,0,298,167,112,61,378,16,113,3,433,0,9,17,27,Matches
515,David Soria\David-Soria,es ESP,GK,Getafe,28-045,1993,28.0,856,510,346,151,0,25,17,0,0,0,0,0,97,15,744,21,626,0,0,14,401,5,32,6,2,Matches
516,Alberto Soro\Alberto-Soro,es ESP,FWMF,Granada,22-071,1999,3.9,123,115,8,4,0,26,4,5,3,0,3,0,80,18,25,94,16,8,1,0,89,0,5,3,6,Matches
517,Hugo Sotelo\Hugo-Sotelo,es ESP,MF,Celta Vigo,17-151,2003,0.0,0,0,0,0,0,0,0,0,0,0,0,0,0,0,0,0,0,0,0,0,0,0,0,0,0,Matches
518,Damián Suárez\Damian-Suarez,uy URU,DF,Getafe,33-022,1988,26.3,1255,878,377,71,1,98,60,62,4,0,4,0,447,327,481,66,782,78,302,5,832,7,25,49,40,Matches
519,Denis Suárez\Denis-Suarez,es ESP,MF,Celta Vigo,27-133,1994,30.7,1944,1753,191,81,8,241,73,37,63,17,35,4,1490,201,253,279,1600,35,12,7,1573,5,33,46,45,Matches
520,Luis Suárez\Luis-Suarez,uy URU,FW,Atlético Madrid,34-115,1987,26.9,581,554,27,0,4,135,20,15,0,0,0,0,331,147,103,119,395,29,2,17,430,2,10,21,23,Matches
521,Suso\Suso,es ESP,FW,Sevilla,27-181,1993,23.7,1179,1116,63,21,1,190,73,80,27,9,1,3,818,134,227,1031,115,15,12,1,957,3,34,32,39,Matches
522,Tachi\Tachi,es ESP,DF,Alavés,23-251,1997,8.4,330,295,35,23,0,29,23,1,0,0,0,0,176,31,123,18,265,22,12,0,242,2,10,3,4,Matches
523,Renato Tapia\Renato-Tapia,pe PER,MF,Celta Vigo,25-295,1995,30.0,1570,1523,47,44,2,184,68,5,0,0,0,0,1110,174,286,202,1253,65,3,6,1297,3,37,22,29,Matches
524,Tomás Tavares\Tomas-Tavares,pt POR,MFDF,Alavés,20-073,2001,0.7,22,21,1,0,0,2,0,2,0,0,0,0,16,3,3,4,16,0,1,0,18,0,0,0,1,Matches
525,Álvaro Tejero\Alvaro-Tejero,es ESP,DF,Eibar,24-303,1996,1.2,99,79,20,0,0,9,3,11,0,0,0,0,49,14,36,8,64,6,20,0,75,0,2,0,2,Matches
526,Cristian Tello\Cristian-Tello,es ESP,FWMF,Betis,29-281,1991,13.9,493,479,14,5,3,69,10,27,4,2,1,0,376,67,50,119,347,12,5,1,388,3,3,11,30,Matches
527,Marc-André ter Stegen\Marc-Andre-ter-Stegen,de GER,GK,Barcelona,29-019,1992,31.0,1035,841,194,38,0,94,21,0,0,0,0,0,757,47,231,169,708,1,0,150,921,1,15,9,1,Matches
528,David Timor\David-Timor,es ESP,MFDF,Getafe,31-214,1989,15.5,603,530,73,55,0,75,63,10,12,3,5,2,238,91,274,445,42,82,4,4,390,1,25,15,9,Matches
529,Toño\Tono,es ESP,DF,Levante,31-193,1989,7.4,354,292,62,10,1,81,6,16,0,0,0,0,225,83,46,264,22,11,52,1,289,2,7,8,14,Matches
530,Lucas Torreira\Lucas-Torreira,uy URU,MFFW,Atlético Madrid,25-097,1996,5.8,322,318,4,4,1,51,4,0,0,0,0,0,240,38,44,36,257,23,0,1,286,0,2,2,3,Matches
531,Óliver Torres\Oliver-Torres,es ESP,MFFW,Sevilla,26-190,1994,15.2,994,946,48,8,2,142,84,25,22,4,4,1,651,124,219,88,856,23,13,11,846,6,13,22,16,Matches
532,Pau Torres\Pau-Torres,es ESP,DF,Villarreal,24-123,1997,32.0,1995,1927,68,62,3,210,90,4,0,0,0,0,1574,141,280,1684,208,64,6,9,1779,4,30,18,12,Matches
533,Roberto Torres\Roberto-Torres,es ESP,MFFW,Osasuna,32-073,1989,20.0,736,649,87,48,0,108,58,60,29,12,11,3,375,123,238,120,553,44,9,4,495,5,18,18,32,Matches
534,Lucas Torró\Lucas-Torro,es ESP,MF,Osasuna,26-304,1994,16.7,660,653,7,7,0,159,15,4,0,0,0,0,406,100,154,74,423,97,0,3,515,0,12,20,8,Matches
535,Manu Trigueros\Manu-Trigueros,es ESP,MF,Villarreal,29-214,1991,27.1,1587,1544,43,30,8,264,27,18,2,1,0,0,1240,171,176,435,1082,37,7,12,1362,11,21,30,30,Matches
536,Francisco Trincão\Francisco-Trincao,pt POR,FWMF,Barcelona,21-141,1999,7.3,378,366,12,1,0,63,5,11,5,0,0,0,330,23,25,306,47,11,6,6,318,1,4,10,18,Matches
537,Kieran Trippier\Kieran-Trippier,eng ENG,DF,Atlético Madrid,30-242,1990,26.5,1760,1496,264,18,3,197,47,63,36,1,26,1,1034,342,384,65,1355,89,210,7,1395,9,23,57,46,Matches
538,Samuel Umtiti\Samuel-Umtiti,fr FRA,DF,Barcelona,27-186,1993,6.7,555,543,12,11,0,40,4,0,0,0,0,0,500,32,23,443,87,9,1,4,533,0,2,2,1,Matches
539,Enes Ünal\Enes-Unal,tr TUR,FW,Getafe,24-009,1997,13.7,313,298,15,2,2,116,1,6,1,1,0,0,143,82,88,15,160,52,3,11,197,0,5,9,13,Matches
540,Tomáš Vaclík\Tomas-Vaclik,cz CZE,GK,Sevilla,32-051,1989,4.0,118,96,22,7,0,21,2,0,0,0,0,0,75,6,37,12,87,0,0,17,95,0,0,1,0,Matches
541,Eugeni Valderrama\Eugeni-Valderrama,es ESP,FWMF,Huesca,26-304,1994,1.3,82,72,10,7,0,14,4,0,3,0,2,1,64,8,10,4,73,4,0,0,70,1,2,2,1,Matches
542,Jesús Vallejo\Jesus-Vallejo,es ESP,DF,Granada,24-134,1997,14.5,464,438,26,13,1,58,20,1,0,0,0,0,293,34,137,71,344,26,13,0,353,2,19,9,9,Matches
543,Manu Vallejo\Manu-Vallejo,es ESP,FW,Valencia,24-094,1997,10.4,251,228,23,2,2,73,10,8,3,0,0,0,173,48,30,27,196,14,1,6,188,0,6,6,15,Matches
544,Federico Valverde\Federico-Valverde,uy URU,MF,Real Madrid,22-301,1998,13.8,745,733,12,3,0,80,39,19,0,0,0,0,566,91,88,55,650,18,9,6,654,2,9,10,18,Matches
545,Raphaël Varane\Raphael-Varane,fr FRA,DF,Real Madrid,28-024,1993,29.2,1668,1618,50,43,2,150,54,1,0,0,0,0,1312,139,217,663,896,59,7,5,1516,1,14,18,16,Matches
546,Denis Vavro\Denis-Vavro,sk SVK,DF,Huesca,25-039,1996,6.0,274,263,11,9,0,29,12,2,0,0,0,0,196,25,53,15,241,10,2,2,215,3,11,8,5,Matches
547,Franco Vázquez\Franco-Vazquez,ar ARG,FWMF,Sevilla,32-086,1989,1.2,78,77,1,0,0,14,2,3,0,0,0,0,58,11,9,59,9,3,0,1,69,0,1,1,1,Matches
548,Kevin Vázquez\Kevin-Vazquez,es ESP,DF,Celta Vigo,28-057,1993,5.3,309,242,67,5,0,37,2,7,0,0,0,0,165,84,60,24,206,15,62,0,235,1,10,7,19,Matches
549,Lucas Vázquez\Lucas-Vazquez,es ESP,DFFW,Real Madrid,29-322,1991,20.5,1431,1299,132,8,0,159,49,81,2,0,0,0,950,230,251,140,1125,30,122,8,1217,2,13,23,54,Matches
550,Koke Vegas\Koke-Vegas,es ESP,GK,Levante,25-234,1995,1.0,29,15,14,3,0,0,1,0,0,0,0,0,14,3,12,7,18,0,0,4,19,0,2,0,0,Matches
551,Gabriel Veiga\Gabriel-Veiga,es ESP,MFDF,Celta Vigo,18-357,2002,1.3,32,32,0,0,0,4,0,1,0,0,0,0,20,5,7,3,26,2,0,1,26,0,0,0,1,Matches
552,Unai Vencedor Paris\Unai-Vencedor-Paris,es ESP,MF,Athletic Club,20-185,2000,18.5,872,839,33,31,1,132,42,5,1,0,1,0,558,131,183,113,715,24,1,2,695,3,19,27,17,Matches
553,Gonzalo Verdú\Gonzalo-Verdu,es ESP,DF,Elche,32-210,1988,32.0,1516,1432,84,78,2,147,38,3,0,0,0,0,1135,80,301,120,1331,38,1,1,1309,5,29,13,8,Matches
554,Mikel Vesga\Mikel-Vesga,es ESP,MF,Athletic Club,27-363,1993,18.5,874,864,10,8,3,155,31,5,1,0,1,0,589,132,153,618,157,63,0,2,697,1,17,23,20,Matches
555,Rúben Vezo\Ruben-Vezo,pt POR,DF,Levante,27-024,1994,25.7,1324,1239,85,71,0,137,67,3,1,0,1,0,930,145,249,261,955,66,10,7,1126,2,31,25,17,Matches
556,Iñigo Vicente\Inigo-Vicente,es ESP,FW,Athletic Club,23-133,1998,0.4,46,43,3,0,0,3,1,6,0,0,0,0,24,10,12,1,39,3,3,0,33,1,1,0,2,Matches
557,Fede Vico\Fede-Vico,es ESP,MFFW,Granada,26-319,1994,7.5,281,259,22,9,1,47,13,16,8,4,3,0,182,38,61,249,17,11,1,0,193,1,6,8,8,Matches
558,Aleix Vidal\Aleix-Vidal,es ESP,DF,Sevilla,31-271,1989,5.6,429,365,64,13,0,40,11,12,0,0,0,0,277,91,61,33,326,14,51,0,367,1,7,9,8,Matches
559,Nacho Vidal\Nacho-Vidal,es ESP,DF,Osasuna,26-115,1995,25.1,957,750,207,11,1,115,25,40,0,0,0,0,436,187,334,47,613,61,196,5,680,2,32,16,33,Matches
560,Toni Villa\Toni-Villa,es ESP,MFFW,Valladolid,26-132,1995,10.1,374,352,22,2,3,72,9,24,4,3,0,0,256,64,54,33,314,10,10,1,277,2,8,11,20,Matches
561,Asier Villalibre\Asier-Villalibre,es ESP,FW,Athletic Club,23-231,1997,16.7,283,272,11,3,0,97,3,17,0,0,0,0,162,52,69,90,119,28,0,4,178,3,6,8,13,Matches
562,Iván Villar\Ivan-Villar,es ESP,GK,Celta Vigo,23-314,1997,18.8,647,416,231,65,0,32,9,0,0,0,0,0,263,17,367,38,503,2,0,72,375,5,21,2,2,Matches
563,Vitolo\Vitolo,es ESP,MFFW,Atlético Madrid,31-198,1989,3.3,154,149,5,1,0,24,3,1,0,0,0,0,112,26,16,21,115,8,4,2,127,0,1,1,2,Matches
564,Šime Vrsaljko\Sime-Vrsaljko,hr CRO,DF,Atlético Madrid,29-129,1992,5.8,311,242,69,2,0,30,3,20,0,0,0,0,151,58,102,12,208,12,67,1,211,4,4,5,11,Matches
565,Nikola Vukčević\Nikola-Vukcevic,me MNE,MF,Levante,29-157,1991,9.0,318,309,9,9,1,41,9,2,0,0,0,0,240,33,45,254,42,15,0,0,274,1,8,2,2,Matches
566,Daniel Wass\Daniel-Wass,dk DEN,MFDF,Valencia,31-353,1989,33.1,1641,1465,176,55,2,211,45,47,9,1,6,0,989,310,342,134,1251,103,110,8,1267,6,35,45,45,Matches
567,Shon Weissman\Shon-Weissman,il ISR,FW,Valladolid,25-094,1996,22.7,330,289,41,0,2,94,1,5,0,0,0,0,217,69,44,56,222,23,1,10,243,0,4,7,21,Matches
568,Iñaki Williams\Inaki-Williams,es ESP,FW,Athletic Club,26-338,1994,26.1,581,555,26,1,2,135,14,52,0,0,0,0,365,131,85,56,427,34,7,20,391,4,18,20,42,Matches
569,Nico Williams\Nico-Williams,es ESP,MF,Athletic Club,18-311,2002,0.6,20,20,0,0,0,7,1,2,0,0,0,0,14,4,2,3,15,1,0,0,11,0,1,3,3,Matches
570,Jawad El Yamiq\Jawad-El-Yamiq,ma MAR,DF,Valladolid,29-079,1992,14.3,568,529,39,36,1,80,26,2,0,0,0,0,371,54,143,83,415,43,3,3,450,0,28,6,7,Matches
571,Rubén Yáñez\Ruben-Yanez,es ESP,GK,Getafe,27-219,1993,9.0,245,155,90,32,0,10,5,0,0,0,0,0,58,13,174,22,170,0,0,25,141,2,3,4,0,Matches
572,Yoel\Yoel,es ESP,GK,Eibar,32-264,1988,2.3,83,68,15,6,0,9,5,0,0,0,0,0,25,9,49,14,43,0,0,23,59,0,2,1,0,Matches
573,Okay Yokuşlu\Okay-Yokuslu,tr TUR,MF,Celta Vigo,27-071,1994,5.1,276,268,8,5,0,52,8,0,0,0,0,0,191,39,46,19,230,13,1,3,238,0,6,2,3,Matches
574,Joseba Zaldúa\Joseba-Zaldua,es ESP,DF,Real Sociedad,28-329,1992,7.1,389,296,93,7,0,32,8,21,0,0,0,0,205,91,93,24,250,24,86,1,309,0,5,3,10,Matches
575,Oier Zarraga\Oier-Zarraga,es ESP,MF,Athletic Club,22-135,1999,1.1,43,41,2,2,0,11,2,1,0,0,0,0,38,5,0,1,42,0,0,0,34,0,1,2,3,Matches
576,Igor Zubeldia\Igor-Zubeldia,es ESP,DF,Real Sociedad,24-050,1997,21.8,1182,1140,42,24,0,122,20,6,0,0,0,0,961,74,147,79,1001,55,18,6,1050,0,13,8,15,Matches
577,Martín Zubimendi\Martin-Zubimendi,es ESP,MF,Real Sociedad,22-106,1999,19.9,1027,994,33,29,1,170,16,2,1,0,0,1,777,97,153,239,707,46,2,2,918,2,13,13,11,Matches
578,Martin Ødegaard\Martin-Odegaard,no NOR,MFFW,Real Madrid,22-153,1998,2.6,175,166,9,3,0,35,2,2,6,5,0,0,137,20,18,160,9,2,0,2,147,2,1,2,4,Matches