Rk,Player,Nation,Pos,Squad,Age,Born,MP,Starts,Min,90s,Gls,Ast,G-PK,PK,PKatt,CrdY,CrdR,Gls,Ast,G+A,G-PK,G+A-PK,xG,npxG,xA,npxG+xA,xG,xA,xG+xA,npxG,npxG+xA,Matches
1,Sabit Abdulai\Sabit-Abdulai,gh GHA,MF,Getafe,22-008,1999,2,0,51,0.6,0,0,0,0,0,0,0,0.00,0.00,0.00,0.00,0.00,0.0,0.0,0.0,0.0,0.00,0.00,0.00,0.00,0.00,Matches
2,Marcos Acuña\Marcos-Acuna,ar ARG,DF,Sevilla,29-203,1991,30,26,2330,25.9,1,2,1,0,0,5,0,0.04,0.08,0.12,0.04,0.12,1.1,1.1,2.9,4.1,0.04,0.11,0.16,0.04,0.16,Matches
3,Bobby Adekanye\Bobby-Adekanye,nl NED,FWMF,Cádiz,22-094,1999,3,0,36,0.4,0,0,0,0,0,0,0,0.00,0.00,0.00,0.00,0.00,0.2,0.2,0.0,0.2,0.43,0.00,0.43,0.43,0.43,Matches
4,Martin Agirregabiria\Martin-Agirregabiria,es ESP,DFMF,Alavés,25-009,1996,26,16,1558,17.3,0,1,0,0,0,1,0,0.00,0.06,0.06,0.00,0.06,0.2,0.2,0.9,1.1,0.01,0.05,0.06,0.01,0.06,Matches
5,Joseph Aidoo\Joseph-Aidoo,gh GHA,DF,Celta Vigo,25-232,1995,25,14,1289,14.3,0,0,0,0,0,3,0,0.00,0.00,0.00,0.00,0.00,0.8,0.8,0.6,1.4,0.06,0.04,0.10,0.06,0.10,Matches
6,Carlos Akapo\Carlos-Akapo,gq EQG,DF,Cádiz,28-068,1993,12,9,775,8.6,0,0,0,0,0,3,1,0.00,0.00,0.00,0.00,0.00,0.0,0.0,0.3,0.3,0.00,0.03,0.03,0.00,0.03,Matches
7,Paul Akouokou\Paul-Akouokou,ci CIV,MF,Betis,23-150,1997,10,4,378,4.2,0,0,0,0,0,5,1,0.00,0.00,0.00,0.00,0.00,0.0,0.0,0.4,0.4,0.00,0.08,0.08,0.00,0.08,Matches
8,Jony Álamo\Jony-Alamo,es ESP,MF,Elche,19-236,2001,1,1,73,0.8,0,0,0,0,0,0,0,0.00,0.00,0.00,0.00,0.00,0.0,0.0,0.0,0.0,0.02,0.00,0.02,0.02,0.02,Matches
9,Jordi Alba\Jordi-Alba,es ESP,DF,Barcelona,32-059,1989,34,34,2980,33.1,3,5,3,0,0,9,0,0.09,0.15,0.24,0.09,0.24,2.3,2.3,7.4,9.7,0.07,0.22,0.29,0.07,0.29,Matches
10,Raúl Albiol\Raul-Albiol,es ESP,DF,Villarreal,35-257,1985,34,34,3025,33.6,0,0,0,0,0,7,0,0.00,0.00,0.00,0.00,0.00,0.6,0.6,1.0,1.6,0.02,0.03,0.05,0.02,0.05,Matches
11,Paco Alcácer\Paco-Alcacer,es ESP,FW,Villarreal,27-262,1993,26,19,1534,17.0,6,4,5,1,2,0,0,0.35,0.23,0.59,0.29,0.53,8.3,6.7,3.2,9.9,0.48,0.19,0.67,0.40,0.58,Matches
12,Pedro Alcalá\Pedro-Alcala,es ESP,DF,Cádiz,32-061,1989,12,7,842,9.4,0,0,0,0,0,2,0,0.00,0.00,0.00,0.00,0.00,0.1,0.1,0.0,0.1,0.01,0.00,0.01,0.01,0.01,Matches
13,Rubén Alcaraz\Ruben-Alcaraz,es ESP,MF,Valladolid,30-018,1991,30,25,2165,24.1,1,0,1,0,0,10,0,0.04,0.00,0.04,0.04,0.04,1.7,1.7,0.6,2.3,0.07,0.03,0.09,0.07,0.09,Matches
14,Iván Alejo\Ivan-Alejo,es ESP,MFFW,Cádiz,26-098,1995,22,6,827,9.2,1,1,1,0,0,5,0,0.11,0.11,0.22,0.11,0.22,1.0,1.0,0.8,1.7,0.11,0.08,0.19,0.11,0.19,Matches
15,Carles Aleñá\Carles-Alena,es ESP,MF,Barcelona,23-134,1998,2,0,48,0.5,0,0,0,0,0,1,0,0.00,0.00,0.00,0.00,0.00,0.0,0.0,0.0,0.0,0.04,0.00,0.04,0.04,0.04,Matches
16,Carles Aleñá\Carles-Alena,es ESP,MFFW,Getafe,23-134,1998,21,14,1276,14.2,2,2,2,0,0,1,0,0.14,0.14,0.28,0.14,0.28,1.8,1.8,1.9,3.7,0.13,0.14,0.26,0.13,0.26,Matches
17,Alfon\Alfon,es ESP,MF,Celta Vigo,22-015,1999,2,0,34,0.4,0,0,0,0,0,0,0,0.00,0.00,0.00,0.00,0.00,0.0,0.0,0.1,0.1,0.13,0.22,0.35,0.13,0.35,Matches
18,Sergio Álvarez\Sergio-Alvarez,es ESP,MFDF,Eibar,29-116,1992,26,17,1539,17.1,0,0,0,0,0,3,0,0.00,0.00,0.00,0.00,0.00,0.3,0.3,0.9,1.2,0.02,0.05,0.07,0.02,0.07,Matches
19,Yeray Álvarez\Yeray-Alvarez,es ESP,DF,Athletic Club,26-115,1995,22,21,1858,20.6,1,0,1,0,0,6,0,0.05,0.00,0.05,0.05,0.05,0.5,0.5,0.4,0.9,0.02,0.02,0.04,0.02,0.04,Matches
20,Emmanuel Amankwaa Akurugu\Emmanuel-Amankwaa-Akurugu,gh GHA,DF,Getafe,19-180,2001,1,0,45,0.5,0,0,0,0,0,0,0,0.00,0.00,0.00,0.00,0.00,0.0,0.0,0.0,0.0,0.00,0.00,0.00,0.00,0.00,Matches
21,Jon Ander Garrido\Jon-Ander-Garrido,es ESP,MF,Cádiz,31-222,1989,22,7,765,8.5,0,0,0,0,0,1,0,0.00,0.00,0.00,0.00,0.00,0.4,0.4,0.1,0.4,0.04,0.01,0.05,0.04,0.05,Matches
22,Ángel\Angel,es ESP,GK,Granada,18-331,2002,1,1,90,1.0,0,0,0,0,0,0,0,0.00,0.00,0.00,0.00,0.00,0.0,0.0,0.0,0.0,0.00,0.00,0.00,0.00,0.00,Matches
23,Miguel Ángel Rubio\Miguel-Angel-Rubio,es ESP,DF,Valladolid,23-069,1998,2,1,135,1.5,0,0,0,0,0,0,0,0.00,0.00,0.00,0.00,0.00,0.0,0.0,0.0,0.0,0.02,0.00,0.02,0.02,0.02,Matches
24,José Ángel\Jose-Angel,es ESP,DF,Eibar,31-256,1989,14,11,901,10.0,0,0,0,0,0,3,0,0.00,0.00,0.00,0.00,0.00,0.0,0.0,0.9,1.0,0.00,0.09,0.10,0.00,0.10,Matches
25,José Antonio Miranda\Jose-Antonio-Miranda,gq EQG,MFDF,Getafe,22-301,1998,3,0,23,0.3,0,0,0,0,0,1,0,0.00,0.00,0.00,0.00,0.00,0.2,0.2,0.0,0.2,0.78,0.00,0.78,0.78,0.78,Matches
26,Aritz Arambarri\Aritz-Arambarri,es ESP,DF,Real Sociedad,23-108,1998,1,0,26,0.3,0,0,0,0,0,0,0,0.00,0.00,0.00,0.00,0.00,0.1,0.1,0.0,0.1,0.50,0.00,0.50,0.50,0.50,Matches
27,Mauro Arambarri\Mauro-Arambarri,uy URU,MF,Getafe,25-231,1995,34,33,2983,33.1,3,0,3,0,0,11,0,0.09,0.00,0.09,0.09,0.09,2.2,2.2,2.1,4.3,0.07,0.06,0.13,0.07,0.13,Matches
28,Néstor Araujo\Nestor-Araujo,mx MEX,DF,Celta Vigo,29-263,1991,32,25,2336,26.0,0,0,0,0,0,5,0,0.00,0.00,0.00,0.00,0.00,0.3,0.3,0.7,1.0,0.01,0.03,0.04,0.01,0.04,Matches
29,Ronald Araújo\Ronald-Araujo,uy URU,DF,Barcelona,22-073,1999,23,15,1420,15.8,2,1,2,0,0,2,0,0.13,0.06,0.19,0.13,0.19,1.6,1.6,0.1,1.6,0.10,0.00,0.10,0.10,0.10,Matches
30,Anaitz Arbilla\Anaitz-Arbilla,es ESP,DF,Eibar,34-004,1987,33,29,2717,30.2,0,1,0,0,0,8,0,0.00,0.03,0.03,0.00,0.03,1.2,1.2,0.9,2.1,0.04,0.03,0.07,0.04,0.07,Matches
31,Unai Arietaleanizbeaskoa\Unai-Arietaleanizbeaskoa,es ESP,FWMF,Eibar,22-138,1999,4,0,47,0.5,0,0,0,0,0,1,0,0.00,0.00,0.00,0.00,0.00,0.0,0.0,0.0,0.0,0.04,0.00,0.04,0.04,0.04,Matches
32,Sergio Arribas\Sergio-Arribas,es ESP,FWDF,Real Madrid,19-231,2001,8,0,135,1.5,0,0,0,0,0,1,0,0.00,0.00,0.00,0.00,0.00,0.0,0.0,0.0,0.1,0.02,0.03,0.05,0.02,0.05,Matches
33,Sergio Asenjo\Sergio-Asenjo,es ESP,GK,Villarreal,31-325,1989,36,36,3240,36.0,0,0,0,0,0,2,0,0.00,0.00,0.00,0.00,0.00,0.0,0.0,0.0,0.0,0.00,0.00,0.00,0.00,0.00,Matches
34,Marco Asensio\Marco-Asensio,es ESP,FWMF,Real Madrid,25-118,1996,34,20,1814,20.2,5,2,5,0,0,1,0,0.25,0.10,0.35,0.25,0.35,4.8,4.8,3.0,7.8,0.24,0.15,0.39,0.24,0.39,Matches
35,Iago Aspas\Iago-Aspas,es ESP,FW,Celta Vigo,33-291,1987,32,32,2774,30.8,13,12,9,4,4,8,0,0.42,0.39,0.81,0.29,0.68,11.5,8.4,8.3,16.7,0.37,0.27,0.64,0.27,0.54,Matches
36,Miguel Atienza\Miguel-Atienza,es ESP,MF,Eibar,21-357,1999,11,8,748,8.3,0,0,0,0,0,1,0,0.00,0.00,0.00,0.00,0.00,0.2,0.2,0.1,0.4,0.03,0.02,0.04,0.03,0.04,Matches
37,Ezequiel Ávila\Ezequiel-Avila,ar ARG,MFFW,Osasuna,27-102,1994,8,2,202,2.2,0,0,0,0,0,0,0,0.00,0.00,0.00,0.00,0.00,0.7,0.7,0.0,0.7,0.31,0.00,0.31,0.31,0.31,Matches
38,Ramon Azeez\Ramon-Azeez,ng NGA,MFDF,Granada,28-158,1992,2,1,101,1.1,0,0,0,0,0,0,0,0.00,0.00,0.00,0.00,0.00,0.2,0.2,0.0,0.2,0.15,0.00,0.15,0.15,0.15,Matches
39,Carlos Bacca\Carlos-Bacca,co COL,FW,Villarreal,34-253,1986,22,8,721,8.0,5,0,5,0,0,1,0,0.62,0.00,0.62,0.62,0.62,3.4,3.4,0.9,4.3,0.42,0.12,0.54,0.42,0.54,Matches
40,Édgar Badía\Edgar-Badia,es ESP,GK,Elche,29-096,1992,30,30,2700,30.0,0,0,0,0,0,0,0,0.00,0.00,0.00,0.00,0.00,0.0,0.0,0.0,0.0,0.00,0.00,0.00,0.00,0.00,Matches
41,Alex Baena\Alex-Baena,es ESP,MF,Villarreal,19-303,2001,6,2,137,1.5,0,0,0,0,0,0,0,0.00,0.00,0.00,0.00,0.00,0.1,0.1,0.1,0.1,0.05,0.05,0.09,0.05,0.09,Matches
42,Miguel Baeza\Miguel-Baeza,es ESP,MFFW,Celta Vigo,21-053,2000,21,4,534,5.9,1,0,1,0,0,0,0,0.17,0.00,0.17,0.17,0.17,1.5,1.5,0.6,2.2,0.26,0.11,0.37,0.26,0.37,Matches
43,Mikel Balenziaga\Mikel-Balenziaga,es ESP,DF,Athletic Club,33-079,1988,22,16,1599,17.8,0,1,0,0,0,0,0,0.00,0.06,0.06,0.00,0.06,0.0,0.0,0.6,0.7,0.00,0.04,0.04,0.00,0.04,Matches
44,Barcia\Barcia,es ESP,DF,Granada,20-139,2000,1,1,90,1.0,0,0,0,0,0,1,0,0.00,0.00,0.00,0.00,0.00,0.0,0.0,0.0,0.0,0.00,0.00,0.00,0.00,0.00,Matches
45,Enis Bardhi\Enis-Bardhi,mk MKD,MF,Levante,25-321,1995,25,18,1616,18.0,1,2,1,0,0,4,0,0.06,0.11,0.17,0.06,0.17,2.6,2.6,1.1,3.7,0.15,0.06,0.21,0.15,0.21,Matches
46,Kike Barja\Kike-Barja,es ESP,MFFW,Osasuna,24-048,1997,32,16,1354,15.0,2,3,2,0,0,2,0,0.13,0.20,0.33,0.13,0.33,1.8,1.8,1.9,3.7,0.12,0.12,0.24,0.12,0.24,Matches
47,Marc Baró\Marc-Baro,es ESP,DF,Cádiz,21-269,1999,1,1,90,1.0,0,0,0,0,0,0,0,0.00,0.00,0.00,0.00,0.00,0.0,0.0,0.3,0.3,0.02,0.33,0.35,0.02,0.35,Matches
48,Antonio Barragán\Antonio-Barragan,es ESP,DF,Elche,33-341,1987,26,25,2145,23.8,0,3,0,0,0,8,0,0.00,0.13,0.13,0.00,0.13,0.6,0.6,1.0,1.6,0.03,0.04,0.07,0.03,0.07,Matches
49,Ander Barrenetxea\Ander-Barrenetxea,es ESP,MFFW,Real Sociedad,19-143,2001,30,13,1298,14.4,3,0,3,0,0,7,0,0.21,0.00,0.21,0.21,0.21,1.8,1.8,2.0,3.8,0.12,0.14,0.26,0.12,0.26,Matches
50,Marc Bartra\Marc-Bartra,es ESP,DF,Betis,30-124,1991,18,18,1604,17.8,0,0,0,0,0,3,0,0.00,0.00,0.00,0.00,0.00,0.4,0.4,0.0,0.5,0.02,0.00,0.03,0.02,0.03,Matches
51,Rodrigo Battaglia\Rodrigo-Battaglia,ar ARG,MF,Alavés,29-311,1991,31,29,2479,27.5,1,0,1,0,0,10,1,0.04,0.00,0.04,0.04,0.04,1.2,1.2,0.2,1.4,0.04,0.01,0.05,0.04,0.05,Matches
52,Jon Bautista\Jon-Bautista,es ESP,FWMF,Real Sociedad,25-320,1995,21,0,370,4.1,0,1,0,0,0,3,0,0.00,0.24,0.24,0.00,0.24,1.0,1.0,0.2,1.2,0.23,0.06,0.29,0.23,0.29,Matches
53,Fran Beltrán\Fran-Beltran,es ESP,MF,Celta Vigo,22-105,1999,31,12,1318,14.6,3,0,3,0,0,3,0,0.20,0.00,0.20,0.20,0.20,1.4,1.4,0.3,1.6,0.10,0.02,0.11,0.10,0.11,Matches
54,Sergio Benito\Sergio-Benito,es ESP,FW,Valladolid,22-057,1999,1,0,2,0.0,0,0,0,0,0,0,0,0.00,0.00,0.00,0.00,0.00,0.0,0.0,0.0,0.0,0.00,0.00,0.00,0.00,0.00,Matches
55,Karim Benzema\Karim-Benzema,fr FRA,FW,Real Madrid,33-151,1987,33,32,2804,31.2,22,8,21,1,1,2,0,0.71,0.26,0.96,0.67,0.93,17.3,16.6,6.2,22.7,0.56,0.20,0.75,0.53,0.73,Matches
56,Yuri Berchiche\Yuri-Berchiche,es ESP,DF,Athletic Club,31-098,1990,23,21,1682,18.7,1,3,1,0,0,3,0,0.05,0.16,0.21,0.05,0.21,0.8,0.8,1.9,2.7,0.04,0.10,0.14,0.04,0.14,Matches
57,Álex Berenguer\Alex-Berenguer,es ESP,MFFW,Athletic Club,25-319,1995,34,26,2188,24.3,8,4,8,0,0,4,0,0.33,0.16,0.49,0.33,0.49,6.1,6.1,3.7,9.8,0.25,0.15,0.40,0.25,0.40,Matches
58,Pedro Bigas\Pedro-Bigas,es ESP,DF,Eibar,30-246,1990,20,19,1514,16.8,0,0,0,0,0,1,0,0.00,0.00,0.00,0.00,0.00,0.9,0.9,0.0,0.9,0.05,0.00,0.05,0.05,0.05,Matches
59,Blanco\Blanco,es ESP,MFDF,Real Madrid,20-300,2000,4,2,220,2.4,0,0,0,0,0,0,0,0.00,0.00,0.00,0.00,0.00,0.0,0.0,0.1,0.1,0.02,0.03,0.04,0.02,0.04,Matches
60,Alejandro Blanco\Alejandro-Blanco,es ESP,MF,Valencia,22-154,1998,13,6,580,6.4,1,0,1,0,0,1,0,0.16,0.00,0.16,0.16,0.16,0.8,0.8,0.5,1.3,0.12,0.08,0.20,0.12,0.20,Matches
61,Rubén Blanco\Ruben-Blanco,es ESP,GK,Celta Vigo,25-298,1995,19,19,1637,18.2,0,0,0,0,0,0,1,0.00,0.00,0.00,0.00,0.00,0.0,0.0,0.0,0.0,0.00,0.00,0.00,0.00,0.00,Matches
62,Yann Bodiger\Yann-Bodiger,fr FRA,MF,Cádiz,26-099,1995,9,2,251,2.8,0,0,0,0,0,0,0,0.00,0.00,0.00,0.00,0.00,0.0,0.0,0.1,0.1,0.00,0.05,0.05,0.00,0.05,Matches
63,Yassine Bounou\Yassine-Bounou,ma MAR,GK,Sevilla,30-044,1991,33,33,2970,33.0,1,0,1,0,0,3,0,0.03,0.00,0.03,0.03,0.03,0.3,0.3,0.0,0.4,0.01,0.00,0.01,0.01,0.01,Matches
64,Lucas Boyé\Lucas-Boye,ar ARG,FW,Elche,25-080,1996,33,31,2605,28.9,6,1,6,0,0,9,1,0.21,0.03,0.24,0.21,0.24,5.0,5.0,1.0,6.0,0.17,0.03,0.21,0.17,0.21,Matches
65,Martin Braithwaite\Martin-Braithwaite,dk DEN,FW,Barcelona,29-348,1991,28,11,1130,12.6,2,2,2,0,1,3,0,0.16,0.16,0.32,0.16,0.32,5.0,4.3,2.0,6.3,0.40,0.16,0.56,0.34,0.50,Matches
66,Darko Brašanac\Darko-Brasanac,rs SRB,MF,Osasuna,29-096,1992,16,9,909,10.1,2,0,2,0,0,4,0,0.20,0.00,0.20,0.20,0.20,1.3,1.3,0.2,1.4,0.12,0.02,0.14,0.12,0.14,Matches
67,Álvaro Bravo\Alvaro-Bravo,es ESP,MF,Granada,23-104,1998,1,0,15,0.2,0,0,0,0,0,0,0,0.00,0.00,0.00,0.00,0.00,0.0,0.0,0.0,0.0,0.00,0.00,0.00,0.00,0.00,Matches
68,Claudio Bravo\Claudio-Bravo,cl CHI,GK,Betis,38-036,1983,19,19,1710,19.0,0,0,0,0,0,2,0,0.00,0.00,0.00,0.00,0.00,0.0,0.0,0.3,0.3,0.00,0.01,0.01,0.00,0.01,Matches
69,Yan Brice Eteki\Yan-Brice-Eteki,cm CMR,MF,Granada,23-266,1997,24,15,1231,13.7,0,0,0,0,0,3,1,0.00,0.00,0.00,0.00,0.00,0.3,0.3,0.0,0.3,0.02,0.00,0.02,0.02,0.02,Matches
70,Juan Brunet\Juan-Brunet,ar ARG,MF,Granada,23-115,1998,1,0,23,0.3,0,0,0,0,0,0,0,0.00,0.00,0.00,0.00,0.00,0.0,0.0,0.0,0.0,0.00,0.00,0.00,0.00,0.00,Matches
71,Bryan\Bryan,es ESP,FW,Sevilla,20-097,2001,1,0,13,0.1,0,0,0,0,0,0,0,0.00,0.00,0.00,0.00,0.00,0.0,0.0,0.0,0.0,0.00,0.00,0.00,0.00,0.00,Matches
72,Bryan\Bryan,es ESP,MFFW,Eibar,20-097,2001,27,25,2220,24.7,4,3,4,0,0,6,0,0.16,0.12,0.28,0.16,0.28,3.9,3.6,5.0,8.6,0.16,0.20,0.36,0.14,0.35,Matches
73,Ante Budimir\Ante-Budimir,hr CRO,FW,Osasuna,29-301,1991,29,18,1602,17.8,11,0,11,0,0,3,0,0.62,0.00,0.62,0.62,0.62,7.1,7.1,0.6,7.7,0.40,0.03,0.43,0.40,0.43,Matches
74,Esteban Burgos\Esteban-Burgos,ar ARG,DF,Eibar,29-130,1992,14,12,1111,12.3,3,1,1,2,3,5,0,0.24,0.08,0.32,0.08,0.16,3.3,1.1,0.1,1.2,0.27,0.01,0.28,0.09,0.10,Matches
75,Burgui\Burgui,es ESP,MF,Alavés,27-202,1993,1,0,21,0.2,0,0,0,0,0,0,0,0.00,0.00,0.00,0.00,0.00,0.0,0.0,0.0,0.0,0.00,0.00,0.00,0.00,0.00,Matches
76,Sergio Busquets\Sergio-Busquets,es ESP,MF,Barcelona,32-307,1988,35,31,2454,27.3,0,5,0,0,0,8,0,0.00,0.18,0.18,0.00,0.18,0.2,0.2,3.6,3.8,0.01,0.13,0.14,0.01,0.14,Matches
77,Erick Cabaco\Erick-Cabaco,uy URU,DF,Getafe,26-030,1995,19,15,1323,14.7,0,0,0,0,0,9,0,0.00,0.00,0.00,0.00,0.00,0.2,0.2,0.0,0.2,0.02,0.00,0.02,0.02,0.02,Matches
78,Cala\Cala,es ESP,DF,Cádiz,31-174,1989,28,26,2272,25.2,3,0,3,0,0,8,0,0.12,0.00,0.12,0.12,0.12,1.4,1.4,0.3,1.7,0.06,0.01,0.07,0.06,0.07,Matches
79,Jonathan Calleri\Jonathan-Calleri,ar ARG,FW,Osasuna,27-238,1993,25,20,1544,17.2,5,2,5,0,0,4,0,0.29,0.12,0.41,0.29,0.41,5.9,5.9,1.3,7.2,0.34,0.08,0.42,0.34,0.42,Matches
80,Dani Calvo\Dani-Calvo,es ESP,DF,Elche,27-048,1994,22,18,1689,18.8,2,0,2,0,0,3,0,0.11,0.00,0.11,0.11,0.11,0.9,0.9,0.0,0.9,0.05,0.00,0.05,0.05,0.05,Matches
81,José Campaña\Jose-Campana,es ESP,MF,Levante,27-353,1993,9,8,748,8.3,1,2,0,1,1,0,0,0.12,0.24,0.36,0.00,0.24,1.4,0.7,1.4,2.0,0.17,0.16,0.34,0.08,0.25,Matches
82,Sergio Canales\Sergio-Canales,es ESP,MFFW,Betis,30-092,1991,31,28,2498,27.8,8,6,6,2,3,4,0,0.29,0.22,0.50,0.22,0.43,5.4,2.9,5.1,8.0,0.19,0.18,0.38,0.11,0.29,Matches
83,Álex Cantero\Alex-Cantero,es ESP,FW,Levante,20-345,2000,3,3,213,2.4,0,0,0,0,0,1,0,0.00,0.00,0.00,0.00,0.00,,,,,,,,,,Matches
84,Ander Capa\Ander-Capa,es ESP,DF,Athletic Club,29-100,1992,28,25,2131,23.7,2,1,2,0,0,5,0,0.08,0.04,0.13,0.08,0.13,1.1,1.1,1.6,2.7,0.05,0.07,0.11,0.05,0.11,Matches
85,Étienne Capoue\Etienne-Capoue,fr FRA,MF,Villarreal,32-312,1988,15,14,1120,12.4,1,0,1,0,0,5,1,0.08,0.00,0.08,0.08,0.08,0.4,0.4,0.1,0.6,0.03,0.01,0.05,0.03,0.05,Matches
86,Isaac Carcelen\Isaac-Carcelen,es ESP,DF,Cádiz,28-026,1993,31,30,2491,27.7,0,0,0,0,0,3,0,0.00,0.00,0.00,0.00,0.00,0.4,0.4,0.9,1.3,0.01,0.03,0.05,0.01,0.05,Matches
87,Cárdenas\Cardenas,es ESP,GK,Levante,24-052,1997,7,7,630,7.0,0,0,0,0,0,1,0,0.00,0.00,0.00,0.00,0.00,0.0,0.0,0.0,0.0,0.00,0.00,0.00,0.00,0.00,Matches
88,Marc Cardona\Marc-Cardona,es ESP,FWMF,Osasuna,25-315,1995,3,0,53,0.6,0,0,0,0,0,0,0,0.00,0.00,0.00,0.00,0.00,0.2,0.2,0.0,0.2,0.30,0.00,0.30,0.30,0.30,Matches
89,Diego Carlos\Diego-Carlos,br BRA,DF,Sevilla,28-065,1993,33,32,2788,31.0,1,0,1,0,0,11,1,0.03,0.00,0.03,0.03,0.03,1.0,1.0,0.6,1.6,0.03,0.02,0.05,0.03,0.05,Matches
90,Juan Carlos\Juan-Carlos,es ESP,MFFW,Huesca,30-065,1991,15,3,291,3.2,0,1,0,0,0,0,0,0.00,0.31,0.31,0.00,0.31,0.5,0.5,0.3,0.8,0.14,0.10,0.24,0.14,0.24,Matches
91,Yannick Carrasco\Yannick-Carrasco,be BEL,DFMF,Atlético Madrid,27-257,1993,29,24,2089,23.2,6,9,6,0,0,6,0,0.26,0.39,0.65,0.26,0.65,5.7,5.7,5.4,11.1,0.25,0.23,0.48,0.25,0.48,Matches
92,Sergio Carreira\Sergio-Carreira,es ESP,DF,Celta Vigo,20-218,2000,3,3,259,2.9,1,0,1,0,0,0,0,0.35,0.00,0.35,0.35,0.35,0.4,0.4,0.0,0.4,0.13,0.00,0.13,0.13,0.13,Matches
93,Guido Carrillo\Guido-Carrillo,ar ARG,FW,Elche,29-359,1991,21,11,1002,11.1,3,2,3,0,0,3,0,0.27,0.18,0.45,0.27,0.45,2.7,2.7,1.3,4.0,0.24,0.11,0.36,0.24,0.36,Matches
94,Dani Carvajal\Dani-Carvajal,es ESP,DF,Real Madrid,29-128,1992,13,11,950,10.6,0,2,0,0,0,5,0,0.00,0.19,0.19,0.00,0.19,0.6,0.6,0.8,1.4,0.05,0.08,0.13,0.05,0.13,Matches
95,William Carvalho\William-Carvalho,pt POR,MF,Betis,29-042,1992,26,12,1198,13.3,2,0,2,0,0,6,1,0.15,0.00,0.15,0.15,0.15,1.3,1.3,0.5,1.7,0.09,0.03,0.13,0.09,0.13,Matches
96,Casemiro\Casemiro,br BRA,MF,Real Madrid,29-085,1992,33,31,2834,31.5,6,4,6,0,0,11,1,0.19,0.13,0.32,0.19,0.32,4.5,4.5,3.6,8.1,0.14,0.11,0.26,0.14,0.26,Matches
97,Sofian Chakla\Sofian-Chakla,ma MAR,DF,Getafe,27-259,1993,11,9,897,10.0,0,0,0,0,0,5,0,0.00,0.00,0.00,0.00,0.00,0.1,0.1,0.1,0.2,0.01,0.01,0.02,0.01,0.02,Matches
98,Sofian Chakla\Sofian-Chakla,ma MAR,DF,Villarreal,27-259,1993,1,0,13,0.1,0,0,0,0,0,0,0,0.00,0.00,0.00,0.00,0.00,0.1,0.1,0.0,0.1,0.39,0.00,0.39,0.39,0.39,Matches
99,Chema\Chema,es ESP,DFMF,Getafe,29-077,1992,9,6,467,5.2,0,0,0,0,0,3,1,0.00,0.00,0.00,0.00,0.00,0.0,0.0,0.1,0.2,0.01,0.03,0.03,0.01,0.03,Matches
100,Denis Cheryshev\Denis-Cheryshev,ru RUS,MF,Valencia,30-144,1990,20,13,1087,12.1,0,3,0,0,0,3,0,0.00,0.25,0.25,0.00,0.25,1.5,1.5,2.4,3.9,0.12,0.20,0.33,0.12,0.33,Matches
101,Samuel Chukwueze\Samuel-Chukwueze,ng NGA,MFFW,Villarreal,21-362,1999,28,13,1365,15.2,4,2,4,0,0,0,0,0.26,0.13,0.40,0.26,0.40,3.5,3.5,2.6,6.1,0.23,0.17,0.41,0.23,0.41,Matches
102,Víctor Chust\Victor-Chust,es ESP,DF,Real Madrid,21-075,2000,2,1,95,1.1,0,0,0,0,0,0,0,0.00,0.00,0.00,0.00,0.00,0.0,0.0,0.0,0.0,0.00,0.00,0.00,0.00,0.00,Matches
103,Cifu\Cifu,es ESP,DF,Elche,30-226,1990,11,4,451,5.0,0,0,0,0,0,1,0,0.00,0.00,0.00,0.00,0.00,0.1,0.1,0.0,0.1,0.02,0.00,0.02,0.02,0.02,Matches
104,Alberto Cifuentes\Alberto-Cifuentes,es ESP,GK,Cádiz,41-355,1979,2,2,180,2.0,0,0,0,0,0,0,0,0.00,0.00,0.00,0.00,0.00,0.0,0.0,0.0,0.0,0.00,0.02,0.02,0.00,0.02,Matches
105,Jasper Cillessen\Jasper-Cillessen,nl NED,GK,Valencia,32-027,1989,9,9,810,9.0,0,0,0,0,0,0,0,0.00,0.00,0.00,0.00,0.00,0.0,0.0,0.0,0.0,0.00,0.00,0.00,0.00,0.00,Matches
106,Carlos Clerc\Carlos-Clerc,es ESP,DF,Levante,29-087,1992,34,30,2752,30.6,0,3,0,0,0,5,0,0.00,0.10,0.10,0.00,0.10,0.4,0.4,3.3,3.7,0.01,0.11,0.12,0.01,0.12,Matches
107,Coke\Coke,es ESP,DF,Levante,34-023,1987,16,11,824,9.2,0,0,0,0,0,1,0,0.00,0.00,0.00,0.00,0.00,0.4,0.4,0.1,0.5,0.05,0.01,0.05,0.05,0.05,Matches
108,Francis Coquelin\Francis-Coquelin,fr FRA,MF,Villarreal,30-006,1991,21,7,711,7.9,0,0,0,0,0,4,0,0.00,0.00,0.00,0.00,0.00,0.2,0.2,0.5,0.7,0.03,0.06,0.09,0.03,0.09,Matches
109,Iñigo Córdoba\Inigo-Cordoba,es ESP,FWMF,Athletic Club,24-067,1997,3,1,95,1.1,0,0,0,0,0,0,0,0.00,0.00,0.00,0.00,0.00,0.1,0.1,0.0,0.1,0.11,0.00,0.11,0.11,0.11,Matches
110,Iñigo Córdoba\Inigo-Cordoba,es ESP,MF,Alavés,24-067,1997,7,3,216,2.4,0,0,0,0,0,0,0,0.00,0.00,0.00,0.00,0.00,0.0,0.0,0.3,0.3,0.01,0.11,0.12,0.01,0.12,Matches
111,Ángel Correa\Angel-Correa,ar ARG,FWMF,Atlético Madrid,26-071,1995,37,28,2309,25.7,8,8,8,0,0,3,0,0.31,0.31,0.62,0.31,0.62,7.5,7.3,5.7,13.0,0.29,0.22,0.52,0.28,0.51,Matches
112,Rober Correa\Rober-Correa,es ESP,DF,Eibar,28-241,1992,14,12,1061,11.8,0,2,0,0,0,3,0,0.00,0.17,0.17,0.00,0.17,0.2,0.2,0.8,1.0,0.02,0.07,0.08,0.02,0.08,Matches
113,Thierry Correia\Thierry-Correia,pt POR,DF,Valencia,22-071,1999,28,24,2047,22.7,1,1,1,0,0,6,1,0.04,0.04,0.09,0.04,0.09,1.0,1.0,1.3,2.3,0.04,0.06,0.10,0.04,0.10,Matches
114,Diego Costa\Diego-Costa,es ESP,FW,Atlético Madrid,32-224,1988,7,2,208,2.3,2,0,1,1,1,1,0,0.87,0.00,0.87,0.43,0.43,1.4,0.6,0.3,1.0,0.60,0.14,0.74,0.27,0.41,Matches
115,Jaume Costa\Jaume-Costa,es ESP,DFMF,Villarreal,33-062,1988,14,3,351,3.9,0,1,0,0,0,1,0,0.00,0.26,0.26,0.00,0.26,0.1,0.1,0.3,0.4,0.02,0.08,0.09,0.02,0.09,Matches
116,Thibaut Courtois\Thibaut-Courtois,be BEL,GK,Real Madrid,29-008,1992,37,37,3330,37.0,0,0,0,0,0,0,0,0.00,0.00,0.00,0.00,0.00,0.0,0.0,0.0,0.0,0.00,0.00,0.00,0.00,0.00,Matches
117,Philippe Coutinho\Philippe-Coutinho,br BRA,MFFW,Barcelona,28-341,1992,12,8,654,7.3,2,2,2,0,0,0,0,0.28,0.28,0.55,0.28,0.55,3.9,3.9,0.9,4.7,0.53,0.12,0.65,0.53,0.65,Matches
118,Juan Cruz Armada\Juan-Cruz-Armada,es ESP,DF,Osasuna,28-295,1992,26,23,1962,21.8,0,0,0,0,0,4,0,0.00,0.00,0.00,0.00,0.00,0.0,0.0,0.5,0.5,0.00,0.02,0.02,0.00,0.02,Matches
119,Sergio Cubero Ezcurra\Sergio-Cubero-Ezcurra,es ESP,MF,Eibar,21-256,1999,1,0,1,0.0,0,0,0,0,0,0,0,0.00,0.00,0.00,0.00,0.00,0.0,0.0,0.0,0.0,0.00,0.00,0.00,0.00,0.00,Matches
120,Cucho\Cucho,co COL,FWMF,Getafe,22-029,1999,22,18,1439,16.0,2,3,2,0,0,5,0,0.13,0.19,0.31,0.13,0.31,2.5,2.5,1.1,3.6,0.16,0.07,0.22,0.16,0.22,Matches
121,Marc Cucurella\Marc-Cucurella,es ESP,MF,Getafe,22-301,1998,36,36,3157,35.1,3,2,3,0,0,8,0,0.09,0.06,0.14,0.09,0.14,1.7,1.7,3.0,4.8,0.05,0.09,0.14,0.05,0.14,Matches
122,Patrick Cutrone\Patrick-Cutrone,it ITA,FW,Valencia,23-136,1998,7,0,108,1.2,0,0,0,0,0,0,0,0.00,0.00,0.00,0.00,0.00,0.5,0.5,0.2,0.7,0.46,0.14,0.60,0.46,0.60,Matches
123,Moussa Dembélé\Moussa-Dembele,fr FRA,FWMF,Atlético Madrid,24-311,1996,5,0,100,1.1,0,0,0,0,0,0,0,0.00,0.00,0.00,0.00,0.00,1.0,1.0,0.0,1.1,0.92,0.02,0.95,0.92,0.95,Matches
124,Ousmane Dembélé\Ousmane-Dembele,fr FRA,FWDF,Barcelona,24-004,1997,29,18,1684,18.7,6,3,6,0,0,2,0,0.32,0.16,0.48,0.32,0.48,5.5,5.5,4.9,10.5,0.30,0.26,0.56,0.30,0.56,Matches
125,Sergiño Dest\Sergino-Dest,us USA,DF,Barcelona,20-197,2000,29,22,1796,20.0,2,1,2,0,0,1,0,0.10,0.05,0.15,0.10,0.15,2.5,2.5,2.6,5.0,0.12,0.13,0.25,0.12,0.25,Matches
126,Deyverson\Deyverson,br BRA,FW,Alavés,30-011,1991,27,11,874,9.7,1,3,1,0,0,4,0,0.10,0.31,0.41,0.10,0.41,1.8,1.8,1.6,3.3,0.18,0.16,0.34,0.18,0.34,Matches
127,Abdoulay Diaby\Abdoulay-Diaby,ml MLI,MF,Getafe,29-363,1991,1,0,18,0.2,0,0,0,0,0,0,0,0.00,0.00,0.00,0.00,0.00,0.3,0.3,0.1,0.4,1.69,0.53,2.22,1.69,2.22,Matches
128,Mouctar Diakhaby\Mouctar-Diakhaby,fr FRA,DF,Valencia,24-151,1996,25,23,1989,22.1,1,0,1,0,0,4,1,0.05,0.00,0.05,0.05,0.05,1.1,1.1,0.0,1.1,0.05,0.00,0.05,0.05,0.05,Matches
129,Víctor Díaz\Victor-Diaz,es ESP,DF,Granada,32-341,1988,16,7,783,8.7,0,2,0,0,0,2,0,0.00,0.23,0.23,0.00,0.23,0.3,0.3,0.3,0.6,0.03,0.03,0.07,0.03,0.07,Matches
130,Papakouli Diop\Papakouli-Diop,sn SEN,MF,Eibar,35-061,1986,32,27,2263,25.1,1,1,1,0,0,9,2,0.04,0.04,0.08,0.04,0.08,1.8,1.8,1.1,2.9,0.07,0.04,0.12,0.07,0.12,Matches
131,Djené\Djene,tg TOG,DF,Getafe,29-139,1991,33,33,2854,31.7,0,1,0,0,0,8,2,0.00,0.03,0.03,0.00,0.03,0.2,0.2,0.1,0.3,0.01,0.00,0.01,0.01,0.01,Matches
132,Marko Dmitrović\Marko-Dmitrovic,rs SRB,GK,Eibar,29-115,1992,35,35,3120,34.7,1,0,0,1,2,0,0,0.03,0.00,0.03,0.00,0.00,1.6,0.1,0.5,0.6,0.05,0.01,0.06,0.00,0.02,Matches
133,Jaume Doménech\Jaume-Domenech,es ESP,GK,Valencia,30-195,1990,28,28,2520,28.0,0,0,0,0,0,1,0,0.00,0.00,0.00,0.00,0.00,0.0,0.0,0.0,0.0,0.00,0.00,0.00,0.00,0.00,Matches
134,Carlos Dominguez\Carlos-Dominguez,es ESP,DF,Celta Vigo,20-138,2001,3,3,270,3.0,0,0,0,0,0,1,0,0.00,0.00,0.00,0.00,0.00,0.0,0.0,0.1,0.1,0.00,0.03,0.03,0.00,0.03,Matches
135,John Donald\John-Donald,es ESP,DF,Elche,20-262,2000,2,1,50,0.6,0,0,0,0,0,0,0,0.00,0.00,0.00,0.00,0.00,0.0,0.0,0.0,0.0,0.00,0.00,0.00,0.00,0.00,Matches
136,Cheick Doukouré\Cheick-Doukoure,ci CIV,MF,Levante,28-250,1992,7,0,101,1.1,0,0,0,0,0,1,0,0.00,0.00,0.00,0.00,0.00,0.0,0.0,0.1,0.1,0.00,0.08,0.08,0.00,0.08,Matches
137,Idrissa Doumbia\Idrissa-Doumbia,ci CIV,MF,Huesca,23-035,1998,22,7,757,8.4,0,0,0,0,0,4,0,0.00,0.00,0.00,0.00,0.00,0.4,0.4,0.0,0.4,0.05,0.00,0.05,0.05,0.05,Matches
138,Domingos Duarte\Domingos-Duarte,pt POR,DF,Granada,26-070,1995,29,27,2363,26.3,1,0,1,0,0,5,1,0.04,0.00,0.04,0.04,0.04,1.3,1.3,1.0,2.3,0.05,0.04,0.09,0.05,0.09,Matches
139,Óscar Duarte\Oscar-Duarte,cr CRC,DF,Levante,31-350,1989,28,22,1970,21.9,1,0,1,0,0,2,0,0.05,0.00,0.05,0.05,0.05,1.1,1.1,0.2,1.3,0.05,0.01,0.06,0.05,0.06,Matches
140,Rubén Duarte\Ruben-Duarte,es ESP,DF,Alavés,25-213,1995,30,28,2455,27.3,1,1,1,0,0,5,1,0.04,0.04,0.07,0.04,0.07,1.3,1.3,2.4,3.7,0.05,0.09,0.14,0.05,0.14,Matches
141,Unai Dufur\Unai-Dufur,es ESP,DF,Eibar,22-138,1999,1,1,62,0.7,0,0,0,0,0,0,0,0.00,0.00,0.00,0.00,0.00,0.0,0.0,0.0,0.0,0.00,0.00,0.00,0.00,0.00,Matches
142,Hugo Duro\Hugo-Duro,es ESP,FW,Real Madrid,21-190,1999,2,0,55,0.6,0,0,0,0,0,0,0,0.00,0.00,0.00,0.00,0.00,0.1,0.1,0.1,0.2,0.22,0.09,0.31,0.22,0.31,Matches
143,Aritz Elustondo\Aritz-Elustondo,es ESP,DF,Real Sociedad,27-052,1994,22,21,1794,19.9,1,0,1,0,0,5,0,0.05,0.00,0.05,0.05,0.05,0.3,0.3,0.2,0.5,0.02,0.01,0.02,0.02,0.02,Matches
144,Rodrigo Ely\Rodrigo-Ely,br BRA,DF,Alavés,27-197,1993,8,6,468,5.2,1,0,1,0,0,1,0,0.19,0.00,0.19,0.19,0.19,0.2,0.2,0.1,0.3,0.04,0.02,0.06,0.04,0.06,Matches
145,Emerson\Emerson,br BRA,DF,Betis,22-125,1999,33,33,2901,32.2,1,4,1,0,0,9,1,0.03,0.12,0.16,0.03,0.16,1.2,1.2,2.2,3.4,0.04,0.07,0.10,0.04,0.10,Matches
146,Youssef En-Nesyri\Youssef-En-Nesyri,ma MAR,FW,Sevilla,23-352,1997,37,22,2221,24.7,18,0,18,0,0,2,0,0.73,0.00,0.73,0.73,0.73,14.4,14.4,1.3,15.7,0.58,0.05,0.64,0.58,0.64,Matches
147,Sergi Enrich\Sergi-Enrich,es ESP,FW,Eibar,31-082,1990,26,12,1328,14.8,3,0,3,0,1,1,0,0.20,0.00,0.20,0.20,0.20,5.4,4.7,0.9,5.6,0.37,0.06,0.43,0.32,0.38,Matches
148,Aarón Escandell\Aaron-Escandell,es ESP,GK,Granada,25-234,1995,4,4,360,4.0,0,0,0,0,0,1,0,0.00,0.00,0.00,0.00,0.00,0.0,0.0,0.0,0.0,0.00,0.00,0.00,0.00,0.00,Matches
149,Dani Escriche\Dani-Escriche,es ESP,FWMF,Huesca,23-056,1998,23,7,857,9.5,1,1,1,0,0,5,1,0.11,0.11,0.21,0.11,0.21,1.4,1.4,1.3,2.6,0.14,0.13,0.28,0.14,0.28,Matches
150,Sergio Escudero\Sergio-Escudero,es ESP,DF,Sevilla,31-259,1989,8,6,492,5.5,1,0,1,0,0,3,0,0.18,0.00,0.18,0.18,0.18,0.2,0.2,0.5,0.7,0.03,0.10,0.13,0.03,0.13,Matches
151,Alfonso Espino\Alfonso-Espino,uy URU,DF,Cádiz,29-134,1992,32,31,2601,28.9,0,3,0,0,0,6,0,0.00,0.10,0.10,0.00,0.10,0.2,0.2,1.3,1.5,0.01,0.04,0.05,0.01,0.05,Matches
152,Vicente Esquerdo\Vicente-Esquerdo,es ESP,MF,Valencia,22-137,1999,4,3,231,2.6,0,0,0,0,0,1,0,0.00,0.00,0.00,0.00,0.00,0.0,0.0,0.1,0.1,0.01,0.03,0.04,0.01,0.04,Matches
153,Pervis Estupiñán\Pervis-Estupinan,ec ECU,DF,Villarreal,23-118,1998,25,12,1168,13.0,0,0,0,0,0,1,0,0.00,0.00,0.00,0.00,0.00,0.5,0.5,1.3,1.8,0.04,0.10,0.14,0.04,0.14,Matches
154,Xabier Etxeita\Xabier-Etxeita,es ESP,DF,Getafe,33-200,1987,11,9,883,9.8,0,0,0,0,0,3,0,0.00,0.00,0.00,0.00,0.00,0.5,0.5,0.2,0.7,0.05,0.02,0.07,0.05,0.07,Matches
155,Edu Expósito\Edu-Exposito,es ESP,MF,Eibar,24-291,1996,31,27,2455,27.3,0,3,0,0,2,4,0,0.00,0.11,0.11,0.00,0.11,3.3,1.8,2.8,4.6,0.12,0.10,0.22,0.07,0.17,Matches
156,Fali\Fali,es ESP,DFMF,Cádiz,27-280,1993,33,28,2547,28.3,0,0,0,0,0,11,0,0.00,0.00,0.00,0.00,0.00,0.7,0.7,0.7,1.4,0.03,0.03,0.05,0.03,0.05,Matches
157,Ansu Fati\Ansu-Fati,es ESP,FW,Barcelona,18-200,2002,7,6,431,4.8,4,0,4,0,0,1,0,0.84,0.00,0.84,0.84,0.84,1.8,1.8,1.4,3.2,0.37,0.29,0.66,0.37,0.66,Matches
158,Nabil Fekir\Nabil-Fekir,fr FRA,MFFW,Betis,27-305,1993,32,32,2532,28.1,4,6,3,1,3,5,1,0.14,0.21,0.36,0.11,0.32,7.5,5.1,5.2,10.3,0.27,0.18,0.45,0.18,0.37,Matches
159,Felipe\Felipe,br BRA,DF,Atlético Madrid,32-003,1989,30,22,1967,21.9,0,0,0,0,0,7,0,0.00,0.00,0.00,0.00,0.00,0.7,0.7,0.2,1.0,0.03,0.01,0.04,0.03,0.04,Matches
160,João Félix\Joao-Felix,pt POR,FWMF,Atlético Madrid,21-190,1999,30,14,1544,17.2,7,5,6,1,2,5,0,0.41,0.29,0.70,0.35,0.64,5.1,3.6,3.8,7.3,0.30,0.22,0.52,0.21,0.43,Matches
161,Aitor Fernández\Aitor-Fernandez,es ESP,GK,Levante,30-016,1991,29,29,2610,29.0,0,0,0,0,0,0,0,0.00,0.00,0.00,0.00,0.00,0.0,0.0,0.0,0.0,0.00,0.00,0.00,0.00,0.00,Matches
162,Álex Fernández\Alex-Fernandez,es ESP,MF,Cádiz,28-216,1992,25,21,1946,21.6,4,1,2,2,2,1,0,0.18,0.05,0.23,0.09,0.14,3.2,1.7,1.8,3.5,0.15,0.08,0.23,0.08,0.16,Matches
163,Álvaro Fernández\Alvaro-Fernandez,es ESP,GK,Huesca,23-036,1998,21,21,1890,21.0,0,0,0,0,0,0,0,0.00,0.00,0.00,0.00,0.00,0.0,0.0,0.1,0.1,0.00,0.00,0.00,0.00,0.00,Matches
164,Andrés Fernández\Andres-Fernandez,es ESP,GK,Huesca,34-153,1986,16,16,1440,16.0,0,0,0,0,0,0,0,0.00,0.00,0.00,0.00,0.00,0.0,0.0,0.0,0.0,0.00,0.00,0.00,0.00,0.00,Matches
165,Augusto Fernández\Augusto-Fernandez,ar ARG,MF,Cádiz,35-039,1986,11,3,314,3.5,0,0,0,0,0,1,0,0.00,0.00,0.00,0.00,0.00,0.0,0.0,0.0,0.0,0.00,0.00,0.00,0.00,0.00,Matches
166,Carlos Fernández\Carlos-Fernandez,es ESP,FW,Sevilla,24-362,1996,5,2,143,1.6,0,0,0,0,0,0,0,0.00,0.00,0.00,0.00,0.00,0.1,0.1,0.1,0.2,0.09,0.06,0.14,0.09,0.14,Matches
167,Carlos Fernández\Carlos-Fernandez,es ESP,FWMF,Real Sociedad,24-362,1996,10,4,373,4.1,1,2,1,0,0,5,0,0.24,0.48,0.72,0.24,0.72,0.8,0.8,0.4,1.2,0.20,0.10,0.30,0.20,0.30,Matches
168,Joaquín Fernández\Joaquin-Fernandez,es ESP,DF,Valladolid,24-353,1996,25,24,2073,23.0,1,0,1,0,0,8,0,0.04,0.00,0.04,0.04,0.04,1.3,1.3,0.3,1.5,0.05,0.01,0.07,0.05,0.07,Matches
169,Fernando\Fernando,br BRA,MF,Sevilla,33-298,1987,31,28,2546,28.3,3,4,3,0,0,6,0,0.11,0.14,0.25,0.11,0.25,0.7,0.7,3.4,4.1,0.02,0.12,0.14,0.02,0.14,Matches
170,David Ferreiro\David-Ferreiro,es ESP,MFFW,Huesca,33-048,1988,36,28,2443,27.1,2,4,2,0,0,4,0,0.07,0.15,0.22,0.07,0.22,1.9,1.9,5.3,7.2,0.07,0.20,0.27,0.07,0.27,Matches
171,Facundo Ferreyra\Facundo-Ferreyra,ar ARG,FW,Celta Vigo,30-066,1991,13,2,300,3.3,1,0,1,0,0,5,1,0.30,0.00,0.30,0.30,0.30,1.4,1.4,0.0,1.4,0.43,0.00,0.43,0.43,0.43,Matches
172,Fidel\Fidel,es ESP,MFDF,Elche,31-204,1989,29,27,2306,25.6,6,3,4,2,3,8,0,0.23,0.12,0.35,0.16,0.27,4.1,1.9,5.0,6.9,0.16,0.20,0.36,0.07,0.27,Matches
173,Junior Firpo\Junior-Firpo,es ESP,DF,Barcelona,24-270,1996,6,2,244,2.7,1,1,1,0,0,1,0,0.37,0.37,0.74,0.37,0.74,0.8,0.8,0.7,1.5,0.31,0.25,0.56,0.31,0.56,Matches
174,Kingsley Fobi\Kingsley-Fobi,gh GHA,DF,Granada,22-241,1998,1,0,45,0.5,0,0,0,0,0,0,0,0.00,0.00,0.00,0.00,0.00,0.0,0.0,0.0,0.0,0.00,0.00,0.00,0.00,0.00,Matches
175,Ramón Folch\Ramon-Folch,es ESP,MF,Elche,31-227,1989,1,0,1,0.0,0,0,0,0,0,0,0,0.00,0.00,0.00,0.00,0.00,0.0,0.0,0.0,0.0,0.00,0.00,0.00,0.00,0.00,Matches
176,José Fontán\Jose-Fontan,es ESP,DF,Celta Vigo,21-097,2000,14,7,652,7.2,0,0,0,0,0,3,1,0.00,0.00,0.00,0.00,0.00,0.6,0.6,0.0,0.6,0.08,0.00,0.08,0.08,0.08,Matches
177,Dimitri Foulquier\Dimitri-Foulquier,fr FRA,DF,Granada,28-057,1993,31,31,2573,28.6,0,4,0,0,0,7,0,0.00,0.14,0.14,0.00,0.14,0.3,0.3,1.8,2.1,0.01,0.06,0.07,0.01,0.07,Matches
178,Juan Foyth\Juan-Foyth,ar ARG,DFMF,Villarreal,23-127,1998,16,13,1168,13.0,0,0,0,0,0,6,0,0.00,0.00,0.00,0.00,0.00,0.1,0.1,0.2,0.3,0.01,0.02,0.02,0.01,0.02,Matches
179,Jorge de Frutos\Jorge-de-Frutos,es ESP,MFFW,Levante,24-088,1997,36,21,2096,23.3,4,9,4,0,0,3,0,0.17,0.39,0.56,0.17,0.56,3.3,3.3,5.2,8.5,0.14,0.22,0.36,0.14,0.36,Matches
180,Ramiro Funes Mori\Ramiro-Funes-Mori,ar ARG,DF,Villarreal,30-075,1991,10,8,727,8.1,0,0,0,0,0,1,0,0.00,0.00,0.00,0.00,0.00,1.2,1.2,0.0,1.2,0.15,0.00,0.15,0.15,0.15,Matches
181,Javi Galán\Javi-Galan,es ESP,DF,Huesca,26-181,1994,37,34,3065,34.1,1,2,1,0,0,5,0,0.03,0.06,0.09,0.03,0.09,0.2,0.2,3.1,3.3,0.01,0.09,0.10,0.01,0.10,Matches
182,Enric Gallego\Enric-Gallego,es ESP,FW,Osasuna,34-249,1986,21,7,739,8.2,0,2,0,0,0,1,0,0.00,0.24,0.24,0.00,0.24,1.3,1.3,0.7,2.0,0.16,0.08,0.25,0.16,0.25,Matches
183,Kévin Gameiro\Kevin-Gameiro,fr FRA,FW,Valencia,34-010,1987,27,10,1077,12.0,4,1,4,0,0,0,0,0.33,0.08,0.42,0.33,0.42,3.4,3.4,1.2,4.6,0.29,0.10,0.38,0.29,0.38,Matches
184,Aleix García\Aleix-Garcia,es ESP,MF,Eibar,23-325,1997,11,5,437,4.9,0,1,0,0,0,1,0,0.00,0.21,0.21,0.00,0.21,0.4,0.4,0.8,1.2,0.07,0.17,0.24,0.07,0.24,Matches
185,Borja García\Borja-Garcia,es ESP,MFFW,Huesca,30-198,1990,20,13,1111,12.3,1,0,1,0,0,0,0,0.08,0.00,0.08,0.08,0.08,1.2,1.2,1.2,2.4,0.10,0.10,0.20,0.10,0.20,Matches
186,Dani García\Dani-Garcia,es ESP,MF,Athletic Club,30-360,1990,27,21,1920,21.3,0,1,0,0,0,8,0,0.00,0.05,0.05,0.00,0.05,0.4,0.4,0.4,0.8,0.02,0.02,0.04,0.02,0.04,Matches
187,David García\David-Garcia,es ESP,DF,Osasuna,27-094,1994,34,34,3060,34.0,1,0,1,0,0,8,0,0.03,0.00,0.03,0.03,0.03,1.5,1.5,0.3,1.8,0.05,0.01,0.05,0.05,0.05,Matches
188,Manu García\Manu-Garcia,es ESP,MF,Alavés,35-023,1986,24,9,1034,11.5,0,0,0,0,0,9,1,0.00,0.00,0.00,0.00,0.00,0.5,0.5,0.3,0.7,0.04,0.02,0.06,0.04,0.06,Matches
189,Raúl García\Raul-Garcia,es ESP,FWMF,Athletic Club,34-312,1986,34,21,1743,19.4,5,1,3,2,3,8,2,0.26,0.05,0.31,0.15,0.21,6.4,4.1,1.3,5.4,0.33,0.07,0.40,0.21,0.28,Matches
190,Raúl García\Raul-Garcia,es ESP,DFMF,Valladolid,32-019,1989,8,5,504,5.6,1,0,1,0,0,2,0,0.18,0.00,0.18,0.18,0.18,0.1,0.1,0.2,0.4,0.02,0.04,0.07,0.02,0.07,Matches
191,Rubén García\Ruben-Garcia,es ESP,MFFW,Osasuna,27-309,1993,37,33,2718,30.2,3,5,2,1,1,2,0,0.10,0.17,0.26,0.07,0.23,3.4,2.7,5.1,7.8,0.11,0.17,0.28,0.09,0.26,Matches
192,Sergi García\Sergi-Garcia,es ESP,MF,Alavés,22-035,1999,2,0,16,0.2,0,0,0,0,0,0,0,0.00,0.00,0.00,0.00,0.00,0.0,0.0,0.0,0.0,0.00,0.00,0.00,0.00,0.00,Matches
193,Unai García\Unai-Garcia,es ESP,DF,Osasuna,29-105,1992,16,12,1189,13.2,0,0,0,0,0,3,0,0.00,0.00,0.00,0.00,0.00,0.5,0.5,0.2,0.7,0.04,0.02,0.06,0.04,0.06,Matches
194,Mario Gaspar\Mario-Gaspar,es ESP,DF,Villarreal,30-176,1990,23,20,1761,19.6,0,2,0,0,0,3,1,0.00,0.10,0.10,0.00,0.10,0.8,0.8,1.7,2.5,0.04,0.09,0.13,0.04,0.13,Matches
195,Paulo Gazzaniga\Paulo-Gazzaniga,ar ARG,GK,Elche,29-137,1992,7,7,630,7.0,0,0,0,0,0,3,0,0.00,0.00,0.00,0.00,0.00,0.0,0.0,0.1,0.1,0.00,0.01,0.01,0.00,0.01,Matches
196,David Gil\David-Gil,es ESP,GK,Cádiz,27-128,1994,3,3,270,3.0,0,0,0,0,0,0,0,0.00,0.00,0.00,0.00,0.00,0.0,0.0,0.0,0.0,0.00,0.00,0.00,0.00,0.00,Matches
197,Álvaro Giménez\Alvaro-Gimenez,es ESP,FWMF,Cádiz,30-000,1991,11,3,407,4.5,2,1,2,0,0,0,0,0.44,0.22,0.66,0.44,0.66,1.4,1.4,0.0,1.4,0.31,0.01,0.32,0.31,0.32,Matches
198,Dani Gómez\Dani-Gomez,es ESP,FW,Levante,22-293,1998,33,16,1600,17.8,2,2,2,0,0,3,0,0.11,0.11,0.23,0.11,0.23,3.0,3.0,1.1,4.1,0.17,0.06,0.23,0.17,0.23,Matches
199,Ibai Gómez\Ibai-Gomez,es ESP,MF,Athletic Club,31-189,1989,12,3,353,3.9,0,1,0,0,0,0,0,0.00,0.25,0.25,0.00,0.25,0.1,0.1,0.6,0.7,0.03,0.15,0.18,0.03,0.18,Matches
200,Maxi Gómez\Maxi-Gomez,uy URU,FW,Valencia,24-278,1996,30,30,2610,29.0,7,1,7,0,0,7,1,0.24,0.03,0.28,0.24,0.28,6.7,6.7,0.9,7.6,0.23,0.03,0.26,0.23,0.26,Matches
201,Moi Gómez\Moi-Gomez,es ESP,MFFW,Villarreal,26-330,1994,34,29,2558,28.4,4,0,3,1,1,1,0,0.14,0.00,0.14,0.11,0.11,4.2,3.5,2.5,6.0,0.15,0.09,0.24,0.12,0.21,Matches
202,Papu Gómez\Papu-Gomez,ar ARG,MFFW,Sevilla,33-093,1988,17,11,897,10.0,2,1,2,0,0,0,0,0.20,0.10,0.30,0.20,0.30,1.2,1.2,0.8,2.0,0.12,0.08,0.20,0.12,0.20,Matches
203,Sergi Gómez\Sergi-Gomez,es ESP,DF,Sevilla,29-052,1992,9,9,719,8.0,0,0,0,0,0,2,0,0.00,0.00,0.00,0.00,0.00,0.0,0.0,0.0,0.0,0.00,0.00,0.00,0.00,0.00,Matches
204,Sergio Gómez\Sergio-Gomez,es ESP,MFFW,Huesca,20-257,2000,28,3,702,7.8,0,1,0,0,0,1,0,0.00,0.13,0.13,0.00,0.13,0.6,0.6,1.0,1.6,0.07,0.13,0.21,0.07,0.21,Matches
205,Maxime Gonalons\Maxime-Gonalons,fr FRA,MF,Granada,32-070,1989,25,18,1480,16.4,0,1,0,0,0,7,1,0.00,0.06,0.06,0.00,0.06,0.1,0.1,0.6,0.7,0.01,0.03,0.04,0.01,0.04,Matches
206,Bruno González\Bruno-Gonzalez,es ESP,DF,Valladolid,30-360,1990,27,25,2263,25.1,1,0,1,0,0,8,0,0.04,0.00,0.04,0.04,0.04,0.3,0.3,0.0,0.3,0.01,0.00,0.01,0.01,0.01,Matches
207,Diego González\Diego-Gonzalez,es ESP,DF,Elche,26-111,1995,19,15,1280,14.2,1,0,1,0,0,5,0,0.07,0.00,0.07,0.07,0.07,0.5,0.5,0.1,0.6,0.04,0.00,0.04,0.04,0.04,Matches
208,Sergio González\Sergio-Gonzalez,es ESP,MF,Cádiz,24-005,1997,1,1,90,1.0,0,0,0,0,0,0,0,0.00,0.00,0.00,0.00,0.00,0.0,0.0,0.0,0.0,0.02,0.02,0.04,0.02,0.04,Matches
209,Urko González\Urko-Gonzalez,es ESP,MF,Real Sociedad,20-060,2001,2,1,47,0.5,0,0,0,0,0,1,0,0.00,0.00,0.00,0.00,0.00,0.0,0.0,0.0,0.0,0.00,0.07,0.07,0.00,0.07,Matches
210,Andoni Gorosabel\Andoni-Gorosabel,es ESP,DF,Real Sociedad,24-288,1996,31,27,2292,25.5,0,1,0,0,0,3,0,0.00,0.04,0.04,0.00,0.04,0.6,0.6,2.3,3.0,0.02,0.09,0.12,0.02,0.12,Matches
211,Antoine Griezmann\Antoine-Griezmann,fr FRA,FWMF,Barcelona,30-059,1991,35,31,2514,27.9,12,7,11,1,2,4,0,0.43,0.25,0.68,0.39,0.64,13.8,12.3,5.6,17.9,0.49,0.20,0.69,0.44,0.64,Matches
212,Andrés Guardado\Andres-Guardado,mx MEX,MF,Betis,34-233,1986,23,16,1253,13.9,1,0,1,0,0,3,0,0.07,0.00,0.07,0.07,0.07,0.3,0.3,0.5,0.9,0.02,0.04,0.06,0.02,0.06,Matches
213,Sergi Guardiola\Sergi-Guardiola,es ESP,FW,Valladolid,29-355,1991,28,19,1766,19.6,1,2,0,1,2,5,0,0.05,0.10,0.15,0.00,0.10,5.0,3.4,1.6,5.0,0.25,0.08,0.33,0.17,0.25,Matches
214,Nemanja Gudelj\Nemanja-Gudelj,rs SRB,MF,Sevilla,29-184,1991,29,9,951,10.6,0,0,0,0,0,8,0,0.00,0.00,0.00,0.00,0.00,0.2,0.2,0.0,0.2,0.01,0.00,0.02,0.01,0.02,Matches
215,Gonçalo Guedes\Goncalo-Guedes,pt POR,MFFW,Valencia,24-171,1996,30,26,2211,24.6,5,5,5,0,0,3,1,0.20,0.20,0.41,0.20,0.41,3.4,3.4,3.5,6.9,0.14,0.14,0.28,0.14,0.28,Matches
216,Ander Guevara\Ander-Guevara,es ESP,MF,Real Sociedad,23-316,1997,30,24,1991,22.1,1,1,1,0,0,5,0,0.05,0.05,0.09,0.05,0.09,0.3,0.3,0.6,1.0,0.02,0.03,0.04,0.02,0.04,Matches
217,John Guidetti\John-Guidetti,se SWE,FWMF,Alavés,29-034,1992,9,0,131,1.5,1,0,1,0,0,1,0,0.69,0.00,0.69,0.69,0.69,1.1,1.1,0.0,1.1,0.76,0.00,0.76,0.76,0.76,Matches
218,Hugo Guillamón\Hugo-Guillamon,es ESP,DF,Valencia,21-108,2000,24,20,1900,21.1,1,0,1,0,0,7,0,0.05,0.00,0.05,0.05,0.05,0.5,0.5,0.0,0.5,0.02,0.00,0.02,0.02,0.02,Matches
219,Jon Guridi\Jon-Guridi,es ESP,MF,Real Sociedad,26-080,1995,17,8,831,9.2,0,1,0,0,0,2,0,0.00,0.11,0.11,0.00,0.11,0.8,0.8,0.7,1.5,0.08,0.08,0.16,0.08,0.16,Matches
220,Raúl Guti\Raul-Guti,es ESP,MF,Elche,24-140,1996,35,32,2772,30.8,2,1,2,0,0,3,1,0.06,0.03,0.10,0.06,0.10,1.5,1.5,0.5,1.9,0.05,0.01,0.06,0.05,0.06,Matches
221,Marcos Mauro López Gutiérrez\Marcos-Mauro-Lopez-Gutierrez,ar ARG,DF,Cádiz,30-130,1991,24,22,1825,20.3,2,0,2,0,0,2,1,0.10,0.00,0.10,0.10,0.10,1.5,1.5,0.1,1.5,0.07,0.00,0.08,0.07,0.08,Matches
222,Miguel Gutiérrez\Miguel-Gutierrez,es ESP,DF,Real Madrid,19-296,2001,5,2,249,2.8,0,1,0,0,0,0,0,0.00,0.36,0.36,0.00,0.36,0.0,0.0,0.2,0.2,0.00,0.08,0.08,0.00,0.08,Matches
223,Munir El Haddadi\Munir-El-Haddadi,ma MAR,FW,Sevilla,25-260,1995,24,9,845,9.4,4,2,4,0,0,2,0,0.43,0.21,0.64,0.43,0.64,3.5,3.5,1.6,5.1,0.37,0.17,0.55,0.37,0.55,Matches
224,Eden Hazard\Eden-Hazard,be BEL,FWMF,Real Madrid,30-132,1991,14,7,532,5.9,3,2,3,0,0,0,0,0.51,0.34,0.85,0.51,0.85,1.6,1.6,0.8,2.4,0.27,0.14,0.40,0.27,0.40,Matches
225,Mario Hermoso\Mario-Hermoso,es ESP,DF,Atlético Madrid,25-335,1995,30,29,2516,28.0,1,1,1,0,0,5,0,0.04,0.04,0.07,0.04,0.07,1.1,1.1,0.4,1.5,0.04,0.02,0.05,0.04,0.05,Matches
226,Aridane Hernández\Aridane-Hernandez,gq EQG,DF,Osasuna,32-057,1989,24,24,2026,22.5,0,0,0,0,0,3,1,0.00,0.00,0.00,0.00,0.00,0.1,0.1,0.5,0.6,0.00,0.02,0.03,0.00,0.03,Matches
227,Héctor Herrera\Hector-Herrera,mx MEX,MF,Atlético Madrid,31-030,1990,15,8,676,7.5,0,1,0,0,0,2,0,0.00,0.13,0.13,0.00,0.13,0.2,0.2,0.3,0.6,0.03,0.05,0.08,0.03,0.08,Matches
228,Sergio Herrera\Sergio-Herrera,es ESP,GK,Osasuna,27-348,1993,33,32,2958,32.9,0,0,0,0,0,2,0,0.00,0.00,0.00,0.00,0.00,0.0,0.0,0.0,0.0,0.00,0.00,0.00,0.00,0.00,Matches
229,Yangel Herrera\Yangel-Herrera,ve VEN,MF,Granada,23-132,1998,32,25,2310,25.7,3,1,3,0,0,7,0,0.12,0.04,0.16,0.12,0.16,1.9,1.9,1.1,3.0,0.07,0.04,0.12,0.07,0.12,Matches
230,Pablo Hervías\Pablo-Hervias,es ESP,DFMF,Valladolid,28-072,1993,26,10,1195,13.3,0,5,0,0,0,1,0,0.00,0.38,0.38,0.00,0.38,0.5,0.5,3.3,3.8,0.04,0.25,0.29,0.04,0.29,Matches
231,Jordan Holsgrove\Jordan-Holsgrove,sco SCO,MF,Celta Vigo,21-251,1999,5,0,145,1.6,0,0,0,0,0,0,0,0.00,0.00,0.00,0.00,0.00,0.1,0.1,0.0,0.1,0.05,0.02,0.07,0.05,0.07,Matches
232,Vicente Iborra\Vicente-Iborra,es ESP,MF,Villarreal,33-123,1988,13,10,928,10.3,0,0,0,0,0,4,0,0.00,0.00,0.00,0.00,0.00,0.2,0.2,0.2,0.3,0.02,0.02,0.03,0.02,0.03,Matches
233,Oussama Idrissi\Oussama-Idrissi,ma MAR,FWMF,Sevilla,25-082,1996,3,0,27,0.3,0,0,0,0,0,0,0,0.00,0.00,0.00,0.00,0.00,0.3,0.3,0.0,0.3,0.96,0.00,0.96,0.96,0.96,Matches
234,Iglesias\Iglesias,es ESP,DFMF,Getafe,22-320,1998,9,6,515,5.7,0,0,0,0,0,2,0,0.00,0.00,0.00,0.00,0.00,0.1,0.1,0.2,0.3,0.01,0.04,0.05,0.01,0.05,Matches
235,Borja Iglesias\Borja-Iglesias,es ESP,FW,Betis,28-122,1993,27,14,1330,14.8,10,0,6,4,4,2,0,0.68,0.00,0.68,0.41,0.41,6.8,3.8,0.5,4.3,0.46,0.03,0.49,0.26,0.29,Matches
236,Ilaix\Ilaix,es ESP,MF,Barcelona,18-120,2003,13,3,488,5.4,1,2,1,0,0,1,0,0.18,0.37,0.55,0.18,0.55,1.2,1.2,0.8,2.0,0.22,0.15,0.37,0.22,0.37,Matches
237,Asier Illarramendi\Asier-Illarramendi,es ESP,MF,Real Sociedad,31-072,1990,6,6,337,3.7,0,0,0,0,0,2,0,0.00,0.00,0.00,0.00,0.00,0.0,0.0,0.0,0.0,0.00,0.01,0.01,0.00,0.01,Matches
238,Pablo Insua\Pablo-Insua,es ESP,DF,Huesca,27-252,1993,20,17,1587,17.6,0,0,0,0,0,9,0,0.00,0.00,0.00,0.00,0.00,0.1,0.1,0.1,0.2,0.01,0.00,0.01,0.01,0.01,Matches
239,Takashi Inui\Takashi-Inui,jp JPN,MFFW,Eibar,32-351,1988,27,21,1729,19.2,1,0,1,0,0,0,0,0.05,0.00,0.05,0.05,0.05,2.3,2.3,1.9,4.2,0.12,0.10,0.22,0.12,0.22,Matches
240,Alexander Isak\Alexander-Isak,se SWE,FW,Real Sociedad,21-240,1999,33,29,2252,25.0,16,2,16,0,1,4,0,0.64,0.08,0.72,0.64,0.72,14.7,14.0,1.7,15.7,0.59,0.07,0.66,0.56,0.63,Matches
241,Isco\Isco,es ESP,MFFW,Real Madrid,29-028,1992,24,8,873,9.7,0,2,0,0,0,1,0,0.00,0.21,0.21,0.00,0.21,1.8,1.8,1.7,3.5,0.19,0.17,0.36,0.19,0.36,Matches
242,Jairo Izquierdo\Jairo-Izquierdo,es ESP,MFDF,Cádiz,27-209,1993,29,11,1254,13.9,1,0,1,0,0,4,0,0.07,0.00,0.07,0.07,0.07,0.8,0.8,0.9,1.8,0.06,0.07,0.13,0.06,0.13,Matches
243,Saidy Janko\Saidy-Janko,ch SUI,DF,Valladolid,25-209,1995,18,13,1139,12.7,0,1,0,0,0,4,0,0.00,0.08,0.08,0.00,0.08,0.4,0.4,0.4,0.8,0.03,0.04,0.07,0.03,0.07,Matches
244,Adnan Januzaj\Adnan-Januzaj,be BEL,FWMF,Real Sociedad,26-103,1995,26,12,1005,11.2,4,4,1,3,3,2,0,0.36,0.36,0.72,0.09,0.45,4.8,2.6,4.0,6.6,0.43,0.36,0.79,0.23,0.59,Matches
245,Jason\Jason,es ESP,MFDF,Valencia,26-317,1994,17,4,441,4.9,0,0,0,0,0,4,1,0.00,0.00,0.00,0.00,0.00,0.2,0.2,0.6,0.8,0.03,0.12,0.16,0.03,0.16,Matches
246,Luis Javier Suárez\Luis-Javier-Suarez,co COL,FWMF,Granada,23-168,1997,26,17,1591,17.7,5,1,5,0,0,6,0,0.28,0.06,0.34,0.28,0.34,6.4,6.4,1.4,7.7,0.36,0.08,0.44,0.36,0.44,Matches
247,Joaquín\Joaquin,es ESP,FWMF,Betis,39-302,1981,27,16,1291,14.3,2,6,2,0,0,2,0,0.14,0.42,0.56,0.14,0.56,1.0,1.0,2.5,3.5,0.07,0.18,0.24,0.07,0.24,Matches
248,John Joe\John-Joe,ie IRL,MFDF,Getafe,17-237,2003,6,0,65,0.7,0,0,0,0,0,0,0,0.00,0.00,0.00,0.00,0.00,0.1,0.1,0.0,0.1,0.18,0.00,0.18,0.18,0.18,Matches
249,Frenkie de Jong\Frenkie-de-Jong,nl NED,MFDF,Barcelona,24-007,1997,36,34,3081,34.2,3,4,3,0,0,5,0,0.09,0.12,0.20,0.09,0.20,5.5,5.5,5.5,11.0,0.16,0.16,0.32,0.16,0.32,Matches
250,Luuk de Jong\Luuk-de-Jong,nl NED,FW,Sevilla,30-265,1990,33,14,1251,13.9,4,0,4,0,0,3,0,0.29,0.00,0.29,0.29,0.29,3.8,3.8,1.1,5.0,0.28,0.08,0.36,0.28,0.36,Matches
251,Jony\Jony,es ESP,MFFW,Osasuna,29-314,1991,21,9,860,9.6,0,2,0,0,0,0,0,0.00,0.21,0.21,0.00,0.21,0.7,0.7,2.3,3.0,0.07,0.24,0.31,0.07,0.31,Matches
252,Joan Jordán\Joan-Jordan,es ESP,MF,Sevilla,26-317,1994,34,27,2351,26.1,1,6,1,0,0,8,1,0.04,0.23,0.27,0.04,0.27,1.5,1.5,2.8,4.3,0.06,0.11,0.16,0.06,0.16,Matches
253,Josan\Josan,es ESP,MFDF,Elche,31-167,1989,32,23,1852,20.6,4,2,4,0,0,3,0,0.19,0.10,0.29,0.19,0.29,1.7,1.7,1.6,3.3,0.08,0.08,0.16,0.08,0.16,Matches
254,Willian José\Willian-Jose,br BRA,FW,Real Sociedad,29-177,1991,13,8,689,7.7,3,1,3,0,1,0,0,0.39,0.13,0.52,0.39,0.52,4.3,3.5,0.9,4.4,0.56,0.11,0.67,0.46,0.58,Matches
255,Joselu\Joselu,es ESP,FW,Alavés,31-053,1990,36,34,3002,33.4,11,3,9,2,4,1,0,0.33,0.09,0.42,0.27,0.36,13.2,10.1,3.0,13.1,0.40,0.09,0.49,0.30,0.39,Matches
256,Josema\Josema,es ESP,DF,Elche,24-347,1996,28,21,1940,21.6,0,1,0,0,0,3,0,0.00,0.05,0.05,0.00,0.05,0.3,0.3,0.6,0.8,0.01,0.03,0.04,0.01,0.04,Matches
257,Jota\Jota,es ESP,MF,Alavés,29-337,1991,23,18,1398,15.5,0,2,0,0,0,5,1,0.00,0.13,0.13,0.00,0.13,0.9,0.9,1.9,2.8,0.06,0.12,0.18,0.06,0.18,Matches
258,Jota\Jota,pt POR,FW,Valladolid,22-050,1999,16,7,639,7.1,1,0,1,0,0,1,0,0.14,0.00,0.14,0.14,0.14,,,,,,,,,,Matches
259,Luka Jović\Luka-Jovic,rs SRB,FWMF,Real Madrid,23-147,1997,4,2,149,1.7,0,0,0,0,0,0,0,0.00,0.00,0.00,0.00,0.00,1.1,1.1,0.1,1.2,0.67,0.08,0.75,0.67,0.75,Matches
260,Juanmi\Juanmi,es ESP,FWMF,Betis,27-364,1993,16,5,604,6.7,2,0,2,0,0,1,0,0.30,0.00,0.30,0.30,0.30,3.0,3.0,0.1,3.1,0.45,0.01,0.46,0.45,0.46,Matches
261,Vinicius Júnior\Vinicius-Junior,br BRA,FW,Real Madrid,20-311,2000,34,21,1914,21.3,3,3,3,0,0,3,0,0.14,0.14,0.28,0.14,0.28,6.5,6.5,3.1,9.6,0.31,0.14,0.45,0.31,0.45,Matches
262,Jens Jønsson\Jens-Jonsson,dk DEN,MF,Cádiz,28-129,1993,34,32,2560,28.4,0,0,0,0,0,6,0,0.00,0.00,0.00,0.00,0.00,0.8,0.8,1.7,2.5,0.03,0.06,0.09,0.03,0.09,Matches
263,Damian Kądzior\Damian-Kadzior,pl POL,FWMF,Eibar,28-337,1992,6,2,195,2.2,0,0,0,0,0,0,0,0.00,0.00,0.00,0.00,0.00,0.1,0.1,0.0,0.1,0.05,0.01,0.06,0.05,0.06,Matches
264,Lee Kangin\Lee-Kangin,kr KOR,FWMF,Valencia,20-089,2001,23,14,1182,13.1,0,4,0,0,0,1,0,0.00,0.30,0.30,0.00,0.30,1.1,1.1,2.4,3.5,0.08,0.18,0.26,0.08,0.26,Matches
265,Stephane Keller\Stephane-Keller,cm CMR,DF,Alavés,19-272,2001,1,0,16,0.2,0,0,0,0,0,0,0,0.00,0.00,0.00,0.00,0.00,0.0,0.0,0.0,0.0,0.00,0.00,0.00,0.00,0.00,Matches
266,Kenedy\Kenedy,br BRA,FWMF,Granada,25-100,1996,28,18,1471,16.3,4,3,4,0,0,3,0,0.24,0.18,0.43,0.24,0.43,2.1,2.1,2.6,4.7,0.13,0.16,0.29,0.13,0.29,Matches
267,Kike\Kike,es ESP,FW,Eibar,31-175,1989,36,35,2997,33.3,12,2,12,0,0,4,1,0.36,0.06,0.42,0.36,0.42,10.3,10.3,2.1,12.4,0.31,0.06,0.37,0.31,0.37,Matches
268,Giorgi Kochorashvili\Giorgi-Kochorashvili,ge GEO,MF,Levante,21-324,1999,3,0,23,0.3,0,0,0,0,0,0,0,0.00,0.00,0.00,0.00,0.00,0.0,0.0,0.0,0.0,0.03,0.15,0.18,0.03,0.18,Matches
269,Kenan Kodro\Kenan-Kodro,ba BIH,FW,Valladolid,27-273,1993,14,4,459,5.1,0,0,0,0,0,1,0,0.00,0.00,0.00,0.00,0.00,1.1,1.1,0.1,1.2,0.21,0.03,0.24,0.21,0.24,Matches
270,Kenan Kodro\Kenan-Kodro,ba BIH,FWMF,Athletic Club,27-273,1993,3,0,44,0.5,1,0,0,1,1,1,0,2.05,0.00,2.05,0.00,0.00,0.8,0.0,0.0,0.0,1.60,0.00,1.60,0.04,0.04,Matches
271,Koba Koindredi\Koba-Koindredi,fr FRA,MF,Valencia,19-204,2001,2,0,15,0.2,0,0,0,0,0,0,0,0.00,0.00,0.00,0.00,0.00,0.0,0.0,0.0,0.0,0.00,0.00,0.00,0.00,0.00,Matches
272,Koke\Koke,es ESP,MF,Atlético Madrid,29-131,1992,36,33,2931,32.6,1,2,1,0,0,9,0,0.03,0.06,0.09,0.03,0.09,1.9,1.9,2.2,4.1,0.06,0.07,0.13,0.06,0.13,Matches
273,Geoffrey Kondogbia\Geoffrey-Kondogbia,cf CTA,MF,Valencia,28-093,1993,5,5,440,4.9,0,0,0,0,0,1,0,0.00,0.00,0.00,0.00,0.00,0.1,0.1,0.0,0.1,0.01,0.00,0.01,0.01,0.01,Matches
274,Geoffrey Kondogbia\Geoffrey-Kondogbia,cf CTA,MFFW,Atlético Madrid,28-093,1993,24,4,599,6.7,0,0,0,0,0,4,0,0.00,0.00,0.00,0.00,0.00,0.1,0.1,0.3,0.4,0.01,0.04,0.06,0.01,0.06,Matches
275,Youssouf Koné\Youssouf-Kone,ml MLI,DFFW,Elche,25-318,1995,3,1,73,0.8,0,0,0,0,0,0,0,0.00,0.00,0.00,0.00,0.00,0.0,0.0,0.0,0.0,0.00,0.00,0.00,0.00,0.00,Matches
276,Jules Koundé\Jules-Kounde,fr FRA,DF,Sevilla,22-188,1998,33,32,2885,32.1,2,1,2,0,0,4,0,0.06,0.03,0.09,0.06,0.09,2.1,2.1,0.7,2.8,0.06,0.02,0.09,0.06,0.09,Matches
277,Toni Kroos\Toni-Kroos,de GER,MF,Real Madrid,31-135,1990,28,24,2117,23.5,3,10,3,0,0,6,0,0.13,0.43,0.55,0.13,0.55,2.2,2.2,6.7,8.9,0.09,0.28,0.38,0.09,0.38,Matches
278,Takefusa Kubo\Takefusa-Kubo,jp JPN,MFFW,Villarreal,19-349,2001,13,2,299,3.3,0,0,0,0,0,2,1,0.00,0.00,0.00,0.00,0.00,1.4,1.4,0.5,1.9,0.41,0.16,0.57,0.41,0.57,Matches
279,Takefusa Kubo\Takefusa-Kubo,jp JPN,MFFW,Getafe,19-349,2001,17,7,715,7.9,1,1,1,0,0,2,0,0.13,0.13,0.25,0.13,0.25,0.9,0.9,0.7,1.6,0.11,0.09,0.20,0.11,0.20,Matches
280,Kuki\Kuki,es ESP,MF,Valladolid,23-014,1998,2,0,30,0.3,0,1,0,0,0,0,0,0.00,3.00,3.00,0.00,3.00,0.0,0.0,0.1,0.1,0.00,0.16,0.16,0.00,0.16,Matches
281,Víctor Laguardia\Victor-Laguardia,es ESP,DF,Alavés,31-195,1989,32,30,2631,29.2,0,1,0,0,0,5,1,0.00,0.03,0.03,0.00,0.03,1.1,1.1,1.0,2.1,0.04,0.03,0.07,0.04,0.07,Matches
282,Diego Lainez\Diego-Lainez,mx MEX,FWMF,Betis,20-344,2000,20,8,828,9.2,0,2,0,0,0,4,0,0.00,0.22,0.22,0.00,0.22,0.9,0.9,0.9,1.8,0.10,0.10,0.19,0.10,0.19,Matches
283,Toni Lato\Toni-Lato,es ESP,DF,Valencia,23-179,1997,14,7,638,7.1,1,0,1,0,0,3,0,0.14,0.00,0.14,0.14,0.14,1.0,1.0,0.3,1.3,0.14,0.05,0.18,0.14,0.18,Matches
284,Lauti\Lauti,uy URU,MFFW,Celta Vigo,20-099,2001,1,0,14,0.2,0,0,0,0,0,0,0,0.00,0.00,0.00,0.00,0.00,0.0,0.0,0.0,0.0,0.00,0.00,0.00,0.00,0.00,Matches
285,Robin Le Normand\Robin-Le-Normand,fr FRA,DF,Real Sociedad,24-189,1996,32,29,2657,29.5,0,1,0,0,0,5,1,0.00,0.03,0.03,0.00,0.03,2.0,2.0,0.1,2.1,0.07,0.00,0.07,0.07,0.07,Matches
286,Jeremías Ledesma\Jeremias-Ledesma,ar ARG,GK,Cádiz,28-095,1993,32,32,2880,32.0,0,0,0,0,0,0,0,0.00,0.00,0.00,0.00,0.00,0.0,0.0,0.0,0.0,0.00,0.00,0.00,0.00,0.00,Matches
287,Florian Lejeune\Florian-Lejeune,fr FRA,DF,Alavés,29-364,1991,33,33,2925,32.5,1,1,1,0,0,10,0,0.03,0.03,0.06,0.03,0.06,2.2,2.2,0.3,2.5,0.07,0.01,0.08,0.07,0.08,Matches
288,Iñigo Lekue\Inigo-Lekue,es ESP,DF,Athletic Club,28-015,1993,17,4,562,6.2,0,0,0,0,0,1,0,0.00,0.00,0.00,0.00,0.00,0.1,0.1,0.4,0.5,0.01,0.07,0.08,0.01,0.08,Matches
289,Thomas Lemar\Thomas-Lemar,fr FRA,MF,Atlético Madrid,25-188,1995,27,19,1366,15.2,1,3,1,0,0,4,0,0.07,0.20,0.26,0.07,0.26,1.3,1.3,2.0,3.3,0.09,0.13,0.22,0.09,0.22,Matches
290,Clément Lenglet\Clement-Lenglet,fr FRA,DF,Barcelona,25-336,1995,33,29,2475,27.5,1,0,1,0,0,11,2,0.04,0.00,0.04,0.04,0.04,1.4,1.4,0.9,2.3,0.05,0.03,0.08,0.05,0.08,Matches
291,Pedro León\Pedro-Leon,es ESP,MFFW,Eibar,34-176,1986,23,10,890,9.9,1,2,1,0,0,2,0,0.10,0.20,0.30,0.10,0.30,1.2,1.2,2.2,3.4,0.13,0.22,0.35,0.13,0.35,Matches
292,Sergio León\Sergio-Leon,es ESP,FW,Levante,32-133,1989,28,6,748,8.3,2,0,2,0,0,0,0,0.24,0.00,0.24,0.24,0.24,2.3,2.3,0.3,2.7,0.28,0.04,0.32,0.28,0.32,Matches
293,Diego Llorente\Diego-Llorente,es ESP,DF,Real Sociedad,27-276,1993,1,1,90,1.0,0,0,0,0,0,0,0,0.00,0.00,0.00,0.00,0.00,0.0,0.0,0.0,0.0,0.00,0.00,0.00,0.00,0.00,Matches
294,Marcos Llorente\Marcos-Llorente,es ESP,MFDF,Atlético Madrid,26-109,1995,36,32,2878,32.0,12,11,12,0,0,6,0,0.38,0.34,0.72,0.38,0.72,4.2,4.2,5.2,9.4,0.13,0.16,0.29,0.13,0.29,Matches
295,Renan Lodi\Renan-Lodi,br BRA,DF,Atlético Madrid,23-041,1998,22,11,1101,12.2,1,2,1,0,0,2,0,0.08,0.16,0.25,0.08,0.25,0.7,0.7,1.1,1.9,0.06,0.09,0.15,0.06,0.15,Matches
296,Pedro López Muñoz\Pedro-Lopez-Munoz,es ESP,DF,Huesca,37-199,1983,21,10,1051,11.7,0,1,0,0,0,2,0,0.00,0.09,0.09,0.00,0.09,0.1,0.1,0.8,0.8,0.01,0.07,0.07,0.01,0.07,Matches
297,Adrián López\Adrian-Lopez,es ESP,FWMF,Osasuna,33-131,1988,17,5,481,5.3,1,1,1,0,0,0,0,0.19,0.19,0.37,0.19,0.37,1.3,1.3,0.8,2.1,0.24,0.15,0.39,0.24,0.39,Matches
298,Javi López\Javi-Lopez,es ESP,DFMF,Alavés,19-138,2002,9,1,248,2.8,0,0,0,0,0,1,1,0.00,0.00,0.00,0.00,0.00,0.1,0.1,0.1,0.2,0.03,0.04,0.07,0.03,0.07,Matches
299,Roberto López\Roberto-Lopez,es ESP,MFFW,Real Sociedad,21-025,2000,16,4,503,5.6,3,0,3,0,0,0,0,0.54,0.00,0.54,0.54,0.54,1.0,1.0,1.7,2.7,0.17,0.30,0.48,0.17,0.48,Matches
300,Unai López\Unai-Lopez,es ESP,MF,Athletic Club,25-201,1995,25,14,1334,14.8,3,0,3,0,0,7,0,0.20,0.00,0.20,0.20,0.20,1.2,1.2,1.2,2.4,0.08,0.08,0.16,0.08,0.16,Matches
301,Anthony Lozano\Anthony-Lozano,hn HON,FWMF,Cádiz,28-024,1993,29,18,1523,16.9,3,1,3,0,0,5,0,0.18,0.06,0.24,0.18,0.24,5.4,5.4,1.0,6.3,0.32,0.06,0.37,0.32,0.37,Matches
302,Jeison Lucumí\Jeison-Lucumi,co COL,FW,Elche,26-041,1995,2,1,49,0.5,0,0,0,0,0,0,0,0.00,0.00,0.00,0.00,0.00,0.0,0.0,0.0,0.0,0.00,0.00,0.00,0.00,0.00,Matches
303,José Luis Gayà\Jose-Luis-Gaya,es ESP,DF,Valencia,25-359,1995,33,32,2846,31.6,1,7,1,0,0,6,0,0.03,0.22,0.25,0.03,0.25,1.9,1.9,4.7,6.6,0.06,0.15,0.21,0.06,0.21,Matches
304,José Luis Morales\Jose-Luis-Morales,es ESP,FWMF,Levante,33-300,1987,37,30,2415,26.8,13,3,13,0,1,3,0,0.48,0.11,0.60,0.48,0.60,8.3,7.5,3.6,11.1,0.31,0.13,0.44,0.28,0.42,Matches
305,Luisinho\Luisinho,pt POR,DF,Huesca,36-014,1985,5,2,179,2.0,0,0,0,0,0,1,0,0.00,0.00,0.00,0.00,0.00,0.0,0.0,0.0,0.0,0.01,0.00,0.01,0.01,0.01,Matches
306,Luismi\Luismi,es ESP,MFDF,Elche,29-014,1992,11,2,168,1.9,0,0,0,0,0,0,0,0.00,0.00,0.00,0.00,0.00,0.0,0.0,0.0,0.0,0.00,0.00,0.00,0.00,0.00,Matches
307,Darwin Machís\Darwin-Machis,ve VEN,FWMF,Granada,28-101,1993,31,21,1981,22.0,4,5,4,0,1,1,0,0.18,0.23,0.41,0.18,0.41,4.6,3.8,4.2,8.0,0.21,0.19,0.40,0.17,0.36,Matches
308,Pablo Maffeo\Pablo-Maffeo,es ESP,DF,Huesca,23-311,1997,24,24,1890,21.0,1,4,1,0,0,4,0,0.05,0.19,0.24,0.05,0.24,0.7,0.7,1.8,2.5,0.03,0.09,0.12,0.03,0.12,Matches
309,Abdallahi Mahmoud\Abdallahi-Mahmoud,mr MTN,MF,Alavés,21-015,2000,2,1,66,0.7,0,0,0,0,0,0,0,0.00,0.00,0.00,0.00,0.00,0.0,0.0,0.0,0.0,0.00,0.02,0.02,0.00,0.02,Matches
310,Nemanja Maksimović\Nemanja-Maksimovic,rs SRB,MF,Getafe,26-113,1995,34,33,2647,29.4,1,0,1,0,0,4,0,0.03,0.00,0.03,0.03,0.03,1.8,1.8,1.1,3.0,0.06,0.04,0.10,0.06,0.10,Matches
311,Filip Malbašić\Filip-Malbasic,rs SRB,FWMF,Cádiz,28-182,1992,27,8,843,9.4,0,1,0,0,0,2,0,0.00,0.11,0.11,0.00,0.11,0.6,0.6,0.0,0.6,0.06,0.00,0.06,0.06,0.06,Matches
312,Hugo Mallo\Hugo-Mallo,es ESP,DF,Celta Vigo,29-331,1991,31,30,2602,28.9,3,1,3,0,0,8,0,0.10,0.03,0.14,0.10,0.14,1.5,1.5,2.3,3.8,0.05,0.08,0.13,0.05,0.13,Matches
313,Mickael Malsa\Mickael-Malsa,mq MTQ,MF,Levante,25-219,1995,34,24,2259,25.1,1,0,1,0,0,5,0,0.04,0.00,0.04,0.04,0.04,1.6,1.6,0.4,1.9,0.06,0.01,0.08,0.06,0.08,Matches
314,Aïssa Mandi\Aissa-Mandi,dz ALG,DF,Betis,29-209,1991,28,27,2392,26.6,3,1,3,0,0,6,2,0.11,0.04,0.15,0.11,0.15,2.3,2.3,0.1,2.4,0.09,0.01,0.09,0.09,0.09,Matches
315,Eliaquim Mangala\Eliaquim-Mangala,fr FRA,DF,Valencia,30-095,1991,6,4,319,3.5,0,0,0,0,0,1,0,0.00,0.00,0.00,0.00,0.00,0.5,0.5,0.0,0.5,0.15,0.00,0.15,0.15,0.15,Matches
316,Maranhão\Maranhao,br BRA,FW,Valladolid,24-211,1996,22,10,1116,12.4,4,0,4,0,0,2,0,0.32,0.00,0.32,0.32,0.32,3.8,3.8,0.1,3.9,0.30,0.01,0.32,0.30,0.32,Matches
317,Marcelo\Marcelo,br BRA,DF,Real Madrid,33-007,1988,15,12,1027,11.4,0,2,0,0,0,3,0,0.00,0.18,0.18,0.00,0.18,0.4,0.4,1.2,1.6,0.04,0.10,0.14,0.04,0.14,Matches
318,Iván Marcone\Ivan-Marcone,ar ARG,MF,Elche,30-350,1990,32,30,2619,29.1,0,0,0,0,0,10,1,0.00,0.00,0.00,0.00,0.00,0.1,0.1,0.6,0.7,0.00,0.02,0.02,0.00,0.02,Matches
319,Óscar de Marcos\Oscar-de-Marcos,es ESP,DFMF,Athletic Club,32-035,1989,24,17,1512,16.8,1,2,1,0,0,2,0,0.06,0.12,0.18,0.06,0.18,1.3,1.3,1.8,3.1,0.08,0.11,0.19,0.08,0.19,Matches
320,José Mari\Jose-Mari,es ESP,MF,Cádiz,33-164,1987,21,17,1361,15.1,1,0,0,1,1,5,0,0.07,0.00,0.07,0.00,0.00,1.1,0.4,0.4,0.7,0.07,0.02,0.10,0.02,0.05,Matches
321,José María Giménez\Jose-Maria-Gimenez,uy URU,DF,Atlético Madrid,26-119,1995,20,19,1675,18.6,0,0,0,0,0,5,0,0.00,0.00,0.00,0.00,0.00,0.7,0.7,0.2,0.9,0.04,0.01,0.05,0.04,0.05,Matches
322,Mariano\Mariano,do DOM,FW,Real Madrid,27-291,1993,15,5,490,5.4,1,0,1,0,0,0,0,0.18,0.00,0.18,0.18,0.18,1.5,1.5,0.2,1.6,0.27,0.03,0.30,0.27,0.30,Matches
323,Adrián Marín\Adrian-Marin,es ESP,DFMF,Alavés,24-130,1997,5,1,93,1.0,0,0,0,0,0,0,0,0.00,0.00,0.00,0.00,0.00,0.1,0.1,0.5,0.6,0.07,0.52,0.58,0.07,0.58,Matches
324,Adrián Marín\Adrian-Marin,es ESP,DFFW,Granada,24-130,1997,8,3,254,2.8,0,1,0,0,0,1,0,0.00,0.35,0.35,0.00,0.35,0.1,0.1,0.1,0.2,0.03,0.04,0.07,0.03,0.07,Matches
325,Roger Martí\Roger-Marti,es ESP,FW,Levante,30-136,1991,32,25,2108,23.4,11,3,9,2,4,4,0,0.47,0.13,0.60,0.38,0.51,8.8,5.7,2.0,7.8,0.38,0.09,0.46,0.25,0.33,Matches
326,Aarón Martín\Aaron-Martin,es ESP,DF,Celta Vigo,24-027,1997,18,16,1450,16.1,0,3,0,0,0,1,0,0.00,0.19,0.19,0.00,0.19,0.1,0.1,1.2,1.3,0.01,0.07,0.08,0.01,0.08,Matches
327,Álex Martín\Alex-Martin,es ESP,DF,Cádiz,23-114,1998,2,1,96,1.1,0,0,0,0,0,0,0,0.00,0.00,0.00,0.00,0.00,0.0,0.0,0.0,0.0,0.00,0.00,0.00,0.00,0.00,Matches
328,Iñigo Martínez\Inigo-Martinez,es ESP,DF,Athletic Club,30-002,1991,28,28,2519,28.0,1,0,1,0,0,9,1,0.04,0.00,0.04,0.04,0.04,1.3,1.3,0.6,2.0,0.05,0.02,0.07,0.05,0.07,Matches
329,Javi Martínez\Javi-Martinez,es ESP,MFFW,Osasuna,21-148,1999,12,6,449,5.0,1,1,1,0,0,1,0,0.20,0.20,0.40,0.20,0.40,0.6,0.6,0.5,1.1,0.11,0.10,0.22,0.11,0.22,Matches
330,Marvin\Marvin,es ESP,DFFW,Real Madrid,20-320,2000,4,2,133,1.5,0,1,0,0,0,0,0,0.00,0.68,0.68,0.00,0.68,0.2,0.2,0.2,0.4,0.11,0.13,0.24,0.11,0.24,Matches
331,Jordi Masip\Jordi-Masip,es ESP,GK,Valladolid,32-136,1989,24,24,2160,24.0,0,0,0,0,0,3,0,0.00,0.00,0.00,0.00,0.00,0.0,0.0,0.0,0.0,0.00,0.00,0.00,0.00,0.00,Matches
332,Jaime Mata\Jaime-Mata,es ESP,FW,Getafe,32-207,1988,32,23,2028,22.5,5,0,4,1,2,9,1,0.22,0.00,0.22,0.18,0.18,6.6,5.1,1.2,6.3,0.29,0.05,0.35,0.23,0.28,Matches
333,Borja Mayoral\Borja-Mayoral,es ESP,FW,Real Madrid,24-044,1997,2,0,23,0.3,0,0,0,0,0,0,0,0.00,0.00,0.00,0.00,0.00,0.0,0.0,0.0,0.0,0.00,0.00,0.00,0.00,0.00,Matches
334,Gonzalo Melero\Gonzalo-Melero,es ESP,MFFW,Levante,27-137,1994,28,20,1763,19.6,6,1,6,0,0,4,0,0.31,0.05,0.36,0.31,0.36,2.6,2.6,1.7,4.3,0.13,0.09,0.22,0.13,0.22,Matches
335,Brais Méndez\Brais-Mendez,es ESP,MFFW,Celta Vigo,24-132,1997,33,29,2581,28.7,8,0,7,1,1,7,0,0.28,0.00,0.28,0.24,0.24,7.4,6.6,2.0,8.6,0.26,0.07,0.33,0.23,0.30,Matches
336,Édgar Méndez\Edgar-Mendez,es ESP,MFFW,Alavés,31-137,1990,32,25,2013,22.4,5,1,5,0,0,12,1,0.22,0.04,0.27,0.22,0.27,5.4,5.4,1.1,6.5,0.24,0.05,0.29,0.24,0.29,Matches
337,Eñaut Mendía\Enaut-Mendia,es ESP,FW,Eibar,21-328,1999,1,1,61,0.7,0,0,0,0,0,1,0,0.00,0.00,0.00,0.00,0.00,0.0,0.0,0.0,0.0,0.02,0.00,0.02,0.02,0.02,Matches
338,Ferland Mendy\Ferland-Mendy,fr FRA,DF,Real Madrid,25-345,1995,26,24,2208,24.5,1,0,1,0,0,3,0,0.04,0.00,0.04,0.04,0.04,0.6,0.6,1.7,2.3,0.02,0.07,0.09,0.02,0.09,Matches
339,Mikel Merino\Mikel-Merino,es ESP,MF,Real Sociedad,24-331,1996,26,25,2154,23.9,2,4,2,0,0,5,0,0.08,0.17,0.25,0.08,0.25,3.7,3.7,2.1,5.8,0.16,0.09,0.24,0.16,0.24,Matches
340,Martín Merquelanz\Martin-Merquelanz,es ESP,FWMF,Real Sociedad,25-341,1995,13,4,549,6.1,0,1,0,0,0,0,0,0.00,0.16,0.16,0.00,0.16,1.1,1.1,1.8,2.9,0.19,0.29,0.47,0.19,0.47,Matches
341,Roque Mesa\Roque-Mesa,es ESP,MF,Valladolid,31-346,1989,24,20,1700,18.9,1,0,0,1,1,4,1,0.05,0.00,0.05,0.00,0.00,1.7,0.9,1.1,2.0,0.09,0.06,0.14,0.05,0.10,Matches
342,Lionel Messi\Lionel-Messi,ar ARG,FWMF,Barcelona,33-329,1987,35,33,3023,33.6,30,9,27,3,5,4,0,0.89,0.27,1.16,0.80,1.07,23.6,19.4,10.8,30.3,0.70,0.32,1.02,0.58,0.90,Matches
343,Omenuke Mfulu\Omenuke-Mfulu,cd COD,MF,Elche,27-060,1994,19,8,715,7.9,0,0,0,0,0,3,0,0.00,0.00,0.00,0.00,0.00,0.0,0.0,0.0,0.0,0.00,0.00,0.00,0.00,0.00,Matches
344,Míchel\Michel,es ESP,MF,Valladolid,32-294,1988,21,10,917,10.2,2,0,2,0,0,2,0,0.20,0.00,0.20,0.20,0.20,0.6,0.6,0.8,1.3,0.06,0.08,0.13,0.06,0.13,Matches
345,Éder Militão\Eder-Militao,br BRA,DF,Real Madrid,23-121,1998,13,12,1043,11.6,1,0,1,0,0,3,1,0.09,0.00,0.09,0.09,0.09,1.1,1.1,0.0,1.1,0.09,0.00,0.09,0.09,0.09,Matches
346,Luis Milla\Luis-Milla,es ESP,MF,Granada,26-224,1994,16,14,1253,13.9,1,1,1,0,0,1,0,0.07,0.07,0.14,0.07,0.14,0.5,0.5,2.1,2.6,0.04,0.15,0.19,0.04,0.19,Matches
347,Pere Milla\Pere-Milla,es ESP,FWMF,Elche,28-238,1992,31,21,1891,21.0,4,2,4,0,0,6,0,0.19,0.10,0.29,0.19,0.29,5.4,5.4,1.3,6.7,0.26,0.06,0.32,0.26,0.32,Matches
348,Alejandro Millán\Alejandro-Millan,es ESP,FW,Villarreal,21-193,1999,1,0,2,0.0,0,0,0,0,0,0,0,0.00,0.00,0.00,0.00,0.00,0.0,0.0,0.0,0.0,0.00,0.00,0.00,0.00,0.00,Matches
349,Santi Mina\Santi-Mina,es ESP,FW,Celta Vigo,25-163,1995,33,28,2322,25.8,12,3,11,1,1,4,0,0.47,0.12,0.58,0.43,0.54,8.8,8.0,1.4,9.5,0.34,0.06,0.40,0.31,0.37,Matches
350,Óscar Mingueza\Oscar-Mingueza,es ESP,DF,Barcelona,22-006,1999,26,22,1856,20.6,2,2,2,0,0,4,0,0.10,0.10,0.19,0.10,0.19,0.9,0.9,1.0,2.0,0.05,0.05,0.10,0.05,0.10,Matches
351,Rafa Mir\Rafa-Mir,es ESP,FW,Huesca,23-335,1997,37,31,2787,31.0,13,1,11,2,3,2,0,0.42,0.03,0.45,0.36,0.39,13.4,11.2,1.8,13.0,0.43,0.06,0.49,0.36,0.42,Matches
352,Jorge Miramón\Jorge-Miramon,es ESP,DF,Levante,31-351,1989,26,19,1732,19.2,0,3,0,0,0,1,0,0.00,0.16,0.16,0.00,0.16,0.7,0.7,1.3,2.0,0.04,0.07,0.10,0.04,0.10,Matches
353,Juan Miranda\Juan-Miranda,es ESP,DF,Betis,21-120,2000,21,17,1607,17.9,1,2,1,0,0,4,0,0.06,0.11,0.17,0.06,0.17,0.5,0.5,1.3,1.9,0.03,0.07,0.10,0.03,0.10,Matches
354,Luka Modrić\Luka-Modric,hr CRO,MF,Real Madrid,35-252,1985,34,31,2643,29.4,4,3,4,0,0,4,0,0.14,0.10,0.24,0.14,0.24,2.5,2.5,4.0,6.5,0.09,0.14,0.22,0.09,0.22,Matches
355,Johan Mojica\Johan-Mojica,co COL,DF,Elche,28-271,1992,16,14,1188,13.2,0,0,0,0,0,3,0,0.00,0.00,0.00,0.00,0.00,0.1,0.1,0.4,0.6,0.01,0.03,0.04,0.01,0.04,Matches
356,Guillem Molina\Guillem-Molina,es ESP,DF,Valencia,21-016,2000,2,1,153,1.7,0,0,0,0,0,1,0,0.00,0.00,0.00,0.00,0.00,0.0,0.0,0.0,0.0,0.00,0.00,0.00,0.00,0.00,Matches
357,Jorge Molina\Jorge-Molina,es ESP,FWMF,Granada,39-027,1982,32,16,1546,17.2,8,2,8,0,1,3,0,0.47,0.12,0.58,0.47,0.58,5.0,4.3,2.0,6.3,0.29,0.12,0.41,0.25,0.37,Matches
358,Victor Mollejo\Victor-Mollejo,es ESP,MFDF,Getafe,20-118,2001,4,0,72,0.8,0,0,0,0,0,0,0,0.00,0.00,0.00,0.00,0.00,0.0,0.0,0.1,0.1,0.00,0.08,0.08,0.00,0.08,Matches
359,Jon Moncayola\Jon-Moncayola,es ESP,MF,Osasuna,23-006,1998,35,28,2615,29.1,2,0,2,0,0,7,1,0.07,0.00,0.07,0.07,0.07,1.4,1.4,1.2,2.6,0.05,0.04,0.09,0.05,0.09,Matches
360,Nacho Monreal\Nacho-Monreal,es ESP,DF,Real Sociedad,35-082,1986,25,22,1992,22.1,1,1,1,0,0,1,0,0.05,0.05,0.09,0.05,0.09,0.8,0.8,1.2,2.0,0.03,0.05,0.09,0.03,0.09,Matches
361,Ángel Montoro\Angel-Montoro,es ESP,MF,Granada,32-328,1988,22,17,1362,15.1,1,1,0,1,1,6,0,0.07,0.07,0.13,0.00,0.07,1.4,0.7,1.6,2.3,0.09,0.11,0.20,0.04,0.15,Matches
362,Martín Montoya\Martin-Montoya,es ESP,DF,Betis,30-035,1991,5,2,239,2.7,0,0,0,0,0,0,1,0.00,0.00,0.00,0.00,0.00,0.0,0.0,0.3,0.4,0.02,0.13,0.15,0.02,0.15,Matches
363,Emre Mor\Emre-Mor,tr TUR,FWMF,Celta Vigo,23-299,1997,11,6,500,5.6,0,0,0,0,0,2,0,0.00,0.00,0.00,0.00,0.00,0.3,0.3,0.2,0.5,0.06,0.03,0.10,0.06,0.10,Matches
364,Jon Morcillo\Jon-Morcillo,es ESP,MFFW,Athletic Club,22-246,1998,30,16,1363,15.1,2,2,2,0,0,3,0,0.13,0.13,0.26,0.13,0.26,1.5,1.5,2.9,4.4,0.10,0.19,0.29,0.10,0.29,Matches
365,Alberto Moreno\Alberto-Moreno,es ESP,DF,Villarreal,28-318,1992,5,2,193,2.1,0,0,0,0,0,0,0,0.00,0.00,0.00,0.00,0.00,0.3,0.3,0.0,0.3,0.13,0.00,0.13,0.13,0.13,Matches
366,Álex Moreno\Alex-Moreno,es ESP,DF,Betis,27-345,1993,22,20,1741,19.3,0,2,0,0,0,3,0,0.00,0.10,0.10,0.00,0.10,0.8,0.8,2.1,2.8,0.04,0.11,0.15,0.04,0.15,Matches
367,Gerard Moreno\Gerard-Moreno,es ESP,FWMF,Villarreal,29-042,1992,32,29,2593,28.8,23,6,13,10,10,3,0,0.80,0.21,1.01,0.45,0.66,19.1,11.6,7.1,18.7,0.66,0.25,0.91,0.40,0.65,Matches
368,Tete Morente\Tete-Morente,es ESP,MFFW,Elche,24-166,1996,30,23,2019,22.4,2,5,2,0,0,5,0,0.09,0.22,0.31,0.09,0.31,2.4,2.4,2.4,4.8,0.11,0.11,0.21,0.11,0.21,Matches
369,Loren Morón\Loren-Moron,es ESP,FWMF,Betis,27-140,1993,25,9,982,10.9,1,0,1,0,0,2,0,0.09,0.00,0.09,0.09,0.09,2.4,2.4,0.4,2.8,0.22,0.03,0.25,0.22,0.25,Matches
370,Pedro Mosquera\Pedro-Mosquera,es ESP,MF,Huesca,33-028,1988,27,24,2050,22.8,0,0,0,0,0,1,0,0.00,0.00,0.00,0.00,0.00,0.3,0.3,0.6,0.9,0.01,0.03,0.04,0.01,0.04,Matches
371,Javi Moyano\Javi-Moyano,es ESP,DF,Valladolid,35-085,1986,2,2,103,1.1,0,0,0,0,0,0,0,0.00,0.00,0.00,0.00,0.00,0.0,0.0,0.0,0.0,0.00,0.00,0.00,0.00,0.00,Matches
372,Iker Muniain\Iker-Muniain,es ESP,MFFW,Athletic Club,28-151,1992,28,23,1943,21.6,5,3,5,0,0,1,0,0.23,0.14,0.37,0.23,0.37,3.9,3.9,3.0,6.9,0.18,0.14,0.32,0.18,0.32,Matches
373,Aihen Muñoz\Aihen-Munoz,es ESP,DF,Real Sociedad,23-276,1997,16,14,1210,13.4,0,1,0,0,0,6,0,0.00,0.07,0.07,0.00,0.07,0.3,0.3,0.6,0.9,0.02,0.05,0.07,0.02,0.07,Matches
374,Joaquín Muñoz\Joaquin-Munoz,es ESP,FW,Huesca,22-070,1999,3,0,41,0.5,0,0,0,0,0,0,0,0.00,0.00,0.00,0.00,0.00,0.0,0.0,0.0,0.0,0.05,0.02,0.07,0.05,0.07,Matches
375,Jeison Murillo\Jeison-Murillo,co COL,DF,Celta Vigo,28-357,1992,31,31,2699,30.0,2,0,2,0,0,11,1,0.07,0.00,0.07,0.07,0.07,0.5,0.5,0.2,0.6,0.02,0.01,0.02,0.02,0.02,Matches
376,Yunus Musah\Yunus-Musah,us USA,MF,Valencia,18-171,2002,31,17,1520,16.9,1,0,1,0,0,2,0,0.06,0.00,0.06,0.06,0.06,0.7,0.7,0.8,1.5,0.04,0.04,0.09,0.04,0.09,Matches
377,Yoshinori Mutō\Yoshinori-Muto,jp JPN,FWMF,Eibar,28-308,1992,26,13,1122,12.5,1,1,1,0,0,1,0,0.08,0.08,0.16,0.08,0.16,2.0,2.0,1.1,3.1,0.16,0.09,0.25,0.16,0.25,Matches
378,Nacho\Nacho,es ESP,DF,Real Madrid,31-121,1990,23,22,1977,22.0,1,0,1,0,0,8,0,0.05,0.00,0.05,0.05,0.05,1.5,1.5,0.4,1.9,0.07,0.02,0.09,0.07,0.09,Matches
379,Nacho\Nacho,es ESP,DF,Valladolid,32-073,1989,23,21,1813,20.1,0,1,0,0,0,3,1,0.00,0.05,0.05,0.00,0.05,0.3,0.3,1.6,1.9,0.02,0.08,0.09,0.02,0.09,Matches
380,Nano\Nano,es ESP,FWMF,Cádiz,26-103,1995,1,0,9,0.1,0,0,0,0,0,0,0,0.00,0.00,0.00,0.00,0.00,0.0,0.0,0.0,0.0,0.00,0.00,0.00,0.00,0.00,Matches
381,Roberto Navarro\Roberto-Navarro,es ESP,MF,Real Sociedad,19-037,2002,1,0,35,0.4,0,0,0,0,0,0,0,0.00,0.00,0.00,0.00,0.00,0.0,0.0,0.0,0.0,0.00,0.07,0.07,0.00,0.07,Matches
382,Ximo Navarro\Ximo-Navarro,es ESP,DF,Alavés,31-116,1990,30,27,2285,25.4,1,1,1,0,0,6,0,0.04,0.04,0.08,0.04,0.08,0.3,0.3,0.9,1.3,0.01,0.04,0.05,0.01,0.05,Matches
383,Jesús Navas\Jesus-Navas,es ESP,DF,Sevilla,35-179,1985,34,34,2827,31.4,0,6,0,0,0,4,0,0.00,0.19,0.19,0.00,0.19,1.0,1.0,5.3,6.3,0.03,0.17,0.20,0.03,0.20,Matches
384,Raúl Navas\Raul-Navas,es ESP,DF,Osasuna,33-008,1988,2,2,168,1.9,0,0,0,0,0,0,0,0.00,0.00,0.00,0.00,0.00,0.0,0.0,0.0,0.0,0.00,0.01,0.01,0.00,0.01,Matches
385,Álvaro Negredo\Alvaro-Negredo,es ESP,FW,Cádiz,35-272,1985,34,28,2125,23.6,7,4,7,0,0,4,1,0.30,0.17,0.47,0.30,0.47,6.3,6.3,3.6,9.8,0.26,0.15,0.42,0.26,0.42,Matches
386,Neto\Neto,br BRA,GK,Barcelona,31-304,1989,6,6,540,6.0,0,0,0,0,0,0,0,0.00,0.00,0.00,0.00,0.00,0.0,0.0,0.0,0.0,0.00,0.00,0.00,0.00,0.00,Matches
387,Carlos Neva\Carlos-Neva,es ESP,DF,Granada,24-341,1996,22,21,1797,20.0,0,0,0,0,0,1,0,0.00,0.00,0.00,0.00,0.00,0.5,0.5,0.1,0.6,0.02,0.01,0.03,0.02,0.03,Matches
388,Mamor Niang\Mamor-Niang,sn SEN,FWMF,Getafe,19-104,2002,1,0,22,0.2,0,0,0,0,0,0,0,0.00,0.00,0.00,0.00,0.00,0.1,0.1,0.0,0.1,0.24,0.00,0.24,0.24,0.24,Matches
389,Nieto\Nieto,es ESP,FWMF,Cádiz,23-051,1998,2,0,14,0.2,0,0,0,0,0,0,0,0.00,0.00,0.00,0.00,0.00,0.3,0.3,0.0,0.3,1.73,0.00,1.73,1.73,1.73,Matches
390,Saúl Ñíguez\Saul-Niguez,es ESP,MFDF,Atlético Madrid,26-179,1994,32,21,1971,21.9,2,1,2,0,1,9,0,0.09,0.05,0.14,0.09,0.14,2.7,1.7,1.9,3.7,0.12,0.09,0.21,0.08,0.17,Matches
391,Nino\Nino,es ESP,FWMF,Elche,40-343,1980,15,0,283,3.1,0,0,0,0,0,1,0,0.00,0.00,0.00,0.00,0.00,0.3,0.3,0.8,1.1,0.10,0.25,0.35,0.10,0.35,Matches
392,Fernando Niño\Fernando-Nino,es ESP,FW,Villarreal,20-207,2000,17,8,593,6.6,3,0,3,0,0,1,0,0.46,0.00,0.46,0.46,0.46,4.3,4.3,0.2,4.5,0.66,0.03,0.69,0.66,0.69,Matches
393,Nolito\Nolito,es ESP,MFFW,Celta Vigo,34-216,1986,35,34,2540,28.2,7,5,7,0,0,6,0,0.25,0.18,0.43,0.25,0.43,6.5,6.5,5.8,12.3,0.23,0.20,0.43,0.23,0.43,Matches
394,Unai Núñez\Unai-Nunez,es ESP,DF,Athletic Club,24-109,1997,24,22,2019,22.4,1,1,1,0,0,6,0,0.04,0.04,0.09,0.04,0.09,1.8,1.8,0.7,2.4,0.08,0.03,0.11,0.08,0.11,Matches
395,Kelechi Nwakali\Kelechi-Nwakali,ng NGA,MFFW,Huesca,22-348,1998,5,1,141,1.6,0,0,0,0,0,1,0,0.00,0.00,0.00,0.00,0.00,0.0,0.0,0.0,0.0,0.00,0.01,0.01,0.00,0.01,Matches
396,Allan Nyom\Allan-Nyom,cm CMR,MFDF,Getafe,33-009,1988,30,27,2233,24.8,0,2,0,0,0,10,1,0.00,0.08,0.08,0.00,0.08,0.6,0.6,2.1,2.7,0.03,0.09,0.11,0.03,0.11,Matches
397,Jan Oblak\Jan-Oblak,si SVN,GK,Atlético Madrid,28-132,1993,37,37,3330,37.0,0,0,0,0,0,0,0,0.00,0.00,0.00,0.00,0.00,0.0,0.0,0.0,0.0,0.00,0.00,0.00,0.00,0.00,Matches
398,Lucas Ocampos\Lucas-Ocampos,ar ARG,FW,Sevilla,26-312,1994,33,29,2576,28.6,5,4,1,4,5,3,0,0.17,0.14,0.31,0.03,0.17,10.6,6.8,3.6,10.4,0.37,0.13,0.50,0.24,0.36,Matches
399,Álvaro Odriozola\Alvaro-Odriozola,es ESP,DF,Real Madrid,25-156,1995,12,8,762,8.5,2,0,2,0,0,0,0,0.24,0.00,0.24,0.24,0.24,0.7,0.7,0.6,1.3,0.08,0.07,0.15,0.08,0.15,Matches
400,Shinji Okazaki\Shinji-Okazaki,jp JPN,FW,Huesca,35-033,1986,24,14,1122,12.5,1,1,1,0,0,1,0,0.08,0.08,0.16,0.08,0.16,2.0,2.0,0.3,2.3,0.16,0.03,0.18,0.16,0.18,Matches
401,Lucas Olaza\Lucas-Olaza,uy URU,DF,Celta Vigo,26-302,1994,18,18,1615,17.9,0,2,0,0,0,4,0,0.00,0.11,0.11,0.00,0.11,0.4,0.4,2.2,2.6,0.02,0.12,0.14,0.02,0.14,Matches
402,Lucas Olaza\Lucas-Olaza,uy URU,DF,Valladolid,26-302,1994,13,13,1170,13.0,1,1,1,0,0,4,0,0.08,0.08,0.15,0.08,0.15,0.5,0.5,0.9,1.4,0.04,0.07,0.11,0.04,0.11,Matches
403,Christian Oliva\Christian-Oliva,uy URU,MF,Valencia,24-352,1996,9,1,198,2.2,0,2,0,0,0,0,0,0.00,0.91,0.91,0.00,0.91,0.0,0.0,0.2,0.2,0.01,0.08,0.09,0.01,0.09,Matches
404,Kiko Olivas\Kiko-Olivas,es ESP,DFMF,Valladolid,32-271,1988,4,0,87,1.0,0,0,0,0,0,1,0,0.00,0.00,0.00,0.00,0.00,0.0,0.0,0.0,0.0,0.00,0.00,0.00,0.00,0.00,Matches
405,Paulo Oliveira\Paulo-Oliveira,pt POR,DF,Eibar,29-131,1992,30,28,2566,28.5,0,1,0,0,0,4,0,0.00,0.04,0.04,0.00,0.04,0.5,0.5,0.1,0.6,0.02,0.00,0.02,0.02,0.02,Matches
406,Mathías Olivera\Mathias-Olivera,uy URU,DF,Getafe,23-200,1997,31,30,2614,29.0,0,0,0,0,0,6,0,0.00,0.00,0.00,0.00,0.00,2.4,2.4,1.7,4.1,0.08,0.06,0.14,0.08,0.14,Matches
407,Javier Ontiveros\Javier-Ontiveros,es ESP,FWMF,Huesca,23-252,1997,20,10,918,10.2,2,1,1,1,1,5,0,0.20,0.10,0.29,0.10,0.20,1.9,1.1,1.6,2.7,0.18,0.16,0.34,0.11,0.27,Matches
408,Fabián Orellana\Fabian-Orellana,cl CHI,MFFW,Valladolid,35-112,1986,30,27,2138,23.8,6,2,2,4,4,5,0,0.25,0.08,0.34,0.08,0.17,5.9,2.9,4.0,6.9,0.25,0.17,0.42,0.12,0.29,Matches
409,Mikel Oyarzabal\Mikel-Oyarzabal,es ESP,FWMF,Real Sociedad,24-028,1997,32,29,2327,25.9,11,8,5,6,7,1,0,0.43,0.31,0.73,0.19,0.50,10.7,5.3,5.9,11.2,0.41,0.23,0.64,0.21,0.43,Matches
410,Fernando Pacheco\Fernando-Pacheco,es ESP,GK,Alavés,29-001,1992,37,37,3330,37.0,0,0,0,0,0,1,0,0.00,0.00,0.00,0.00,0.00,0.0,0.0,0.0,0.0,0.00,0.00,0.00,0.00,0.00,Matches
411,Jon Pacheco\Jon-Pacheco,es ESP,DF,Real Sociedad,20-131,2001,1,0,32,0.4,0,0,0,0,0,0,0,0.00,0.00,0.00,0.00,0.00,0.0,0.0,0.0,0.0,0.05,0.00,0.05,0.05,0.05,Matches
412,Helibelton Palacios\Helibelton-Palacios,co COL,DF,Elche,27-344,1993,10,8,727,8.1,0,0,0,0,0,0,0,0.00,0.00,0.00,0.00,0.00,0.0,0.0,0.1,0.1,0.00,0.02,0.02,0.00,0.02,Matches
413,Ante Palaversa\Ante-Palaversa,hr CRO,MFFW,Getafe,21-043,2000,2,0,9,0.1,0,0,0,0,0,0,0,0.00,0.00,0.00,0.00,0.00,0.0,0.0,0.1,0.1,0.00,0.57,0.57,0.00,0.57,Matches
414,Daniel Parejo\Daniel-Parejo,es ESP,MF,Villarreal,32-033,1989,35,35,3022,33.6,3,5,3,0,0,4,0,0.09,0.15,0.24,0.09,0.24,1.4,1.4,5.3,6.7,0.04,0.16,0.20,0.04,0.20,Matches
415,Thomas Partey\Thomas-Partey,gh GHA,MF,Atlético Madrid,27-340,1993,3,2,200,2.2,0,0,0,0,0,1,0,0.00,0.00,0.00,0.00,0.00,0.1,0.1,0.0,0.1,0.05,0.00,0.05,0.05,0.05,Matches
416,Gabriel Paulista\Gabriel-Paulista,br BRA,DF,Valencia,30-174,1990,30,30,2626,29.2,4,1,4,0,0,6,0,0.14,0.03,0.17,0.14,0.17,0.9,0.9,0.1,1.1,0.03,0.01,0.04,0.03,0.04,Matches
417,Alfonso Pedraza\Alfonso-Pedraza,es ESP,DF,Villarreal,25-040,1996,28,23,2003,22.3,1,2,1,0,0,8,0,0.04,0.09,0.13,0.04,0.13,1.8,1.8,4.6,6.4,0.08,0.21,0.29,0.08,0.29,Matches
418,Pedri\Pedri,es ESP,MF,Barcelona,18-175,2002,37,28,2415,26.8,3,3,3,0,0,2,0,0.11,0.11,0.22,0.11,0.22,3.9,3.8,4.7,8.5,0.15,0.18,0.32,0.14,0.32,Matches
419,Facundo Pellistri\Facundo-Pellistri,uy URU,MF,Alavés,19-150,2001,11,4,476,5.3,0,0,0,0,0,0,0,0.00,0.00,0.00,0.00,0.00,0.3,0.3,0.1,0.4,0.07,0.01,0.08,0.07,0.08,Matches
420,Rubén Peña\Ruben-Pena,es ESP,DF,Villarreal,29-305,1991,18,12,1091,12.1,1,1,1,0,0,1,0,0.08,0.08,0.16,0.08,0.16,0.5,0.5,0.4,1.0,0.04,0.04,0.08,0.04,0.08,Matches
421,Pepe\Pepe,es ESP,DF,Granada,21-078,2000,2,2,163,1.8,0,0,0,0,0,0,0,0.00,0.00,0.00,0.00,0.00,0.0,0.0,0.0,0.0,0.02,0.00,0.02,0.02,0.02,Matches
422,Alberto Perea\Alberto-Perea,es ESP,MF,Cádiz,30-151,1990,26,15,1476,16.4,2,2,2,0,0,0,0,0.12,0.12,0.24,0.12,0.24,1.3,1.3,2.0,3.3,0.08,0.12,0.20,0.08,0.20,Matches
423,Iñigo Pérez\Inigo-Perez,es ESP,MFDF,Osasuna,33-121,1988,21,15,1268,14.1,0,0,0,0,0,4,1,0.00,0.00,0.00,0.00,0.00,0.4,0.4,0.6,1.0,0.03,0.04,0.07,0.03,0.07,Matches
424,Juan Pérez\Juan-Perez,es ESP,GK,Osasuna,24-308,1996,2,2,180,2.0,0,0,0,0,0,0,0,0.00,0.00,0.00,0.00,0.00,0.0,0.0,0.0,0.0,0.00,0.00,0.00,0.00,0.00,Matches
425,Kike Pérez\Kike-Perez,es ESP,MF,Valladolid,24-094,1997,23,12,1150,12.8,0,0,0,0,0,3,0,0.00,0.00,0.00,0.00,0.00,1.0,1.0,1.0,2.0,0.08,0.08,0.16,0.08,0.16,Matches
426,Lucas Pérez\Lucas-Perez,es ESP,FW,Alavés,32-251,1988,27,19,1746,19.4,4,4,1,3,4,1,0,0.21,0.21,0.41,0.05,0.26,6.4,3.3,4.7,8.0,0.33,0.24,0.57,0.17,0.41,Matches
427,Luis Pérez\Luis-Perez,es ESP,DF,Valladolid,26-104,1995,22,15,1297,14.4,0,0,0,0,0,1,0,0.00,0.00,0.00,0.00,0.00,0.1,0.1,0.4,0.5,0.01,0.03,0.04,0.01,0.04,Matches
428,Nehuén Pérez\Nehuen-Perez,ar ARG,DF,Granada,20-329,2000,14,9,741,8.2,0,0,0,0,0,4,0,0.00,0.00,0.00,0.00,0.00,0.7,0.7,0.0,0.7,0.09,0.00,0.09,0.09,0.09,Matches
429,Pablo Piatti\Pablo-Piatti,ar ARG,MFFW,Elche,32-049,1989,8,2,297,3.3,0,0,0,0,0,0,0,0.00,0.00,0.00,0.00,0.00,0.4,0.4,0.3,0.8,0.14,0.10,0.24,0.14,0.24,Matches
430,Cristiano Piccini\Cristiano-Piccini,it ITA,DF,Valencia,28-235,1992,3,0,67,0.7,0,0,0,0,0,0,0,0.00,0.00,0.00,0.00,0.00,0.0,0.0,0.0,0.0,0.02,0.00,0.02,0.02,0.02,Matches
431,Tomás Pina Isla\Tomas-Pina-Isla,es ESP,MF,Alavés,33-217,1987,32,30,2485,27.6,1,1,1,0,0,12,0,0.04,0.04,0.07,0.04,0.07,0.5,0.5,0.6,1.1,0.02,0.02,0.04,0.02,0.04,Matches
432,Yeremi Pino\Yeremi-Pino,es ESP,FWMF,Villarreal,18-211,2002,23,5,717,8.0,2,1,2,0,0,4,0,0.25,0.13,0.38,0.25,0.38,1.0,1.0,0.9,1.9,0.12,0.11,0.23,0.12,0.23,Matches
433,Gerard Piqué\Gerard-Pique,es ESP,DF,Barcelona,34-106,1987,18,18,1481,16.5,0,0,0,0,0,4,0,0.00,0.00,0.00,0.00,0.00,0.6,0.6,0.5,1.1,0.04,0.03,0.07,0.04,0.07,Matches
434,Miralem Pjanić\Miralem-Pjanic,ba BIH,MF,Barcelona,31-047,1990,18,6,610,6.8,0,0,0,0,0,1,0,0.00,0.00,0.00,0.00,0.00,1.2,1.2,0.9,2.1,0.17,0.14,0.31,0.17,0.31,Matches
435,Óscar Plano\Oscar-Plano,es ESP,MFFW,Valladolid,30-097,1991,35,29,2427,27.0,4,5,4,0,0,1,1,0.15,0.19,0.33,0.15,0.33,3.9,3.9,1.6,5.5,0.15,0.06,0.20,0.15,0.20,Matches
436,Dani Plomer\Dani-Plomer,es ESP,FW,Granada,22-170,1998,1,0,45,0.5,0,0,0,0,0,0,0,0.00,0.00,0.00,0.00,0.00,0.0,0.0,0.0,0.0,0.00,0.00,0.00,0.00,0.00,Matches
437,Jorge Pombo\Jorge-Pombo,es ESP,FWMF,Cádiz,27-086,1994,11,5,506,5.6,1,0,1,0,0,1,0,0.18,0.00,0.18,0.18,0.18,1.3,1.3,0.4,1.7,0.23,0.07,0.30,0.23,0.30,Matches
438,Pere Pons\Pere-Pons,es ESP,MF,Alavés,28-088,1993,21,11,1120,12.4,2,0,2,0,0,1,0,0.16,0.00,0.16,0.16,0.16,0.8,0.8,1.5,2.4,0.07,0.12,0.19,0.07,0.19,Matches
439,Francisco Portillo\Francisco-Portillo,es ESP,MFFW,Getafe,30-340,1990,16,3,418,4.6,0,1,0,0,0,1,0,0.00,0.22,0.22,0.00,0.22,0.0,0.0,0.5,0.5,0.00,0.10,0.10,0.00,0.10,Matches
440,Portu\Portu,es ESP,FWMF,Real Sociedad,28-363,1992,36,23,2103,23.4,8,3,8,0,0,3,0,0.34,0.13,0.47,0.34,0.47,5.5,5.5,4.9,10.4,0.23,0.21,0.45,0.23,0.45,Matches
441,Sergio Postigo\Sergio-Postigo,es ESP,DF,Levante,32-196,1988,22,19,1623,18.0,0,0,0,0,0,4,0,0.00,0.00,0.00,0.00,0.00,0.0,0.0,0.0,0.1,0.00,0.00,0.00,0.00,0.00,Matches
442,Darío Poveda\Dario-Poveda,es ESP,FW,Getafe,24-067,1997,1,0,5,0.1,0,0,0,0,0,0,0,0.00,0.00,0.00,0.00,0.00,0.0,0.0,0.0,0.0,0.00,0.00,0.00,0.00,0.00,Matches
443,Alejandro Pozo Pozo\Alejandro-Pozo-Pozo,es ESP,DFMF,Eibar,22-086,1999,29,24,2175,24.2,0,0,0,0,0,4,0,0.00,0.00,0.00,0.00,0.00,0.3,0.3,0.8,1.1,0.01,0.03,0.04,0.01,0.04,Matches
444,Antonio Puertas\Antonio-Puertas,es ESP,FWMF,Granada,29-087,1992,34,21,2080,23.1,3,5,3,0,0,6,0,0.13,0.22,0.35,0.13,0.35,4.1,4.1,1.9,6.0,0.18,0.08,0.26,0.18,0.26,Matches
445,Riqui Puig\Riqui-Puig,es ESP,MF,Barcelona,21-279,1999,13,2,256,2.8,1,0,1,0,0,1,0,0.35,0.00,0.35,0.35,0.35,0.3,0.3,0.1,0.4,0.10,0.05,0.15,0.10,0.15,Matches
446,Jorge Pulido\Jorge-Pulido,es ESP,DF,Huesca,30-041,1991,32,31,2795,31.1,1,0,1,0,0,6,1,0.03,0.00,0.03,0.03,0.03,2.6,2.6,0.5,3.2,0.08,0.02,0.10,0.08,0.10,Matches
447,Domingos Quina\Domingos-Quina,pt POR,MF,Granada,21-182,1999,8,5,341,3.8,2,0,2,0,0,1,0,0.53,0.00,0.53,0.53,0.53,0.3,0.3,0.1,0.5,0.08,0.04,0.12,0.08,0.12,Matches
448,Quini\Quini,es ESP,DF,Granada,31-237,1989,19,12,1191,13.2,1,0,1,0,0,5,0,0.08,0.00,0.08,0.08,0.08,0.3,0.3,0.3,0.6,0.02,0.02,0.04,0.02,0.04,Matches
449,Quique\Quique,es ESP,FWMF,Eibar,31-003,1990,11,0,153,1.7,0,0,0,0,0,0,0,0.00,0.00,0.00,0.00,0.00,0.2,0.2,0.0,0.2,0.10,0.00,0.10,0.10,0.10,Matches
450,Dani Raba\Dani-Raba,es ESP,MF,Villarreal,25-202,1995,4,1,140,1.6,0,0,0,0,0,0,0,0.00,0.00,0.00,0.00,0.00,0.3,0.3,0.1,0.3,0.17,0.03,0.21,0.17,0.21,Matches
451,Uroš Račić\Uros-Racic,rs SRB,MF,Valencia,23-063,1998,30,24,2097,23.3,1,1,1,0,0,6,0,0.04,0.04,0.09,0.04,0.09,1.5,1.5,0.4,1.9,0.07,0.02,0.08,0.07,0.08,Matches
452,Nemanja Radoja\Nemanja-Radoja,rs SRB,MF,Levante,28-102,1993,21,13,1121,12.5,0,2,0,0,0,1,0,0.00,0.16,0.16,0.00,0.16,0.3,0.3,0.3,0.6,0.02,0.02,0.05,0.02,0.05,Matches
453,Ivan Rakitić\Ivan-Rakitic,hr CRO,MF,Sevilla,33-070,1988,36,25,2198,24.4,4,2,2,2,2,5,0,0.16,0.08,0.25,0.08,0.16,5.2,3.7,1.3,5.0,0.21,0.05,0.27,0.15,0.21,Matches
454,Jonás Ramalho\Jonas-Ramalho,es ESP,DF,Osasuna,27-343,1993,4,3,267,3.0,0,0,0,0,0,0,0,0.00,0.00,0.00,0.00,0.00,0.1,0.1,0.0,0.2,0.05,0.01,0.06,0.05,0.06,Matches
455,Sandro Ramírez\Sandro-Ramirez,es ESP,FWMF,Huesca,25-314,1995,19,15,1195,13.3,5,1,5,0,0,2,0,0.38,0.08,0.45,0.38,0.45,2.0,2.0,0.4,2.4,0.15,0.03,0.18,0.15,0.18,Matches
456,Sergio Ramos\Sergio-Ramos,es ESP,DF,Real Madrid,35-050,1986,15,15,1275,14.2,2,0,0,2,2,3,0,0.14,0.00,0.14,0.00,0.00,3.8,2.3,0.2,2.5,0.27,0.02,0.28,0.16,0.18,Matches
457,Recio\Recio,es ESP,MF,Eibar,30-128,1991,17,8,734,8.2,1,0,0,1,1,5,0,0.12,0.00,0.12,0.00,0.00,1.2,0.5,0.7,1.2,0.15,0.09,0.24,0.06,0.14,Matches
458,Francisco Reis Ferreira\Francisco-Reis-Ferreira,pt POR,DF,Valencia,24-054,1997,3,2,181,2.0,0,0,0,0,0,0,0,0.00,0.00,0.00,0.00,0.00,0.0,0.0,0.0,0.0,0.00,0.00,0.00,0.00,0.00,Matches
459,Karim Rekik\Karim-Rekik,nl NED,DF,Sevilla,26-168,1994,10,5,563,6.3,0,0,0,0,0,2,0,0.00,0.00,0.00,0.00,0.00,0.2,0.2,0.1,0.3,0.03,0.02,0.05,0.03,0.05,Matches
460,Álex Remiro\Alex-Remiro,es ESP,GK,Real Sociedad,26-056,1995,37,37,3330,37.0,0,0,0,0,0,0,0,0.00,0.00,0.00,0.00,0.00,0.0,0.0,0.0,0.0,0.00,0.00,0.00,0.00,0.00,Matches
461,Oriol Rey\Oriol-Rey,es ESP,MF,Valladolid,23-083,1998,1,0,15,0.2,0,0,0,0,0,0,0,0.00,0.00,0.00,0.00,0.00,0.0,0.0,0.0,0.0,0.00,0.00,0.00,0.00,0.00,Matches
462,Ricard\Ricard,es ESP,DF,Atlético Madrid,21-086,2000,1,0,30,0.3,0,0,0,0,0,0,0,0.00,0.00,0.00,0.00,0.00,0.0,0.0,0.0,0.0,0.07,0.00,0.07,0.07,0.07,Matches
463,Mikel Rico\Mikel-Rico,es ESP,MF,Huesca,36-196,1984,31,26,2115,23.5,1,4,1,0,0,2,0,0.04,0.17,0.21,0.04,0.21,2.3,2.3,1.5,3.8,0.10,0.06,0.16,0.10,0.16,Matches
464,Emiliano Rigoni\Emiliano-Rigoni,ar ARG,MFFW,Elche,28-104,1993,23,12,1139,12.7,1,1,1,0,0,5,0,0.08,0.08,0.16,0.08,0.16,2.6,2.6,1.9,4.4,0.20,0.15,0.35,0.20,0.35,Matches
465,Luis Rioja\Luis-Rioja,es ESP,MFDF,Alavés,27-215,1993,34,25,2066,23.0,4,2,4,0,0,4,0,0.17,0.09,0.26,0.17,0.26,3.4,3.4,3.0,6.4,0.15,0.13,0.28,0.15,0.28,Matches
466,Rober\Rober,es ESP,DFMF,Levante,26-092,1995,18,15,1335,14.8,0,1,0,0,0,3,1,0.00,0.07,0.07,0.00,0.07,0.2,0.2,0.7,0.9,0.01,0.05,0.06,0.01,0.06,Matches
467,Roberto\Roberto,es ESP,GK,Valladolid,35-098,1986,13,13,1170,13.0,0,0,0,0,0,0,1,0.00,0.00,0.00,0.00,0.00,0.0,0.0,0.0,0.0,0.00,0.00,0.00,0.00,0.00,Matches
468,Sergi Roberto\Sergi-Roberto,es ESP,DF,Barcelona,29-101,1992,15,9,946,10.5,1,2,1,0,0,1,0,0.10,0.19,0.29,0.10,0.29,0.5,0.5,2.0,2.5,0.05,0.19,0.24,0.05,0.24,Matches
469,Joel Robles\Joel-Robles,es ESP,GK,Betis,30-336,1990,18,18,1620,18.0,0,0,0,0,0,2,0,0.00,0.00,0.00,0.00,0.00,0.0,0.0,0.0,0.0,0.00,0.00,0.00,0.00,0.00,Matches
470,Rubén Rochina\Ruben-Rochina,es ESP,MF,Levante,30-057,1991,25,17,1404,15.6,0,1,0,0,0,5,0,0.00,0.06,0.06,0.00,0.06,1.7,1.7,2.1,3.7,0.11,0.13,0.24,0.11,0.24,Matches
471,Rodrigo\Rodrigo,es ESP,FWMF,Betis,21-003,2000,14,4,481,5.3,0,0,0,0,0,0,0,0.00,0.00,0.00,0.00,0.00,0.2,0.2,0.5,0.7,0.04,0.08,0.13,0.04,0.13,Matches
472,Kévin Rodrigues\Kevin-Rodrigues,pt POR,DFMF,Eibar,27-075,1994,22,11,1095,12.2,1,1,1,0,0,1,0,0.08,0.08,0.16,0.08,0.16,0.6,0.6,0.7,1.3,0.05,0.06,0.10,0.05,0.10,Matches
473,Óscar Rodríguez Arnaiz\Oscar-Rodriguez-Arnaiz,es ESP,MFFW,Sevilla,22-325,1998,19,4,476,5.3,0,0,0,0,0,1,0,0.00,0.00,0.00,0.00,0.00,0.4,0.4,0.8,1.2,0.08,0.15,0.23,0.08,0.23,Matches
474,Ángel Rodríguez\Angel-Rodriguez,es ESP,FWMF,Getafe,34-023,1987,33,12,1374,15.3,5,0,4,1,2,4,0,0.33,0.00,0.33,0.26,0.26,5.5,4.0,0.5,4.5,0.36,0.04,0.40,0.26,0.30,Matches
475,Guido Rodríguez\Guido-Rodriguez,ar ARG,MF,Betis,27-037,1994,34,33,2774,30.8,1,0,1,0,0,10,0,0.03,0.00,0.03,0.03,0.03,1.6,1.6,0.7,2.3,0.05,0.02,0.07,0.05,0.07,Matches
476,Miguel Rodríguez\Miguel-Rodriguez,es ESP,FWMF,Celta Vigo,18-020,2003,4,0,30,0.3,0,0,0,0,0,2,0,0.00,0.00,0.00,0.00,0.00,0.0,0.0,0.0,0.0,0.00,0.00,0.00,0.00,0.00,Matches
477,Víctor Rodríguez\Victor-Rodriguez,es ESP,MF,Elche,31-300,1989,16,2,426,4.7,0,0,0,0,0,1,0,0.00,0.00,0.00,0.00,0.00,0.0,0.0,0.6,0.6,0.00,0.12,0.12,0.00,0.12,Matches
478,Rodrygo\Rodrygo,br BRA,FW,Real Madrid,20-130,2001,21,10,948,10.5,1,5,1,0,0,0,0,0.09,0.47,0.57,0.09,0.57,2.5,2.5,2.9,5.4,0.24,0.27,0.51,0.24,0.51,Matches
479,Facundo Roncaglia\Facundo-Roncaglia,ar ARG,DF,Osasuna,34-098,1987,17,14,1232,13.7,1,1,1,0,0,3,1,0.07,0.07,0.15,0.07,0.15,0.5,0.5,0.1,0.6,0.04,0.01,0.05,0.04,0.05,Matches
480,Rubén\Ruben,es ESP,GKMF,Osasuna,36-331,1984,3,3,187,2.1,0,0,0,0,0,0,1,0.00,0.00,0.00,0.00,0.00,0.0,0.0,0.0,0.0,0.00,0.00,0.00,0.00,0.00,Matches
481,Waldo Rubio\Waldo-Rubio,es ESP,FW,Valladolid,25-275,1995,10,5,375,4.2,1,0,0,1,1,1,0,0.24,0.00,0.24,0.00,0.00,1.0,0.3,0.1,0.4,0.25,0.03,0.27,0.07,0.09,Matches
482,Aitor Ruibal\Aitor-Ruibal,es ESP,FWMF,Betis,25-058,1996,27,20,1548,17.2,2,2,2,0,0,2,0,0.12,0.12,0.23,0.12,0.23,2.5,2.5,2.4,4.9,0.14,0.14,0.28,0.14,0.28,Matches
483,Isma Ruiz\Isma-Ruiz,es ESP,MF,Granada,20-094,2001,1,1,67,0.7,0,0,0,0,0,0,0,0.00,0.00,0.00,0.00,0.00,0.0,0.0,0.0,0.0,0.00,0.00,0.00,0.00,0.00,Matches
484,Víctor Ruiz\Victor-Ruiz,es ESP,DF,Betis,32-114,1989,26,23,2067,23.0,1,0,1,0,0,8,0,0.04,0.00,0.04,0.04,0.04,0.4,0.4,0.1,0.4,0.02,0.00,0.02,0.02,0.02,Matches
485,Gerónimo Rulli\Geronimo-Rulli,ar ARG,GK,Villarreal,28-364,1992,1,1,90,1.0,0,0,0,0,0,0,1,0.00,0.00,0.00,0.00,0.00,0.0,0.0,0.0,0.0,0.00,0.00,0.00,0.00,0.00,Matches
486,Modibo Sagnan\Modibo-Sagnan,ml MLI,DF,Real Sociedad,22-035,1999,16,7,622,6.9,0,0,0,0,0,3,0,0.00,0.00,0.00,0.00,0.00,0.6,0.6,0.2,0.8,0.09,0.03,0.11,0.09,0.11,Matches
487,Borja Sainz\Borja-Sainz,es ESP,MFFW,Alavés,20-107,2001,21,2,453,5.0,1,0,1,0,0,1,0,0.20,0.00,0.20,0.20,0.20,1.1,1.1,0.4,1.5,0.22,0.07,0.29,0.22,0.29,Matches
488,Salvi\Salvi,es ESP,MFFW,Cádiz,30-050,1991,28,25,1933,21.5,2,0,2,0,0,5,0,0.09,0.00,0.09,0.09,0.09,1.9,1.9,1.2,3.1,0.09,0.06,0.14,0.09,0.14,Matches
489,Fede San Emeterio\Fede-San-Emeterio,es ESP,MF,Valladolid,24-064,1997,23,16,1379,15.3,0,0,0,0,0,6,0,0.00,0.00,0.00,0.00,0.00,0.1,0.1,0.1,0.2,0.01,0.01,0.01,0.01,0.01,Matches
490,Antonio Sanabria\Antonio-Sanabria,py PAR,FW,Betis,25-076,1996,16,10,932,10.4,3,0,3,0,0,2,0,0.29,0.00,0.29,0.29,0.29,4.3,4.3,0.3,4.5,0.41,0.02,0.44,0.41,0.44,Matches
491,Oihan Sancet\Oihan-Sancet,es ESP,FWMF,Athletic Club,21-024,2000,23,10,979,10.9,2,2,2,0,0,2,0,0.18,0.18,0.37,0.18,0.37,2.9,2.9,1.2,4.1,0.26,0.11,0.37,0.26,0.37,Matches
492,Juan Sánchez Miño\Juan-Sanchez-Mino,ar ARG,DFMF,Elche,31-138,1990,9,5,495,5.5,0,0,0,0,0,2,0,0.00,0.00,0.00,0.00,0.00,0.0,0.0,0.0,0.0,0.00,0.00,0.00,0.00,0.00,Matches
493,Germán Sánchez\German-Sanchez,es ESP,DF,Granada,34-200,1986,33,28,2548,28.3,3,1,3,0,0,10,1,0.11,0.04,0.14,0.11,0.14,1.7,1.7,0.1,1.8,0.06,0.00,0.06,0.06,0.06,Matches
494,Javi Sánchez\Javi-Sanchez,es ESP,DF,Valladolid,24-066,1997,16,11,921,10.2,0,0,0,0,0,3,0,0.00,0.00,0.00,0.00,0.00,0.2,0.2,0.1,0.3,0.02,0.01,0.03,0.02,0.03,Matches
495,Manuel Sánchez\Manuel-Sanchez,es ESP,DF,Atlético Madrid,20-268,2000,1,1,49,0.5,0,1,0,0,0,0,0,0.00,1.84,1.84,0.00,1.84,0.0,0.0,0.3,0.3,0.00,0.61,0.61,0.00,0.61,Matches
496,Manuel Sánchez\Manuel-Sanchez,es ESP,DF,Osasuna,20-268,2000,15,9,886,9.8,0,4,0,0,0,4,0,0.00,0.41,0.41,0.00,0.41,0.1,0.1,0.7,0.8,0.01,0.07,0.08,0.01,0.08,Matches
497,Oier Sanjurjo\Oier-Sanjurjo,es ESP,MF,Osasuna,34-359,1986,31,23,1994,22.2,0,2,0,0,0,10,0,0.00,0.09,0.09,0.00,0.09,0.7,0.7,1.8,2.5,0.03,0.08,0.11,0.03,0.11,Matches
498,Ivan Šaponjić\Ivan-Saponjic,rs SRB,FW,Cádiz,23-290,1997,9,3,388,4.3,1,0,0,1,1,2,0,0.23,0.00,0.23,0.00,0.00,1.7,0.9,0.0,0.9,0.40,0.00,0.40,0.22,0.22,Matches
499,Stefan Savić\Stefan-Savic,me MNE,DF,Atlético Madrid,30-131,1991,33,33,2953,32.8,1,0,1,0,0,14,0,0.03,0.00,0.03,0.03,0.03,0.9,0.9,0.2,1.1,0.03,0.01,0.03,0.03,0.03,Matches
500,Jaime Seoane\Jaime-Seoane,es ESP,MF,Huesca,24-117,1997,28,22,1980,22.0,1,1,1,0,0,5,0,0.05,0.05,0.09,0.05,0.09,1.3,1.3,1.2,2.4,0.06,0.05,0.11,0.06,0.11,Matches
501,Edgar Sevikyan\Edgar-Sevikyan,ru RUS,MF,Levante,19-284,2001,1,0,8,0.1,0,0,0,0,0,0,0,0.00,0.00,0.00,0.00,0.00,0.0,0.0,0.0,0.0,0.00,0.00,0.00,0.00,0.00,Matches
502,Sidnei\Sidnei,br BRA,DF,Betis,31-269,1989,11,7,697,7.7,0,0,0,0,0,1,0,0.00,0.00,0.00,0.00,0.00,0.2,0.2,0.0,0.2,0.02,0.00,0.02,0.02,0.02,Matches
503,David Silva\David-Silva,es ESP,MF,Real Sociedad,35-131,1986,20,16,1326,14.7,2,5,2,0,0,4,0,0.14,0.34,0.48,0.14,0.48,2.2,2.2,3.6,5.9,0.15,0.25,0.40,0.15,0.40,Matches
504,Gastón Silva\Gaston-Silva,uy URU,DF,Huesca,27-075,1994,11,6,578,6.4,0,0,0,0,0,2,0,0.00,0.00,0.00,0.00,0.00,0.0,0.0,0.0,0.0,0.00,0.00,0.00,0.00,0.00,Matches
505,Rui Silva\Rui-Silva,pt POR,GK,Granada,27-101,1994,32,32,2880,32.0,0,0,0,0,0,1,0,0.00,0.00,0.00,0.00,0.00,0.0,0.0,0.0,0.0,0.00,0.00,0.00,0.00,0.00,Matches
506,Unai Simón\Unai-Simon,es ESP,GK,Athletic Club,23-342,1997,37,37,3330,37.0,0,0,0,0,0,1,0,0.00,0.00,0.00,0.00,0.00,0.0,0.0,0.1,0.1,0.00,0.00,0.00,0.00,0.00,Matches
507,Dimitris Siovas\Dimitris-Siovas,gr GRE,DF,Huesca,32-245,1988,35,33,2981,33.1,2,0,2,0,0,4,0,0.06,0.00,0.06,0.06,0.06,1.7,1.7,0.0,1.8,0.05,0.00,0.05,0.05,0.05,Matches
508,Rafa Soares\Rafa-Soares,pt POR,DF,Eibar,26-010,1995,18,11,1044,11.6,0,1,0,0,0,2,0,0.00,0.09,0.09,0.00,0.09,0.0,0.0,1.0,1.1,0.00,0.09,0.09,0.00,0.09,Matches
509,Rubén Sobrino\Ruben-Sobrino,es ESP,MFFW,Valencia,28-352,1992,5,0,49,0.5,0,0,0,0,0,0,0,0.00,0.00,0.00,0.00,0.00,0.0,0.0,0.0,0.0,0.00,0.05,0.05,0.00,0.05,Matches
510,Rubén Sobrino\Ruben-Sobrino,es ESP,FWMF,Cádiz,28-352,1992,15,10,1023,11.4,1,0,1,0,0,2,0,0.09,0.00,0.09,0.09,0.09,2.4,2.4,0.7,3.1,0.21,0.07,0.27,0.21,0.27,Matches
511,Augusto Solari\Augusto-Solari,ar ARG,MF,Celta Vigo,29-136,1992,15,3,453,5.0,2,2,2,0,0,1,0,0.40,0.40,0.79,0.40,0.79,1.3,1.3,1.3,2.6,0.25,0.26,0.51,0.25,0.51,Matches
512,Roberto Soldado\Roberto-Soldado,es ESP,FW,Granada,35-357,1985,28,16,1417,15.7,9,0,7,2,2,8,1,0.57,0.00,0.57,0.44,0.44,5.8,4.4,0.7,5.0,0.37,0.04,0.41,0.28,0.32,Matches
513,Carlos Soler\Carlos-Soler,es ESP,MF,Valencia,24-137,1997,31,30,2645,29.4,11,8,4,7,9,7,0,0.37,0.27,0.65,0.14,0.41,9.5,2.6,4.5,7.1,0.32,0.15,0.48,0.09,0.24,Matches
514,Son\Son,es ESP,DFMF,Levante,27-050,1994,27,9,1027,11.4,0,0,0,0,0,3,0,0.00,0.00,0.00,0.00,0.00,0.5,0.5,1.0,1.5,0.05,0.09,0.13,0.05,0.13,Matches
515,David Soria\David-Soria,es ESP,GK,Getafe,28-045,1993,28,28,2520,28.0,0,0,0,0,0,2,0,0.00,0.00,0.00,0.00,0.00,0.0,0.0,0.1,0.1,0.00,0.00,0.00,0.00,0.00,Matches
516,Alberto Soro\Alberto-Soro,es ESP,FWMF,Granada,22-071,1999,14,2,348,3.9,1,2,1,0,0,0,0,0.26,0.52,0.78,0.26,0.78,0.7,0.7,0.4,1.1,0.19,0.09,0.28,0.19,0.28,Matches
517,Hugo Sotelo\Hugo-Sotelo,es ESP,MF,Celta Vigo,17-151,2003,1,0,1,0.0,0,0,0,0,0,0,0,0.00,0.00,0.00,0.00,0.00,0.0,0.0,0.0,0.0,0.00,0.00,0.00,0.00,0.00,Matches
518,Damián Suárez\Damian-Suarez,uy URU,DF,Getafe,33-022,1988,30,27,2371,26.3,1,0,1,0,0,13,1,0.04,0.00,0.04,0.04,0.04,0.3,0.3,0.7,1.0,0.01,0.03,0.04,0.01,0.04,Matches
519,Denis Suárez\Denis-Suarez,es ESP,MF,Celta Vigo,27-133,1994,34,33,2762,30.7,0,9,0,0,0,9,0,0.00,0.29,0.29,0.00,0.29,0.9,0.9,4.7,5.5,0.03,0.15,0.18,0.03,0.18,Matches
520,Luis Suárez\Luis-Suarez,uy URU,FW,Atlético Madrid,34-115,1987,31,29,2418,26.9,20,3,17,3,3,6,0,0.74,0.11,0.86,0.63,0.74,14.8,12.5,2.9,15.4,0.55,0.11,0.66,0.46,0.57,Matches
521,Suso\Suso,es ESP,FW,Sevilla,27-181,1993,33,27,2137,23.7,3,4,3,0,0,2,0,0.13,0.17,0.29,0.13,0.29,2.0,2.0,4.5,6.5,0.08,0.19,0.28,0.08,0.28,Matches
522,Tachi\Tachi,es ESP,DF,Alavés,23-251,1997,11,7,760,8.4,0,0,0,0,0,5,1,0.00,0.00,0.00,0.00,0.00,0.1,0.1,0.1,0.2,0.01,0.02,0.03,0.01,0.03,Matches
523,Renato Tapia\Renato-Tapia,pe PER,MF,Celta Vigo,25-295,1995,32,32,2701,30.0,0,1,0,0,0,11,0,0.00,0.03,0.03,0.00,0.03,0.9,0.9,0.9,1.8,0.03,0.03,0.06,0.03,0.06,Matches
524,Tomás Tavares\Tomas-Tavares,pt POR,MFDF,Alavés,20-073,2001,3,0,65,0.7,0,0,0,0,0,0,0,0.00,0.00,0.00,0.00,0.00,0.0,0.0,0.0,0.0,0.00,0.00,0.00,0.00,0.00,Matches
525,Álvaro Tejero\Alvaro-Tejero,es ESP,DF,Eibar,24-303,1996,2,1,110,1.2,0,0,0,0,0,1,0,0.00,0.00,0.00,0.00,0.00,0.0,0.0,0.2,0.2,0.03,0.16,0.18,0.03,0.18,Matches
526,Cristian Tello\Cristian-Tello,es ESP,FWMF,Betis,29-281,1991,28,12,1253,13.9,5,3,5,0,0,0,0,0.36,0.22,0.57,0.36,0.57,2.3,2.3,2.7,5.0,0.16,0.20,0.36,0.16,0.36,Matches
527,Marc-André ter Stegen\Marc-Andre-ter-Stegen,de GER,GK,Barcelona,29-019,1992,31,31,2790,31.0,0,0,0,0,0,1,0,0.00,0.00,0.00,0.00,0.00,0.1,0.1,0.0,0.1,0.00,0.00,0.00,0.00,0.00,Matches
528,David Timor\David-Timor,es ESP,MFDF,Getafe,31-214,1989,30,15,1395,15.5,0,0,0,0,0,5,1,0.00,0.00,0.00,0.00,0.00,0.5,0.5,0.9,1.4,0.03,0.06,0.09,0.03,0.09,Matches
529,Toño\Tono,es ESP,DF,Levante,31-193,1989,11,8,665,7.4,0,1,0,0,0,2,0,0.00,0.14,0.14,0.00,0.14,0.0,0.0,0.1,0.1,0.01,0.01,0.02,0.01,0.02,Matches
530,Lucas Torreira\Lucas-Torreira,uy URU,MFFW,Atlético Madrid,25-097,1996,19,3,518,5.8,1,0,1,0,0,2,0,0.17,0.00,0.17,0.17,0.17,0.2,0.2,0.6,0.8,0.04,0.10,0.14,0.04,0.14,Matches
531,Óliver Torres\Oliver-Torres,es ESP,MFFW,Sevilla,26-190,1994,32,15,1365,15.2,0,2,0,0,0,2,0,0.00,0.13,0.13,0.00,0.13,0.8,0.8,1.7,2.5,0.05,0.11,0.16,0.05,0.16,Matches
532,Pau Torres\Pau-Torres,es ESP,DF,Villarreal,24-123,1997,32,32,2880,32.0,2,2,2,0,0,2,0,0.06,0.06,0.12,0.06,0.12,1.2,1.2,1.1,2.3,0.04,0.03,0.07,0.04,0.07,Matches
533,Roberto Torres\Roberto-Torres,es ESP,MFFW,Osasuna,32-073,1989,34,18,1804,20.0,7,1,3,4,5,0,0,0.35,0.05,0.40,0.15,0.20,6.1,2.3,1.5,3.8,0.30,0.07,0.38,0.11,0.19,Matches
534,Lucas Torró\Lucas-Torro,es ESP,MF,Osasuna,26-304,1994,24,16,1503,16.7,0,1,0,0,0,4,0,0.00,0.06,0.06,0.00,0.06,1.5,1.5,0.6,2.1,0.09,0.03,0.12,0.09,0.12,Matches
535,Manu Trigueros\Manu-Trigueros,es ESP,MF,Villarreal,29-214,1991,34,29,2442,27.1,1,6,1,0,0,6,1,0.04,0.22,0.26,0.04,0.26,2.7,2.7,5.1,7.8,0.10,0.19,0.29,0.10,0.29,Matches
536,Francisco Trincão\Francisco-Trincao,pt POR,FWMF,Barcelona,21-141,1999,27,2,661,7.3,3,2,3,0,0,1,0,0.41,0.27,0.68,0.41,0.68,3.1,3.1,1.0,4.1,0.42,0.13,0.56,0.42,0.56,Matches
537,Kieran Trippier\Kieran-Trippier,eng ENG,DF,Atlético Madrid,30-242,1990,27,27,2385,26.5,0,6,0,0,0,0,0,0.00,0.23,0.23,0.00,0.23,0.1,0.1,3.6,3.7,0.00,0.13,0.14,0.00,0.14,Matches
538,Samuel Umtiti\Samuel-Umtiti,fr FRA,DF,Barcelona,27-186,1993,12,6,600,6.7,0,0,0,0,0,1,0,0.00,0.00,0.00,0.00,0.00,0.1,0.1,0.0,0.1,0.02,0.00,0.02,0.02,0.02,Matches
539,Enes Ünal\Enes-Unal,tr TUR,FW,Getafe,24-009,1997,27,14,1237,13.7,4,2,3,1,1,4,0,0.29,0.15,0.44,0.22,0.36,3.8,3.0,1.3,4.3,0.27,0.09,0.37,0.22,0.31,Matches
540,Tomáš Vaclík\Tomas-Vaclik,cz CZE,GK,Sevilla,32-051,1989,4,4,360,4.0,0,0,0,0,0,0,0,0.00,0.00,0.00,0.00,0.00,0.0,0.0,0.0,0.0,0.00,0.00,0.00,0.00,0.00,Matches
541,Eugeni Valderrama\Eugeni-Valderrama,es ESP,FWMF,Huesca,26-304,1994,3,1,115,1.3,0,0,0,0,0,0,0,0.00,0.00,0.00,0.00,0.00,0.0,0.0,0.1,0.1,0.00,0.06,0.06,0.00,0.06,Matches
542,Jesús Vallejo\Jesus-Vallejo,es ESP,DF,Granada,24-134,1997,20,14,1303,14.5,0,0,0,0,0,2,1,0.00,0.00,0.00,0.00,0.00,0.1,0.1,0.0,0.1,0.01,0.00,0.01,0.01,0.01,Matches
543,Manu Vallejo\Manu-Vallejo,es ESP,FW,Valencia,24-094,1997,29,9,939,10.4,5,0,5,0,0,2,0,0.48,0.00,0.48,0.48,0.48,4.5,4.5,0.3,4.9,0.43,0.03,0.47,0.43,0.47,Matches
544,Federico Valverde\Federico-Valverde,uy URU,MF,Real Madrid,22-301,1998,23,14,1240,13.8,3,1,3,0,0,0,0,0.22,0.07,0.29,0.22,0.29,2.0,2.0,3.2,5.1,0.14,0.23,0.37,0.14,0.37,Matches
545,Raphaël Varane\Raphael-Varane,fr FRA,DF,Real Madrid,28-024,1993,30,30,2625,29.2,2,0,2,0,0,2,0,0.07,0.00,0.07,0.07,0.07,2.1,2.1,0.1,2.2,0.07,0.00,0.08,0.07,0.08,Matches
546,Denis Vavro\Denis-Vavro,sk SVK,DF,Huesca,25-039,1996,10,8,543,6.0,0,0,0,0,0,1,0,0.00,0.00,0.00,0.00,0.00,0.2,0.2,0.1,0.3,0.04,0.01,0.05,0.04,0.05,Matches
547,Franco Vázquez\Franco-Vazquez,ar ARG,FWMF,Sevilla,32-086,1989,14,0,109,1.2,1,0,1,0,0,1,0,0.83,0.00,0.83,0.83,0.83,0.3,0.3,0.2,0.5,0.26,0.15,0.42,0.26,0.42,Matches
548,Kevin Vázquez\Kevin-Vazquez,es ESP,DF,Celta Vigo,28-057,1993,7,4,477,5.3,0,0,0,0,0,3,0,0.00,0.00,0.00,0.00,0.00,0.0,0.0,0.0,0.0,0.01,0.00,0.01,0.01,0.01,Matches
549,Lucas Vázquez\Lucas-Vazquez,es ESP,DFFW,Real Madrid,29-322,1991,24,21,1848,20.5,2,5,2,0,0,3,0,0.10,0.24,0.34,0.10,0.34,2.2,2.2,4.3,6.5,0.11,0.21,0.32,0.11,0.32,Matches
550,Koke Vegas\Koke-Vegas,es ESP,GK,Levante,25-234,1995,1,1,90,1.0,0,0,0,0,0,1,0,0.00,0.00,0.00,0.00,0.00,0.0,0.0,0.0,0.0,0.00,0.00,0.00,0.00,0.00,Matches
551,Gabriel Veiga\Gabriel-Veiga,es ESP,MFDF,Celta Vigo,18-357,2002,5,1,113,1.3,0,0,0,0,0,0,0,0.00,0.00,0.00,0.00,0.00,0.0,0.0,0.0,0.0,0.00,0.03,0.03,0.00,0.03,Matches
552,Unai Vencedor Paris\Unai-Vencedor-Paris,es ESP,MF,Athletic Club,20-185,2000,27,19,1667,18.5,0,0,0,0,0,6,0,0.00,0.00,0.00,0.00,0.00,0.5,0.5,0.2,0.7,0.02,0.01,0.04,0.02,0.04,Matches
553,Gonzalo Verdú\Gonzalo-Verdu,es ESP,DF,Elche,32-210,1988,32,32,2880,32.0,0,2,0,0,0,11,0,0.00,0.06,0.06,0.00,0.06,0.7,0.7,1.3,1.9,0.02,0.04,0.06,0.02,0.06,Matches
554,Mikel Vesga\Mikel-Vesga,es ESP,MF,Athletic Club,27-363,1993,29,19,1666,18.5,0,1,0,0,0,7,0,0.00,0.05,0.05,0.00,0.05,1.6,1.6,1.0,2.6,0.09,0.06,0.14,0.09,0.14,Matches
555,Rúben Vezo\Ruben-Vezo,pt POR,DF,Levante,27-024,1994,32,25,2316,25.7,1,0,1,0,0,7,0,0.04,0.00,0.04,0.04,0.04,0.3,0.3,0.2,0.5,0.01,0.01,0.02,0.01,0.02,Matches
556,Iñigo Vicente\Inigo-Vicente,es ESP,FW,Athletic Club,23-133,1998,2,0,33,0.4,0,0,0,0,0,0,0,0.00,0.00,0.00,0.00,0.00,0.0,0.0,0.2,0.2,0.10,0.56,0.65,0.10,0.65,Matches
557,Fede Vico\Fede-Vico,es ESP,MFFW,Granada,26-319,1994,19,8,678,7.5,0,0,0,0,0,1,0,0.00,0.00,0.00,0.00,0.00,0.5,0.5,0.9,1.5,0.07,0.12,0.20,0.07,0.20,Matches
558,Aleix Vidal\Aleix-Vidal,es ESP,DF,Sevilla,31-271,1989,11,4,505,5.6,0,1,0,0,0,1,0,0.00,0.18,0.18,0.00,0.18,0.0,0.0,1.0,1.0,0.00,0.17,0.18,0.00,0.18,Matches
559,Nacho Vidal\Nacho-Vidal,es ESP,DF,Osasuna,26-115,1995,33,24,2258,25.1,0,0,0,0,0,10,0,0.00,0.00,0.00,0.00,0.00,0.5,0.5,1.7,2.2,0.02,0.07,0.09,0.02,0.09,Matches
560,Toni Villa\Toni-Villa,es ESP,MFFW,Valladolid,26-132,1995,20,9,908,10.1,2,0,2,0,0,2,0,0.20,0.00,0.20,0.20,0.20,0.9,0.9,1.3,2.2,0.09,0.13,0.22,0.09,0.22,Matches
561,Asier Villalibre\Asier-Villalibre,es ESP,FW,Athletic Club,23-231,1997,34,15,1499,16.7,4,2,4,0,0,1,0,0.24,0.12,0.36,0.24,0.36,4.9,4.9,2.0,6.9,0.30,0.12,0.42,0.30,0.42,Matches
562,Iván Villar\Ivan-Villar,es ESP,GK,Celta Vigo,23-314,1997,20,18,1691,18.8,0,0,0,0,0,1,0,0.00,0.00,0.00,0.00,0.00,0.0,0.0,0.0,0.0,0.00,0.00,0.00,0.00,0.00,Matches
563,Vitolo\Vitolo,es ESP,MFFW,Atlético Madrid,31-198,1989,10,3,298,3.3,0,0,0,0,0,1,0,0.00,0.00,0.00,0.00,0.00,0.5,0.5,0.2,0.7,0.15,0.07,0.22,0.15,0.22,Matches
564,Šime Vrsaljko\Sime-Vrsaljko,hr CRO,DF,Atlético Madrid,29-129,1992,9,6,519,5.8,0,0,0,0,0,2,0,0.00,0.00,0.00,0.00,0.00,0.0,0.0,0.0,0.0,0.00,0.00,0.00,0.00,0.00,Matches
565,Nikola Vukčević\Nikola-Vukcevic,me MNE,MF,Levante,29-157,1991,13,11,810,9.0,0,0,0,0,0,4,0,0.00,0.00,0.00,0.00,0.00,0.1,0.1,0.2,0.3,0.02,0.02,0.04,0.02,0.04,Matches
566,Daniel Wass\Daniel-Wass,dk DEN,MFDF,Valencia,31-353,1989,35,35,2979,33.1,4,1,3,1,1,8,0,0.12,0.03,0.15,0.09,0.12,3.2,2.4,2.4,4.8,0.10,0.07,0.17,0.07,0.14,Matches
567,Shon Weissman\Shon-Weissman,il ISR,FW,Valladolid,25-094,1996,31,23,2043,22.7,6,1,6,0,0,3,0,0.26,0.04,0.31,0.26,0.31,5.0,5.0,1.7,6.7,0.22,0.07,0.30,0.22,0.30,Matches
568,Iñaki Williams\Inaki-Williams,es ESP,FW,Athletic Club,26-338,1994,37,27,2353,26.1,6,6,5,1,1,1,0,0.23,0.23,0.46,0.19,0.42,6.9,6.2,4.6,10.8,0.26,0.18,0.44,0.24,0.41,Matches
569,Nico Williams\Nico-Williams,es ESP,MF,Athletic Club,18-311,2002,2,0,57,0.6,0,0,0,0,0,0,0,0.00,0.00,0.00,0.00,0.00,0.0,0.0,0.0,0.0,0.03,0.00,0.03,0.03,0.03,Matches
570,Jawad El Yamiq\Jawad-El-Yamiq,ma MAR,DF,Valladolid,29-079,1992,18,14,1289,14.3,0,1,0,0,0,5,0,0.00,0.07,0.07,0.00,0.07,0.3,0.3,0.0,0.4,0.02,0.00,0.03,0.02,0.03,Matches
571,Rubén Yáñez\Ruben-Yanez,es ESP,GK,Getafe,27-219,1993,9,9,810,9.0,0,0,0,0,0,2,0,0.00,0.00,0.00,0.00,0.00,0.0,0.0,0.0,0.0,0.00,0.00,0.00,0.00,0.00,Matches
572,Yoel\Yoel,es ESP,GK,Eibar,32-264,1988,3,2,210,2.3,0,0,0,0,0,0,0,0.00,0.00,0.00,0.00,0.00,0.0,0.0,0.0,0.0,0.00,0.00,0.00,0.00,0.00,Matches
573,Okay Yokuşlu\Okay-Yokuslu,tr TUR,MF,Celta Vigo,27-071,1994,12,3,462,5.1,0,0,0,0,0,4,1,0.00,0.00,0.00,0.00,0.00,0.4,0.4,0.3,0.7,0.08,0.05,0.14,0.08,0.14,Matches
574,Joseba Zaldúa\Joseba-Zaldua,es ESP,DF,Real Sociedad,28-329,1992,12,6,639,7.1,0,0,0,0,0,3,0,0.00,0.00,0.00,0.00,0.00,0.1,0.1,0.8,0.8,0.01,0.11,0.11,0.01,0.11,Matches
575,Oier Zarraga\Oier-Zarraga,es ESP,MF,Athletic Club,22-135,1999,5,1,100,1.1,0,0,0,0,0,0,0,0.00,0.00,0.00,0.00,0.00,0.1,0.1,0.0,0.1,0.08,0.04,0.13,0.08,0.13,Matches
576,Igor Zubeldia\Igor-Zubeldia,es ESP,DF,Real Sociedad,24-050,1997,24,21,1959,21.8,1,1,1,0,0,5,0,0.05,0.05,0.09,0.05,0.09,1.0,1.0,0.7,1.8,0.05,0.03,0.08,0.05,0.08,Matches
577,Martín Zubimendi\Martin-Zubimendi,es ESP,MF,Real Sociedad,22-106,1999,30,16,1792,19.9,0,0,0,0,0,6,0,0.00,0.00,0.00,0.00,0.00,0.6,0.6,0.3,0.8,0.03,0.01,0.04,0.03,0.04,Matches
578,Martin Ødegaard\Martin-Odegaard,no NOR,MFFW,Real Madrid,22-153,1998,7,3,234,2.6,0,0,0,0,0,0,0,0.00,0.00,0.00,0.00,0.00,0.1,0.1,0.4,0.5,0.04,0.15,0.19,0.04,0.19,Matches